scope,monkey,space,feature_set,model,maze_a,maze_b,d,n_trials,train_bacc,cv_bacc,train_bacc_std,cv_bacc_std
all,Faure,deg,"Codebook occupancy (ms), K=6",Logistic (L2),1,1,6,303,nan,0.5200984663645869,nan,nan
all,Faure,deg,"Codebook occupancy (ms), K=6",Logistic (L2),2,2,6,304,nan,0.48881578947368415,nan,nan
all,Faure,deg,"Codebook occupancy (ms), K=6",Logistic (L2),3,3,6,355,nan,0.5004094458198438,nan,nan
all,Faure,deg,"Codebook occupancy (ms), K=6",Logistic (L2),4,4,6,338,nan,0.5118343195266272,nan,nan
all,Faure,deg,"Codebook occupancy (ms), K=6",Logistic (L2),5,5,6,399,nan,0.5152336683417085,nan,nan
all,Faure,deg,"Codebook occupancy (ms), K=6",Logistic (L2),6,6,6,427,nan,0.505306919398008,nan,nan
all,Faure,deg,"Codebook occupancy (ms), K=6",Logistic (L2),1,2,6,607,0.5432788344623936,0.5107423571304499,0.013731483608867693,0.032252359562725194
all,Faure,deg,"Codebook occupancy (ms), K=6",Logistic (L2),1,3,6,658,0.5690919444057082,0.5427415981034722,0.019923478404108706,0.07341810135390628
all,Faure,deg,"Codebook occupancy (ms), K=6",Logistic (L2),1,4,6,641,0.5903880328861288,0.5837873728201222,0.019125935495298417,0.04491163496258256
all,Faure,deg,"Codebook occupancy (ms), K=6",Logistic (L2),1,5,6,702,0.6393365840343432,0.6284647261718652,0.005214523898864469,0.031088844361241163
all,Faure,deg,"Codebook occupancy (ms), K=6",Logistic (L2),1,6,6,730,0.6434638780037254,0.6329909337537969,0.011378555575726423,0.06004038974114973
all,Faure,deg,"Codebook occupancy (ms), K=6",Logistic (L2),2,3,6,659,0.6062025111193476,0.5936990363232024,0.010782188136889838,0.054947861549285194
all,Faure,deg,"Codebook occupancy (ms), K=6",Logistic (L2),2,4,6,642,0.6130050996574277,0.5996476954219869,0.014975869680262571,0.035600893790736436
all,Faure,deg,"Codebook occupancy (ms), K=6",Logistic (L2),2,5,6,703,0.6798049812030076,0.6775532581453634,0.008296351823015847,0.040092798205807016
all,Faure,deg,"Codebook occupancy (ms), K=6",Logistic (L2),2,6,6,731,0.6768188401331197,0.6683024158757549,0.01077917748313985,0.03603464383939164
all,Faure,deg,"Codebook occupancy (ms), K=6",Logistic (L2),3,4,6,693,0.5852143928660721,0.5398033169430786,0.015821458643379496,0.02428060958271905
all,Faure,deg,"Codebook occupancy (ms), K=6",Logistic (L2),3,5,6,754,0.5844408556602775,0.5832291997599632,0.015073315005466378,0.04664428310796568
all,Faure,deg,"Codebook occupancy (ms), K=6",Logistic (L2),3,6,6,782,0.5889954480984266,0.5617376389484448,0.011711702198444127,0.03918293164276182
all,Faure,deg,"Codebook occupancy (ms), K=6",Logistic (L2),4,5,6,737,0.603125787842387,0.5988529014844804,0.006143761656510729,0.024464185838135047
all,Faure,deg,"Codebook occupancy (ms), K=6",Logistic (L2),4,6,6,765,0.6057189972700692,0.5964275321147956,0.014733269636807057,0.0443314503174652
all,Faure,deg,"Codebook occupancy (ms), K=6",Logistic (L2),5,6,6,826,0.5256327293643945,0.4833394962816878,0.017104074194024193,0.03249756869298002
all,Faure,deg,"Codebook occupancy (ms), K=6",Random forest,1,1,6,303,nan,0.5009846636458697,nan,nan
all,Faure,deg,"Codebook occupancy (ms), K=6",Random forest,2,2,6,304,nan,0.49144736842105263,nan,nan
all,Faure,deg,"Codebook occupancy (ms), K=6",Random forest,3,3,6,355,nan,0.5014314733701517,nan,nan
all,Faure,deg,"Codebook occupancy (ms), K=6",Random forest,4,4,6,338,nan,0.5,nan,nan
all,Faure,deg,"Codebook occupancy (ms), K=6",Random forest,5,5,6,399,nan,0.5418668341708544,nan,nan
all,Faure,deg,"Codebook occupancy (ms), K=6",Random forest,6,6,6,427,nan,0.5104997586766707,nan,nan
all,Faure,deg,"Codebook occupancy (ms), K=6",Random forest,1,2,6,607,0.937415863296856,0.5486093017196456,0.009761100778394555,0.044656190234126834
all,Faure,deg,"Codebook occupancy (ms), K=6",Random forest,1,3,6,658,0.9331729651838424,0.5067958908566913,0.009906033972954743,0.03100859926133828
all,Faure,deg,"Codebook occupancy (ms), K=6",Random forest,1,4,6,641,0.933770041205304,0.5213056808639445,0.003818509931964344,0.03458761646908851
all,Faure,deg,"Codebook occupancy (ms), K=6",Random forest,1,5,6,702,0.9138719323060125,0.6089108910891089,0.0066568374032426525,0.015788434076114386
all,Faure,deg,"Codebook occupancy (ms), K=6",Random forest,1,6,6,730,0.9040276392978877,0.616752073333797,0.00729978453808013,0.027424713974705944
all,Faure,deg,"Codebook occupancy (ms), K=6",Random forest,2,3,6,659,0.9228433098591549,0.5650389177168273,0.007782362262495092,0.07815065458531333
all,Faure,deg,"Codebook occupancy (ms), K=6",Random forest,2,4,6,642,0.912772987387107,0.5961733104951729,0.008603679465542,0.026199781607865114
all,Faure,deg,"Codebook occupancy (ms), K=6",Random forest,2,5,6,703,0.9038024749373434,0.618812656641604,0.00929621659901841,0.04426365073584519
all,Faure,deg,"Codebook occupancy (ms), K=6",Random forest,2,6,6,731,0.903680820904721,0.6663533834586466,0.0067325692863791356,0.048722729778479544
all,Faure,deg,"Codebook occupancy (ms), K=6",Random forest,3,4,6,693,0.930780690057505,0.5409909159096591,0.003529385552653981,0.050519844799042965
all,Faure,deg,"Codebook occupancy (ms), K=6",Random forest,3,5,6,754,0.9208981961947121,0.544392671820396,0.011795240057011982,0.036656265673661245
all,Faure,deg,"Codebook occupancy (ms), K=6",Random forest,3,6,6,782,0.9073110795923078,0.5703928488966586,0.010067726659537186,0.034784634980309245
all,Faure,deg,"Codebook occupancy (ms), K=6",Random forest,4,5,6,737,0.9165832480609808,0.5744390562204327,0.014393538049756384,0.019849389254088266
all,Faure,deg,"Codebook occupancy (ms), K=6",Random forest,4,6,6,765,0.9141743344927455,0.5785478707925114,0.005463266874231787,0.03374294589996059
all,Faure,deg,"Codebook occupancy (ms), K=6",Random forest,5,6,6,826,0.9252845227823657,0.49303586835942315,0.005054201135612433,0.013699895271751696
all,Faure,deg,"Codebook occupancy (ms), K=12",Logistic (L2),1,1,12,303,nan,0.49702422446845584,nan,nan
all,Faure,deg,"Codebook occupancy (ms), K=12",Logistic (L2),2,2,12,304,nan,0.49868421052631573,nan,nan
all,Faure,deg,"Codebook occupancy (ms), K=12",Logistic (L2),3,3,12,355,nan,0.5143559956833619,nan,nan
all,Faure,deg,"Codebook occupancy (ms), K=12",Logistic (L2),4,4,12,338,nan,0.4988165680473372,nan,nan
all,Faure,deg,"Codebook occupancy (ms), K=12",Logistic (L2),5,5,12,399,nan,0.5031909547738694,nan,nan
all,Faure,deg,"Codebook occupancy (ms), K=12",Logistic (L2),6,6,12,427,nan,0.5058509938133474,nan,nan
all,Faure,deg,"Codebook occupancy (ms), K=12",Logistic (L2),1,2,12,607,0.5997169207052284,0.5519584853222165,0.008352450004098682,0.036592824875008
all,Faure,deg,"Codebook occupancy (ms), K=12",Logistic (L2),1,3,12,658,0.5745700274252777,0.5271324315530144,0.009584132934331085,0.07266772312535896
all,Faure,deg,"Codebook occupancy (ms), K=12",Logistic (L2),1,4,12,641,0.6180112094049641,0.5947673169683831,0.015347656471065618,0.06299499285964373
all,Faure,deg,"Codebook occupancy (ms), K=12",Logistic (L2),1,5,12,702,0.6386076577582571,0.6249162510235986,0.007263815870092381,0.02413899752773988
all,Faure,deg,"Codebook occupancy (ms), K=12",Logistic (L2),1,6,12,730,0.6269380743694979,0.5886528933923837,0.01404823269022397,0.041801986868369084
all,Faure,deg,"Codebook occupancy (ms), K=12",Logistic (L2),2,3,12,659,0.6202441623424759,0.5925268717568569,0.014782800874563504,0.04513255805927698
all,Faure,deg,"Codebook occupancy (ms), K=12",Logistic (L2),2,4,12,642,0.634386678604796,0.6093506695733417,0.003720323468665403,0.052720480298067064
all,Faure,deg,"Codebook occupancy (ms), K=12",Logistic (L2),2,5,12,703,0.7035166040100251,0.6788063909774436,0.01674269781877365,0.07562835168214752
all,Faure,deg,"Codebook occupancy (ms), K=12",Logistic (L2),2,6,12,731,0.7047745516455073,0.6788410575619377,0.0063479882082643395,0.02141028292704069
all,Faure,deg,"Codebook occupancy (ms), K=12",Logistic (L2),3,4,12,693,0.6053712809400784,0.5855112926077173,0.011614302117029804,0.028111550316160607
all,Faure,deg,"Codebook occupancy (ms), K=12",Logistic (L2),3,5,12,754,0.5991572240460306,0.5808782519679481,0.013616088964083032,0.04156350469179388
all,Faure,deg,"Codebook occupancy (ms), K=12",Logistic (L2),3,6,12,782,0.5902975228419698,0.5549328759441897,0.013635216695523308,0.05716234599302959
all,Faure,deg,"Codebook occupancy (ms), K=12",Logistic (L2),4,5,12,737,0.6267916462754519,0.614012842757782,0.008739813070920832,0.024157358458053134
all,Faure,deg,"Codebook occupancy (ms), K=12",Logistic (L2),4,6,12,765,0.637735924227097,0.6145462356055043,0.01206941326562942,0.042273950778531605
all,Faure,deg,"Codebook occupancy (ms), K=12",Logistic (L2),5,6,12,826,0.5334904885163729,0.46113233904433215,0.013382007717058848,0.025150051421563145
all,Faure,deg,"Codebook occupancy (ms), K=12",Random forest,1,1,12,303,nan,0.5168089926803765,nan,nan
all,Faure,deg,"Codebook occupancy (ms), K=12",Random forest,2,2,12,304,nan,0.488157894736842,nan,nan
all,Faure,deg,"Codebook occupancy (ms), K=12",Random forest,3,3,12,355,nan,0.4867739478194629,nan,nan
all,Faure,deg,"Codebook occupancy (ms), K=12",Random forest,4,4,12,338,nan,0.478698224852071,nan,nan
all,Faure,deg,"Codebook occupancy (ms), K=12",Random forest,5,5,12,399,nan,0.519321608040201,nan,nan
all,Faure,deg,"Codebook occupancy (ms), K=12",Random forest,6,6,12,427,nan,0.49369926725461805,nan,nan
all,Faure,deg,"Codebook occupancy (ms), K=12",Random forest,1,2,12,607,0.962519812836547,0.5552099617856523,0.007803634685681781,0.03218429630894588
all,Faure,deg,"Codebook occupancy (ms), K=12",Random forest,1,3,12,658,0.9716578347975642,0.5489332031794729,0.01163157754097418,0.04981160454021914
all,Faure,deg,"Codebook occupancy (ms), K=12",Random forest,1,4,12,641,0.9564720155447497,0.5770109555334232,0.006264554638217816,0.04260543742521102
all,Faure,deg,"Codebook occupancy (ms), K=12",Random forest,1,5,12,702,0.9357831459837713,0.6498920568748604,0.008042735919093862,0.042906221619953035
all,Faure,deg,"Codebook occupancy (ms), K=12",Random forest,1,6,12,730,0.9370966370641747,0.6460801817886708,0.009340156910649799,0.03545242676298379
all,Faure,deg,"Codebook occupancy (ms), K=12",Random forest,2,3,12,659,0.9612467568569311,0.596024833209785,0.004337748629625545,0.07257277428538596
all,Faure,deg,"Codebook occupancy (ms), K=12",Random forest,2,4,12,642,0.9415923777639366,0.6136133603238867,0.008758155046069421,0.046965059792821555
all,Faure,deg,"Codebook occupancy (ms), K=12",Random forest,2,5,12,703,0.930235745614035,0.6846804511278195,0.0063177957371948965,0.06598731049791319
all,Faure,deg,"Codebook occupancy (ms), K=12",Random forest,2,6,12,731,0.9336635646493283,0.6918641378035252,0.0065162783316335664,0.03676267954534413
all,Faure,deg,"Codebook occupancy (ms), K=12",Random forest,3,4,12,693,0.9610155012917743,0.5506375531294274,0.0041075611474647574,0.05202843906166356
all,Faure,deg,"Codebook occupancy (ms), K=12",Random forest,3,5,12,754,0.9554987821666842,0.5979561580006354,0.0067326784643909855,0.04152447969222566
all,Faure,deg,"Codebook occupancy (ms), K=12",Random forest,3,6,12,782,0.952209156578817,0.6048091829666524,0.007110305315189619,0.053966613165343534
all,Faure,deg,"Codebook occupancy (ms), K=12",Random forest,4,5,12,737,0.9479449363052601,0.584219424300396,0.005206467476823403,0.03194750228044898
all,Faure,deg,"Codebook occupancy (ms), K=12",Random forest,4,6,12,765,0.9360700774635201,0.5922910632872802,0.007214101110550249,0.04819065664547266
all,Faure,deg,"Codebook occupancy (ms), K=12",Random forest,5,6,12,826,0.9672182505443938,0.525062656641604,0.006717169093704858,0.02484834975738048
all,Faure,deg,"Codebook occupancy (binary), K=6",Logistic (L2),1,1,6,303,nan,0.5071061345416522,nan,nan
all,Faure,deg,"Codebook occupancy (binary), K=6",Logistic (L2),2,2,6,304,nan,0.49210526315789477,nan,nan
all,Faure,deg,"Codebook occupancy (binary), K=6",Logistic (L2),3,3,6,355,nan,0.48955437059607687,nan,nan
all,Faure,deg,"Codebook occupancy (binary), K=6",Logistic (L2),4,4,6,338,nan,0.5189349112426036,nan,nan
all,Faure,deg,"Codebook occupancy (binary), K=6",Logistic (L2),5,5,6,399,nan,0.4837361809045226,nan,nan
all,Faure,deg,"Codebook occupancy (binary), K=6",Logistic (L2),6,6,6,427,nan,0.5030450616471415,nan,nan
all,Faure,deg,"Codebook occupancy (binary), K=6",Logistic (L2),1,2,6,607,0.5662942939030746,0.543620809449366,0.014512688830887858,0.04851194652020587
all,Faure,deg,"Codebook occupancy (binary), K=6",Logistic (L2),1,3,6,658,0.5389892158229908,0.5241481894668341,0.007051555334580415,0.04717590505257235
all,Faure,deg,"Codebook occupancy (binary), K=6",Logistic (L2),1,4,6,641,0.5549900404241608,0.527222840627258,0.02535859623791052,0.04397965648873078
all,Faure,deg,"Codebook occupancy (binary), K=6",Logistic (L2),1,5,6,702,0.5898967716320505,0.5927318295739348,0.012736416725548013,0.04078771188462076
all,Faure,deg,"Codebook occupancy (binary), K=6",Logistic (L2),1,6,6,730,0.5899562145910142,0.5862568692466437,0.01846755632445346,0.08270546259584237
all,Faure,deg,"Codebook occupancy (binary), K=6",Logistic (L2),2,3,6,659,0.5941947739065975,0.5885563380281691,0.010983220213812074,0.043335415963097555
all,Faure,deg,"Codebook occupancy (binary), K=6",Logistic (L2),2,4,6,642,0.5462448419495485,0.5321064310183743,0.006642282600037513,0.02443214302116461
all,Faure,deg,"Codebook occupancy (binary), K=6",Logistic (L2),2,5,6,703,0.6441102756892231,0.6401942355889725,0.007609112860904704,0.03133837691978177
all,Faure,deg,"Codebook occupancy (binary), K=6",Logistic (L2),2,6,6,731,0.6159260215086897,0.6096465549118699,0.010456874836169085,0.03936038628582606
all,Faure,deg,"Codebook occupancy (binary), K=6",Logistic (L2),3,4,6,693,0.5856331777648138,0.5767063921993499,0.011493965325481024,0.06456817597243858
all,Faure,deg,"Codebook occupancy (binary), K=6",Logistic (L2),3,5,6,754,0.5723622436372622,0.5337251579653359,0.01277031286779846,0.03818275522630448
all,Faure,deg,"Codebook occupancy (binary), K=6",Logistic (L2),3,6,6,782,0.5781640663654055,0.5753471649569548,0.010246370361358403,0.04659642637181914
all,Faure,deg,"Codebook occupancy (binary), K=6",Logistic (L2),4,5,6,737,0.5972837048241906,0.587611780931619,0.004490217320185902,0.03372720538073466
all,Faure,deg,"Codebook occupancy (binary), K=6",Logistic (L2),4,6,6,765,0.6079050205784128,0.5930359048265732,0.01022221173969273,0.02784728974905067
all,Faure,deg,"Codebook occupancy (binary), K=6",Logistic (L2),5,6,6,826,0.5441061670569867,0.49854143555610336,0.018958418488676368,0.03591380893129205
all,Faure,deg,"Codebook occupancy (binary), K=6",Random forest,1,1,6,303,nan,0.5141991983269432,nan,nan
all,Faure,deg,"Codebook occupancy (binary), K=6",Random forest,2,2,6,304,nan,0.5078947368421053,nan,nan
all,Faure,deg,"Codebook occupancy (binary), K=6",Random forest,3,3,6,355,nan,0.4891322287818194,nan,nan
all,Faure,deg,"Codebook occupancy (binary), K=6",Random forest,4,4,6,338,nan,0.527810650887574,nan,nan
all,Faure,deg,"Codebook occupancy (binary), K=6",Random forest,5,5,6,399,nan,0.5062738693467336,nan,nan
all,Faure,deg,"Codebook occupancy (binary), K=6",Random forest,6,6,6,427,nan,0.49374314422359705,nan,nan
all,Faure,deg,"Codebook occupancy (binary), K=6",Random forest,1,2,6,607,0.5843565442070523,0.5534729459788084,0.014377160629486402,0.05489843803979033
all,Faure,deg,"Codebook occupancy (binary), K=6",Random forest,1,3,6,658,0.5619788035141542,0.5145307488495329,0.01332961266587805,0.05119160283500869
all,Faure,deg,"Codebook occupancy (binary), K=6",Random forest,1,4,6,641,0.5828683090202511,0.5301228347686839,0.01336017024757643,0.05008137051033863
all,Faure,deg,"Codebook occupancy (binary), K=6",Random forest,1,5,6,702,0.602837539393037,0.5669123303307775,0.010418124909054369,0.0400093797598623
all,Faure,deg,"Codebook occupancy (binary), K=6",Random forest,1,6,6,730,0.6085621149937008,0.5816812360392949,0.019456239513744093,0.08281988569810962
all,Faure,deg,"Codebook occupancy (binary), K=6",Random forest,2,3,6,659,0.5997278076352854,0.5636212008895478,0.011039765839600297,0.04271200072063616
all,Faure,deg,"Codebook occupancy (binary), K=6",Random forest,2,4,6,642,0.5807599852071006,0.5467241513547181,0.005764331540319961,0.02566175216297222
all,Faure,deg,"Codebook occupancy (binary), K=6",Random forest,2,5,6,703,0.6548989661654135,0.6157581453634086,0.006858370866117157,0.045420091183258314
all,Faure,deg,"Codebook occupancy (binary), K=6",Random forest,2,6,6,731,0.6338284235178109,0.6087529274004684,0.012492946159280231,0.048177669926941155
all,Faure,deg,"Codebook occupancy (binary), K=6",Random forest,3,4,6,693,0.604957704808734,0.5631719309942496,0.0116134713541389,0.04108405266325698
all,Faure,deg,"Codebook occupancy (binary), K=6",Random forest,3,5,6,754,0.5886362031840164,0.5355572028663207,0.014271716668768678,0.05524233949729145
all,Faure,deg,"Codebook occupancy (binary), K=6",Random forest,3,6,6,782,0.5909052676716033,0.5403733878681928,0.007938141353358328,0.03931586049132566
all,Faure,deg,"Codebook occupancy (binary), K=6",Random forest,4,5,6,737,0.620841119069864,0.5912673696074506,0.010028296789594882,0.029393491775110747
all,Faure,deg,"Codebook occupancy (binary), K=6",Random forest,4,6,6,765,0.6226831963748736,0.591927303465765,0.009885460902552943,0.03812287214452799
all,Faure,deg,"Codebook occupancy (binary), K=6",Random forest,5,6,6,826,0.5740426886889355,0.5180574386786638,0.0066030798170402475,0.05221616480420277
all,Faure,deg,"Codebook occupancy (binary), K=12",Logistic (L2),1,1,12,303,nan,0.5194710700592541,nan,nan
all,Faure,deg,"Codebook occupancy (binary), K=12",Logistic (L2),2,2,12,304,nan,0.5098684210526315,nan,nan
all,Faure,deg,"Codebook occupancy (binary), K=12",Logistic (L2),3,3,12,355,nan,0.5099219196343554,nan,nan
all,Faure,deg,"Codebook occupancy (binary), K=12",Logistic (L2),4,4,12,338,nan,0.5011834319526627,nan,nan
all,Faure,deg,"Codebook occupancy (binary), K=12",Logistic (L2),5,5,12,399,nan,0.4897939698492462,nan,nan
all,Faure,deg,"Codebook occupancy (binary), K=12",Logistic (L2),6,6,12,427,nan,0.5031108771006099,nan,nan
all,Faure,deg,"Codebook occupancy (binary), K=12",Logistic (L2),1,2,12,607,0.6029303999478894,0.5848097967691506,0.011596152098114217,0.060028743227201115
all,Faure,deg,"Codebook occupancy (binary), K=12",Logistic (L2),1,3,12,658,0.5651582763910193,0.5213731232278158,0.017338181831830963,0.04061487163759963
all,Faure,deg,"Codebook occupancy (binary), K=12",Logistic (L2),1,4,12,641,0.593158650184545,0.5588054367566935,0.015348424480066491,0.057259429001597945
all,Faure,deg,"Codebook occupancy (binary), K=12",Logistic (L2),1,5,12,702,0.597440383136058,0.5675823221419887,0.017957848263034672,0.06453923105217653
all,Faure,deg,"Codebook occupancy (binary), K=12",Logistic (L2),1,6,12,730,0.6154941606572835,0.6048878892573097,0.02520465739051364,0.07405902119699072
all,Faure,deg,"Codebook occupancy (binary), K=12",Logistic (L2),2,3,12,659,0.6158867679762787,0.5845394736842104,0.01737558431010054,0.04806300418293255
all,Faure,deg,"Codebook occupancy (binary), K=12",Logistic (L2),2,4,12,642,0.5503761483961382,0.498871068203052,0.012780947693357771,0.024188416383505267
all,Faure,deg,"Codebook occupancy (binary), K=12",Logistic (L2),2,5,12,703,0.6552318295739348,0.6213189223057645,0.013226288444016781,0.0417688600236951
all,Faure,deg,"Codebook occupancy (binary), K=12",Logistic (L2),2,6,12,731,0.6274979200049303,0.59570288425983,0.008301754037714616,0.03392217418463745
all,Faure,deg,"Codebook occupancy (binary), K=12",Logistic (L2),3,4,12,693,0.6126729310775898,0.5915617968164013,0.011894821794975982,0.01840674160841971
all,Faure,deg,"Codebook occupancy (binary), K=12",Logistic (L2),3,5,12,754,0.5731600127078259,0.5511242895972325,0.01914035665653194,0.04217893815030253
all,Faure,deg,"Codebook occupancy (binary), K=12",Logistic (L2),3,6,12,782,0.5910776132203055,0.5681004057129664,0.01562214265123887,0.043212989555475555
all,Faure,deg,"Codebook occupancy (binary), K=12",Logistic (L2),4,5,12,737,0.6272393261259658,0.6031869614865566,0.008830511204014178,0.01616751193142033
all,Faure,deg,"Codebook occupancy (binary), K=12",Logistic (L2),4,6,12,765,0.6270431176641769,0.615408866039383,0.012628849917196755,0.05323264918124388
all,Faure,deg,"Codebook occupancy (binary), K=12",Logistic (L2),5,6,12,826,0.5555178930933893,0.4890094087678212,0.011806820375658101,0.013141669414078086
all,Faure,deg,"Codebook occupancy (binary), K=12",Random forest,1,1,12,303,nan,0.4984140815615197,nan,nan
all,Faure,deg,"Codebook occupancy (binary), K=12",Random forest,2,2,12,304,nan,0.5177631578947368,nan,nan
all,Faure,deg,"Codebook occupancy (binary), K=12",Random forest,3,3,12,355,nan,0.4924554053196218,nan,nan
all,Faure,deg,"Codebook occupancy (binary), K=12",Random forest,4,4,12,338,nan,0.5189349112426036,nan,nan
all,Faure,deg,"Codebook occupancy (binary), K=12",Random forest,5,5,12,399,nan,0.5242587939698492,nan,nan
all,Faure,deg,"Codebook occupancy (binary), K=12",Random forest,6,6,12,427,nan,0.49880654644377154,nan,nan
all,Faure,deg,"Codebook occupancy (binary), K=12",Random forest,1,2,12,607,0.6659515046899427,0.5716301893347229,0.009610001326921256,0.019978685004759297
all,Faure,deg,"Codebook occupancy (binary), K=12",Random forest,1,3,12,658,0.6547831543717753,0.519922837354158,0.010329772997758979,0.0537383305288368
all,Faure,deg,"Codebook occupancy (binary), K=12",Random forest,1,4,12,641,0.6686048782393033,0.5590886011678091,0.0071923712334883575,0.04623509369973768
all,Faure,deg,"Codebook occupancy (binary), K=12",Random forest,1,5,12,702,0.6879358048586813,0.574096131417653,0.005432169473577135,0.03263730788087023
all,Faure,deg,"Codebook occupancy (binary), K=12",Random forest,1,6,12,730,0.6866850619488178,0.5937077314288806,0.014508410800212807,0.07401393211541055
all,Faure,deg,"Codebook occupancy (binary), K=12",Random forest,2,3,12,659,0.6779501019273535,0.5946349147516679,0.010132605843464055,0.04406365850571322
all,Faure,deg,"Codebook occupancy (binary), K=12",Random forest,2,4,12,642,0.6677996535347244,0.5322329492369978,0.006820858961492108,0.012108938017846457
all,Faure,deg,"Codebook occupancy (binary), K=12",Random forest,2,5,12,703,0.7104675751879699,0.6459899749373433,0.014164127061481558,0.07492442308457332
all,Faure,deg,"Codebook occupancy (binary), K=12",Random forest,2,6,12,731,0.6859477073832121,0.6029250893627511,0.011463383843568153,0.027139887609530768
all,Faure,deg,"Codebook occupancy (binary), K=12",Random forest,3,4,12,693,0.6896543461955162,0.6022626885573799,0.009890136672095302,0.04372273062083337
all,Faure,deg,"Codebook occupancy (binary), K=12",Random forest,3,5,12,754,0.6627528327861909,0.5407780013413817,0.015636231571635982,0.06384889397435108
all,Faure,deg,"Codebook occupancy (binary), K=12",Random forest,3,6,12,782,0.6675099779001881,0.5765346175413135,0.00799292838650937,0.036233551228805075
all,Faure,deg,"Codebook occupancy (binary), K=12",Random forest,4,5,12,737,0.6915217036674527,0.6235855911969272,0.00725850422023002,0.02406708926343669
all,Faure,deg,"Codebook occupancy (binary), K=12",Random forest,4,6,12,765,0.7073214458933248,0.6313727256350208,0.009944746101291512,0.04981557392825528
all,Faure,deg,"Codebook occupancy (binary), K=12",Random forest,5,6,12,826,0.6592043633674348,0.5174616870043962,0.004303265307588268,0.03196985350025268
all,Faure,deg,"State bigrams, K=6",Logistic (L2),1,1,36,303,nan,0.5088271174625305,nan,nan
all,Faure,deg,"State bigrams, K=6",Logistic (L2),2,2,36,304,nan,0.5078947368421053,nan,nan
all,Faure,deg,"State bigrams, K=6",Logistic (L2),3,3,36,355,nan,0.47935631308322224,nan,nan
all,Faure,deg,"State bigrams, K=6",Logistic (L2),4,4,36,338,nan,0.5136094674556213,nan,nan
all,Faure,deg,"State bigrams, K=6",Logistic (L2),5,5,36,399,nan,0.5017060301507538,nan,nan
all,Faure,deg,"State bigrams, K=6",Logistic (L2),6,6,36,427,nan,0.5017375279715678,nan,nan
all,Faure,deg,"State bigrams, K=6",Logistic (L2),1,2,36,607,0.6099408871808234,0.5699908806670141,0.021536342618941624,0.03648812226028355
all,Faure,deg,"State bigrams, K=6",Logistic (L2),1,3,36,658,0.5606098638032817,0.48225259145632876,0.014932568411583514,0.04632374250161523
all,Faure,deg,"State bigrams, K=6",Logistic (L2),1,4,36,641,0.5947807428671861,0.5316655925947624,0.011149936647535833,0.054047745583181935
all,Faure,deg,"State bigrams, K=6",Logistic (L2),1,5,36,702,0.6358532469788332,0.5861683912752178,0.008096063860031305,0.026210193374400736
all,Faure,deg,"State bigrams, K=6",Logistic (L2),1,6,36,730,0.646178727943052,0.619631166863759,0.014648317910395491,0.051229573993326075
all,Faure,deg,"State bigrams, K=6",Logistic (L2),2,3,36,659,0.6377050129725723,0.5951352853965901,0.006756607090172947,0.029117887661106883
all,Faure,deg,"State bigrams, K=6",Logistic (L2),2,4,36,642,0.5917768023980069,0.5533030987231392,0.0064804571948588715,0.011420243904930417
all,Faure,deg,"State bigrams, K=6",Logistic (L2),2,5,36,703,0.6676848370927319,0.6427005012531328,0.006273313217654339,0.05660106565172575
all,Faure,deg,"State bigrams, K=6",Logistic (L2),2,6,36,731,0.6365237504622212,0.59570288425983,0.013279730910810406,0.06000319873266171
all,Faure,deg,"State bigrams, K=6",Logistic (L2),3,4,36,693,0.6149095757979832,0.5524002000166681,0.006773620745725151,0.032868636370296425
all,Faure,deg,"State bigrams, K=6",Logistic (L2),3,5,36,754,0.6221063221433867,0.5722404603056939,0.016580423915843426,0.06017684972303208
all,Faure,deg,"State bigrams, K=6",Logistic (L2),3,6,36,782,0.6428439489395389,0.6159382524656134,0.008231862927523845,0.04147390726802337
all,Faure,deg,"State bigrams, K=6",Logistic (L2),4,5,36,737,0.6431880366596965,0.6057303020865774,0.010752616875925597,0.031009843859559356
all,Faure,deg,"State bigrams, K=6",Logistic (L2),4,6,36,765,0.6334175754888239,0.602091792192675,0.012502080453537135,0.0474958885720743
all,Faure,deg,"State bigrams, K=6",Logistic (L2),5,6,36,826,0.5889929742388759,0.5271786022433131,0.011716694062307366,0.047730305159982306
all,Faure,deg,"State bigrams, K=6",Random forest,1,1,36,303,nan,0.5339229696758453,nan,nan
all,Faure,deg,"State bigrams, K=6",Random forest,2,2,36,304,nan,0.5059210526315789,nan,nan
all,Faure,deg,"State bigrams, K=6",Random forest,3,3,36,355,nan,0.4975369770837301,nan,nan
all,Faure,deg,"State bigrams, K=6",Random forest,4,4,36,338,nan,0.5011834319526628,nan,nan
all,Faure,deg,"State bigrams, K=6",Random forest,5,5,36,399,nan,0.5041733668341708,nan,nan
all,Faure,deg,"State bigrams, K=6",Random forest,6,6,36,427,nan,0.49183888376990914,nan,nan
all,Faure,deg,"State bigrams, K=6",Random forest,1,2,36,607,0.6580833659023797,0.5848043685947542,0.006183763090834891,0.051035296716526374
all,Faure,deg,"State bigrams, K=6",Random forest,1,3,36,658,0.6334414075210338,0.5085297262120578,0.01239934578505084,0.026499009978464633
all,Faure,deg,"State bigrams, K=6",Random forest,1,4,36,641,0.6554316304411506,0.5687601304509149,0.01237753296604971,0.03351244013795938
all,Faure,deg,"State bigrams, K=6",Random forest,1,5,36,702,0.6847626491972505,0.5691828581354376,0.010725637195466464,0.037299254780430426
all,Faure,deg,"State bigrams, K=6",Random forest,1,6,36,730,0.6763328850449448,0.6203229222219646,0.014802281017099768,0.06508050259395502
all,Faure,deg,"State bigrams, K=6",Random forest,2,3,36,659,0.6613718495181615,0.6033589696071164,0.009530557647546296,0.02748072025328865
all,Faure,deg,"State bigrams, K=6",Random forest,2,4,36,642,0.6614907739022111,0.5919008875739644,0.008668658080311347,0.01941498387549673
all,Faure,deg,"State bigrams, K=6",Random forest,2,5,36,703,0.708078790726817,0.6193609022556391,0.010157112906305946,0.026491936373535193
all,Faure,deg,"State bigrams, K=6",Random forest,2,6,36,731,0.6814737920621226,0.588068531985702,0.009678160991321188,0.04082815666094595
all,Faure,deg,"State bigrams, K=6",Random forest,3,4,36,693,0.6593976581381782,0.5742978581548462,0.008193913844282657,0.03150265650545629
all,Faure,deg,"State bigrams, K=6",Random forest,3,5,36,754,0.6598194429736313,0.582907974160754,0.014424387890436314,0.042727809934473955
all,Faure,deg,"State bigrams, K=6",Random forest,3,6,36,782,0.6691130388890721,0.6173467031698388,0.009880564078717237,0.03850216575825246
all,Faure,deg,"State bigrams, K=6",Random forest,4,5,36,737,0.6970328928830954,0.6140684551615725,0.008232596214175514,0.02605985406812283
all,Faure,deg,"State bigrams, K=6",Random forest,4,6,36,765,0.6738806590635089,0.5864986211770575,0.00973166946688262,0.03551966555936125
all,Faure,deg,"State bigrams, K=6",Random forest,5,6,36,826,0.6463032581453634,0.5380253913472205,0.00800171297126387,0.045516257766033984
all,Faure,deg,"State bigrams, K=12",Logistic (L2),1,1,144,303,nan,0.51352823283374,nan,nan
all,Faure,deg,"State bigrams, K=12",Logistic (L2),2,2,144,304,nan,0.5019736842105262,nan,nan
all,Faure,deg,"State bigrams, K=12",Logistic (L2),3,3,144,355,nan,0.49634672760743986,nan,nan
all,Faure,deg,"State bigrams, K=12",Logistic (L2),4,4,144,338,nan,0.4994082840236686,nan,nan
all,Faure,deg,"State bigrams, K=12",Logistic (L2),5,5,144,399,nan,0.5092386934673367,nan,nan
all,Faure,deg,"State bigrams, K=12",Logistic (L2),6,6,144,427,nan,0.49792900706419196,nan,nan
all,Faure,deg,"State bigrams, K=12",Logistic (L2),1,2,144,607,0.6738006448671183,0.5700234497133924,0.01195285791293276,0.03686715302056157
all,Faure,deg,"State bigrams, K=12",Logistic (L2),1,3,144,658,0.6726665272161019,0.4943290103658253,0.015787773049802126,0.02644473272022535
all,Faure,deg,"State bigrams, K=12",Logistic (L2),1,4,144,641,0.670427138867733,0.5401995820883864,0.010411481520798817,0.02501505447450564
all,Faure,deg,"State bigrams, K=12",Logistic (L2),1,5,144,702,0.7016117025236358,0.5480284870592322,0.008261254112220317,0.026038847085240818
all,Faure,deg,"State bigrams, K=12",Logistic (L2),1,6,144,730,0.7097207086048183,0.5930700798417079,0.009077904312569518,0.048390052588740164
all,Faure,deg,"State bigrams, K=12",Logistic (L2),2,3,144,659,0.690197600074129,0.584340252038547,0.01699149809923321,0.04164423274697068
all,Faure,deg,"State bigrams, K=12",Logistic (L2),2,4,144,642,0.7025264715042043,0.5790836188103394,0.017260700774077233,0.02232683850379538
all,Faure,deg,"State bigrams, K=12",Logistic (L2),2,5,144,703,0.7315554511278195,0.6213189223057645,0.011583151307614446,0.058051401788617674
all,Faure,deg,"State bigrams, K=12",Logistic (L2),2,6,144,731,0.7096644659805251,0.6010299827437446,0.011529870351313951,0.043266562080705916
all,Faure,deg,"State bigrams, K=12",Logistic (L2),3,4,144,693,0.6948401950162514,0.5772731060921743,0.00932189920102724,0.033979873418312004
all,Faure,deg,"State bigrams, K=12",Logistic (L2),3,5,144,754,0.6716386035511314,0.5519008789579583,0.021076312079165348,0.05727770430910191
all,Faure,deg,"State bigrams, K=12",Logistic (L2),3,6,144,782,0.6908764059768445,0.5793680113467692,0.006881246986616157,0.02536186912300871
all,Faure,deg,"State bigrams, K=12",Logistic (L2),4,5,144,737,0.7089645341163558,0.6016038617253192,0.01326876298315058,0.02061831421700855
all,Faure,deg,"State bigrams, K=12",Logistic (L2),4,6,144,765,0.7173967268544823,0.598644734836412,0.010510513257828803,0.047484451913273495
all,Faure,deg,"State bigrams, K=12",Logistic (L2),5,6,144,826,0.6614743826780065,0.5317391840256378,0.010355957132633098,0.027200949573383076
all,Faure,deg,"State bigrams, K=12",Random forest,1,1,144,303,nan,0.5121775880097594,nan,nan
all,Faure,deg,"State bigrams, K=12",Random forest,2,2,144,304,nan,0.49144736842105263,nan,nan
all,Faure,deg,"State bigrams, K=12",Random forest,3,3,144,355,nan,0.4884720370723037,nan,nan
all,Faure,deg,"State bigrams, K=12",Random forest,4,4,144,338,nan,0.5136094674556213,nan,nan
all,Faure,deg,"State bigrams, K=12",Random forest,5,5,144,399,nan,0.5252688442211055,nan,nan
all,Faure,deg,"State bigrams, K=12",Random forest,6,6,144,427,nan,0.5020951252687464,nan,nan
all,Faure,deg,"State bigrams, K=12",Random forest,1,2,144,607,0.758682364947021,0.5585211481674484,0.004047779425150754,0.03715156336489316
all,Faure,deg,"State bigrams, K=12",Random forest,1,3,144,658,0.7544670664249524,0.4878445591037977,0.014240638554649483,0.04813003160392856
all,Faure,deg,"State bigrams, K=12",Random forest,1,4,144,641,0.7674829613138828,0.5413371218778682,0.00420888468998231,0.0333696600847095
all,Faure,deg,"State bigrams, K=12",Random forest,1,5,144,702,0.7782606268145611,0.5436611330305963,0.010999512674886958,0.035486860983521586
all,Faure,deg,"State bigrams, K=12",Random forest,1,6,144,730,0.7744433108416229,0.625590310787519,0.01198553190454239,0.06214124927627808
all,Faure,deg,"State bigrams, K=12",Random forest,2,3,144,659,0.763507690882135,0.6052029280948852,0.009227188468020514,0.05560388144172437
all,Faure,deg,"State bigrams, K=12",Random forest,2,4,144,642,0.7634084981314233,0.5649427748364996,0.0050140567383760055,0.03293359571092668
all,Faure,deg,"State bigrams, K=12",Random forest,2,5,144,703,0.7840499686716792,0.6259398496240601,0.009139028141163387,0.06412801795122329
all,Faure,deg,"State bigrams, K=12",Random forest,2,6,144,731,0.7613321212868236,0.6023434611117959,0.010802968570619232,0.026652506365563797
all,Faure,deg,"State bigrams, K=12",Random forest,3,4,144,693,0.7732436036336361,0.5716309692474373,0.009077369540392509,0.05307196122835507
all,Faure,deg,"State bigrams, K=12",Random forest,3,5,144,754,0.7700836598538601,0.5476755268452822,0.010679727526755901,0.048671383231518525
all,Faure,deg,"State bigrams, K=12",Random forest,3,6,144,782,0.7647821354355642,0.5737012237358577,0.006916940806360544,0.05448485301702543
all,Faure,deg,"State bigrams, K=12",Random forest,4,5,144,737,0.7801131897791818,0.6064087734128221,0.007554464871028767,0.028400534121296096
all,Faure,deg,"State bigrams, K=12",Random forest,4,6,144,765,0.7737743026204565,0.6146051300527972,0.008116205191938829,0.043705438585281656
all,Faure,deg,"State bigrams, K=12",Random forest,5,6,144,826,0.7750883355930812,0.5478655655532273,0.0067459871489703276,0.028262212962920096
all,Faure,deg,"Gaze heatmap, 5x5",Logistic (L2),1,1,25,303,nan,0.5115676193795748,nan,nan
all,Faure,deg,"Gaze heatmap, 5x5",Logistic (L2),2,2,25,304,nan,0.48026315789473684,nan,nan
all,Faure,deg,"Gaze heatmap, 5x5",Logistic (L2),3,3,25,355,nan,0.49697200533231756,nan,nan
all,Faure,deg,"Gaze heatmap, 5x5",Logistic (L2),4,4,25,338,nan,0.4727810650887575,nan,nan
all,Faure,deg,"Gaze heatmap, 5x5",Logistic (L2),5,5,25,399,nan,0.48005778894472356,nan,nan
all,Faure,deg,"Gaze heatmap, 5x5",Logistic (L2),6,6,25,427,nan,0.5021148699047869,nan,nan
all,Faure,deg,"Gaze heatmap, 5x5",Logistic (L2),1,2,25,607,0.7082424114121939,0.6773547420531527,0.014865797758058703,0.051967453729482666
all,Faure,deg,"Gaze heatmap, 5x5",Logistic (L2),1,3,25,658,0.6436654580951053,0.5956630874355041,0.014777653914960925,0.061558032343871624
all,Faure,deg,"Gaze heatmap, 5x5",Logistic (L2),1,4,25,641,0.6948122327025602,0.663503036694202,0.018109852612751443,0.03066268853943522
all,Faure,deg,"Gaze heatmap, 5x5",Logistic (L2),1,5,25,702,0.6748244373309511,0.6482046700910693,0.006207034485339079,0.04008964355607972
all,Faure,deg,"Gaze heatmap, 5x5",Logistic (L2),1,6,25,730,0.7066454889048623,0.6858464534978088,0.009821701408094108,0.038311923591116716
all,Faure,deg,"Gaze heatmap, 5x5",Logistic (L2),2,3,25,659,0.7188832005189029,0.6835943291326909,0.010007970321393118,0.055917195398788616
all,Faure,deg,"Gaze heatmap, 5x5",Logistic (L2),2,4,25,642,0.6475689037682965,0.6068689660541888,0.010798104931657362,0.015295174863757649
all,Faure,deg,"Gaze heatmap, 5x5",Logistic (L2),2,5,25,703,0.7322603383458646,0.7037907268170427,0.015184034686367684,0.0511437723910509
all,Faure,deg,"Gaze heatmap, 5x5",Logistic (L2),2,6,25,731,0.6598938432145938,0.6205434179711573,0.007570947288752506,0.0319253745722977
all,Faure,deg,"Gaze heatmap, 5x5",Logistic (L2),3,4,25,693,0.6956006750562547,0.6612842736894742,0.016025136545178276,0.027087784151771432
all,Faure,deg,"Gaze heatmap, 5x5",Logistic (L2),3,5,25,754,0.5917496205301987,0.5519114688128772,0.010453129757710214,0.03259601278021903
all,Faure,deg,"Gaze heatmap, 5x5",Logistic (L2),3,6,25,782,0.6652134116172443,0.6408318765049312,0.016971843742787398,0.060639169916283486
all,Faure,deg,"Gaze heatmap, 5x5",Logistic (L2),4,5,25,737,0.7005707686375704,0.6583618810339458,0.011571767883255,0.04696728543592559
all,Faure,deg,"Gaze heatmap, 5x5",Logistic (L2),4,6,25,765,0.6325125064091016,0.5913106439588154,0.009916312991662263,0.03532018335514526
all,Faure,deg,"Gaze heatmap, 5x5",Logistic (L2),5,6,25,826,0.649025227001931,0.61393237191339,0.012718391282581051,0.060935661526772066
all,Faure,deg,"Gaze heatmap, 5x5",Random forest,1,1,25,303,nan,0.4857920878354828,nan,nan
all,Faure,deg,"Gaze heatmap, 5x5",Random forest,2,2,25,304,nan,0.4921052631578947,nan,nan
all,Faure,deg,"Gaze heatmap, 5x5",Random forest,3,3,25,355,nan,0.499682600139656,nan,nan
all,Faure,deg,"Gaze heatmap, 5x5",Random forest,4,4,25,338,nan,0.49112426035502954,nan,nan
all,Faure,deg,"Gaze heatmap, 5x5",Random forest,5,5,25,399,nan,0.5052638190954775,nan,nan
all,Faure,deg,"Gaze heatmap, 5x5",Random forest,6,6,25,427,nan,0.48566539423456623,nan,nan
all,Faure,deg,"Gaze heatmap, 5x5",Random forest,1,2,25,607,0.9201922659371201,0.6921193764113254,0.011072493572894476,0.028198653934700283
all,Faure,deg,"Gaze heatmap, 5x5",Random forest,1,3,25,658,0.9280830195695626,0.5901873285920141,0.006792010329957213,0.05866831261942792
all,Faure,deg,"Gaze heatmap, 5x5",Random forest,1,4,25,641,0.921921075243619,0.6656072411974925,0.0065961461651563216,0.037635716910814195
all,Faure,deg,"Gaze heatmap, 5x5",Random forest,1,5,25,702,0.9016073599841188,0.6312811732301049,0.0053226219660907235,0.05174954268148985
all,Faure,deg,"Gaze heatmap, 5x5",Random forest,1,6,25,730,0.8979747799135885,0.6796708944899174,0.0070380267877565164,0.037765878540519514
all,Faure,deg,"Gaze heatmap, 5x5",Random forest,2,3,25,659,0.9124386119347665,0.6843031875463306,0.007087983393673365,0.03166281728079159
all,Faure,deg,"Gaze heatmap, 5x5",Random forest,2,4,25,642,0.9306096231703519,0.598800996574276,0.008371495869659771,0.040155625345194276
all,Faure,deg,"Gaze heatmap, 5x5",Random forest,2,5,25,703,0.9263980263157893,0.7134241854636592,0.006327417212422495,0.043766185846621224
all,Faure,deg,"Gaze heatmap, 5x5",Random forest,2,6,25,731,0.9315874214224086,0.6241179280167632,0.008191768573764352,0.027236734438999245
all,Faure,deg,"Gaze heatmap, 5x5",Random forest,3,4,25,693,0.913330277523127,0.6656513042753562,0.005497009374594623,0.035418617060353604
all,Faure,deg,"Gaze heatmap, 5x5",Random forest,3,5,25,754,0.9301307847082495,0.5259380846482403,0.007742164789644856,0.03173808489203723
all,Faure,deg,"Gaze heatmap, 5x5",Random forest,3,6,25,782,0.9104800936768149,0.6313982254180823,0.014016664323307386,0.03449113494075905
all,Faure,deg,"Gaze heatmap, 5x5",Random forest,4,5,25,737,0.9097735092168291,0.6683684062226573,0.005534767654388637,0.06194305701303108
all,Faure,deg,"Gaze heatmap, 5x5",Random forest,4,6,25,765,0.9258380333411859,0.565604949905076,0.012591542930471648,0.015663079382802734
all,Faure,deg,"Gaze heatmap, 5x5",Random forest,5,6,25,826,0.9235434898722216,0.6095361354205184,0.004767388782504146,0.026881024153958353
all,Faure,deg,"Gaze heatmap, 10x10",Logistic (L2),1,1,100,303,nan,0.5226951899616591,nan,nan
all,Faure,deg,"Gaze heatmap, 10x10",Logistic (L2),2,2,100,304,nan,0.5072368421052632,nan,nan
all,Faure,deg,"Gaze heatmap, 10x10",Logistic (L2),3,3,100,355,nan,0.48903383482511276,nan,nan
all,Faure,deg,"Gaze heatmap, 10x10",Logistic (L2),4,4,100,338,nan,0.49053254437869825,nan,nan
all,Faure,deg,"Gaze heatmap, 10x10",Logistic (L2),5,5,100,399,nan,0.49870603015075377,nan,nan
all,Faure,deg,"Gaze heatmap, 10x10",Logistic (L2),6,6,100,427,nan,0.48477907946119086,nan,nan
all,Faure,deg,"Gaze heatmap, 10x10",Logistic (L2),1,2,100,607,0.7679021191592843,0.6789343408025013,0.016519268044962194,0.03948222150593534
all,Faure,deg,"Gaze heatmap, 10x10",Logistic (L2),1,3,100,658,0.7077464788732395,0.5851206247385302,0.012686674794168141,0.0775924337771187
all,Faure,deg,"Gaze heatmap, 10x10",Logistic (L2),1,4,100,641,0.7751381647040444,0.6810836409084695,0.006922457379250228,0.03645845013777887
all,Faure,deg,"Gaze heatmap, 10x10",Logistic (L2),1,5,100,702,0.7735582768803196,0.6651033524405072,0.01267648180439979,0.03777172279878331
all,Faure,deg,"Gaze heatmap, 10x10",Logistic (L2),1,6,100,730,0.7908956879294486,0.6996351860010357,0.013146477876724749,0.01497758246730264
all,Faure,deg,"Gaze heatmap, 10x10",Logistic (L2),2,3,100,659,0.7577823851000741,0.6587333209785027,0.010793364914804508,0.03852894558981858
all,Faure,deg,"Gaze heatmap, 10x10",Logistic (L2),2,4,100,642,0.7350854484584242,0.6285814388041109,0.010978863680797351,0.03321696738167861
all,Faure,deg,"Gaze heatmap, 10x10",Logistic (L2),2,5,100,703,0.8240327380952381,0.7354323308270676,0.014501205697606647,0.05613075633917864
all,Faure,deg,"Gaze heatmap, 10x10",Logistic (L2),2,6,100,731,0.7776388974485394,0.6791183902378898,0.008048940602222748,0.027114074630687088
all,Faure,deg,"Gaze heatmap, 10x10",Logistic (L2),3,4,100,693,0.7491301358446538,0.6145137094757896,0.01802468023300894,0.052321650546500835
all,Faure,deg,"Gaze heatmap, 10x10",Logistic (L2),3,5,100,754,0.7631005330226975,0.6414522221045571,0.008438089399831568,0.03653636998453773
all,Faure,deg,"Gaze heatmap, 10x10",Logistic (L2),3,6,100,782,0.7616691955008741,0.6610251673978295,0.00940207409822292,0.03736920938637697
all,Faure,deg,"Gaze heatmap, 10x10",Logistic (L2),4,5,100,737,0.7912690379795644,0.6940724592546454,0.01311498560905376,0.04521918698843156
all,Faure,deg,"Gaze heatmap, 10x10",Logistic (L2),4,6,100,765,0.7142094979421586,0.5796634009118247,0.015083339679769523,0.045547485215666
all,Faure,deg,"Gaze heatmap, 10x10",Logistic (L2),5,6,100,826,0.7217942396976047,0.621985291096594,0.016314545681922515,0.04789987177320549
all,Faure,deg,"Gaze heatmap, 10x10",Random forest,1,1,100,303,nan,0.508256361101429,nan,nan
all,Faure,deg,"Gaze heatmap, 10x10",Random forest,2,2,100,304,nan,0.5072368421052632,nan,nan
all,Faure,deg,"Gaze heatmap, 10x10",Random forest,3,3,100,355,nan,0.5025328508855457,nan,nan
all,Faure,deg,"Gaze heatmap, 10x10",Random forest,4,4,100,338,nan,0.4834319526627219,nan,nan
all,Faure,deg,"Gaze heatmap, 10x10",Random forest,5,5,100,399,nan,0.5167713567839196,nan,nan
all,Faure,deg,"Gaze heatmap, 10x10",Random forest,6,6,100,427,nan,0.4950660348383133,nan,nan
all,Faure,deg,"Gaze heatmap, 10x10",Random forest,1,2,100,607,0.9543286976723987,0.6772298940420358,0.0073441807126615735,0.03342245990262906
all,Faure,deg,"Gaze heatmap, 10x10",Random forest,1,3,100,658,0.9493015850880863,0.6109980012085716,0.01008926757602291,0.046621954532106526
all,Faure,deg,"Gaze heatmap, 10x10",Random forest,1,4,100,641,0.9347232800203098,0.7149364344718495,0.005141359032816702,0.027893807792836522
all,Faure,deg,"Gaze heatmap, 10x10",Random forest,1,5,100,702,0.9280813419687834,0.6818903694880767,0.004989717812360905,0.0317328566238789
all,Faure,deg,"Gaze heatmap, 10x10",Random forest,1,6,100,730,0.9223543255964941,0.7111824765614734,0.009224702599649328,0.024924265798528095
all,Faure,deg,"Gaze heatmap, 10x10",Random forest,2,3,100,659,0.9351128150481839,0.7134451445515196,0.005507176150449713,0.048437092877246915
all,Faure,deg,"Gaze heatmap, 10x10",Random forest,2,4,100,642,0.9243688687324819,0.6379535191529118,0.007943110419011402,0.03568606714195177
all,Faure,deg,"Gaze heatmap, 10x10",Random forest,2,5,100,703,0.9339364035087718,0.7293233082706768,0.0026054498534180404,0.058750102532812376
all,Faure,deg,"Gaze heatmap, 10x10",Random forest,2,6,100,731,0.9324011231973377,0.7035121101935166,0.005466066148485821,0.032037410384693106
all,Faure,deg,"Gaze heatmap, 10x10",Random forest,3,4,100,693,0.9428077339778315,0.6453662805233769,0.005890608945035583,0.037801253195724346
all,Faure,deg,"Gaze heatmap, 10x10",Random forest,3,5,100,754,0.9380431713085532,0.6807758833703978,0.005059500921891374,0.03970798864395105
all,Faure,deg,"Gaze heatmap, 10x10",Random forest,3,6,100,782,0.9207466108124155,0.6993633934756079,0.008213815621691966,0.03530858600041142
all,Faure,deg,"Gaze heatmap, 10x10",Random forest,4,5,100,737,0.9357926992036304,0.7200582817991725,0.00757586384289198,0.03583353641987141
all,Faure,deg,"Gaze heatmap, 10x10",Random forest,4,6,100,765,0.9384899463714091,0.5977162811967351,0.012802684133751066,0.027767735192851084
all,Faure,deg,"Gaze heatmap, 10x10",Random forest,5,6,100,826,0.9408613747483463,0.6502526808825342,0.006011051441752153,0.03159073321431736
all,Nielsen,deg,"Codebook occupancy (ms), K=6",Logistic (L2),1,1,6,385,nan,0.49553378670120896,nan,nan
all,Nielsen,deg,"Codebook occupancy (ms), K=6",Logistic (L2),2,2,6,403,nan,0.47595931234914535,nan,nan
all,Nielsen,deg,"Codebook occupancy (ms), K=6",Logistic (L2),3,3,6,438,nan,0.4621004566210045,nan,nan
all,Nielsen,deg,"Codebook occupancy (ms), K=6",Logistic (L2),4,4,6,438,nan,0.5109589041095891,nan,nan
all,Nielsen,deg,"Codebook occupancy (ms), K=6",Logistic (L2),5,5,6,531,nan,0.4832685487303164,nan,nan
all,Nielsen,deg,"Codebook occupancy (ms), K=6",Logistic (L2),6,6,6,494,nan,0.5085020242914979,nan,nan
all,Nielsen,deg,"Codebook occupancy (ms), K=6",Logistic (L2),1,2,6,788,0.5695457768038412,0.5304083013760433,0.009091263334490146,0.024787071005729275
all,Nielsen,deg,"Codebook occupancy (ms), K=6",Logistic (L2),1,3,6,823,0.5739355393464982,0.5673219474589337,0.015022576572176104,0.02825453273026017
all,Nielsen,deg,"Codebook occupancy (ms), K=6",Logistic (L2),1,4,6,823,0.5897653145940818,0.5901292771155785,0.011341470788747367,0.02896608770934054
all,Nielsen,deg,"Codebook occupancy (ms), K=6",Logistic (L2),1,5,6,916,0.5792562428155646,0.5730060899552425,0.008126419600593734,0.018895144111471134
all,Nielsen,deg,"Codebook occupancy (ms), K=6",Logistic (L2),1,6,6,879,0.6672827172827173,0.6533124769966875,0.012031107015696306,0.05075566556513762
all,Nielsen,deg,"Codebook occupancy (ms), K=6",Logistic (L2),2,3,6,841,0.5593848080038977,0.5294084321923473,0.017866420574712067,0.04360655503652019
all,Nielsen,deg,"Codebook occupancy (ms), K=6",Logistic (L2),2,4,6,841,0.5572405021697996,0.5407758024859218,0.013712792125515936,0.042399972953884264
all,Nielsen,deg,"Codebook occupancy (ms), K=6",Logistic (L2),2,5,6,934,0.5463367960634227,0.5069418158537896,0.012362496930585118,0.032089627451831075
all,Nielsen,deg,"Codebook occupancy (ms), K=6",Logistic (L2),2,6,6,897,0.6180210918114145,0.611172783074311,0.017715684620469838,0.047195253868507224
all,Nielsen,deg,"Codebook occupancy (ms), K=6",Logistic (L2),3,4,6,876,0.5647831050228311,0.5331050228310503,0.008776588239572083,0.015131557654696965
all,Nielsen,deg,"Codebook occupancy (ms), K=6",Logistic (L2),3,5,6,969,0.5464924670433144,0.5420762066919484,0.008309068889470054,0.033984647539777514
all,Nielsen,deg,"Codebook occupancy (ms), K=6",Logistic (L2),3,6,6,932,0.640285018394247,0.6381786922522323,0.0059522481511968105,0.029385562279686892
all,Nielsen,deg,"Codebook occupancy (ms), K=6",Logistic (L2),4,5,6,969,0.5992586358125016,0.5764066248742357,0.005554367703080038,0.036028079042792954
all,Nielsen,deg,"Codebook occupancy (ms), K=6",Logistic (L2),4,6,6,932,0.5726618971031372,0.5553029042574824,0.007438322712939503,0.02453080711741119
all,Nielsen,deg,"Codebook occupancy (ms), K=6",Logistic (L2),5,6,6,1025,0.6528587875599472,0.6513758320181158,0.013201486193167994,0.026935313616268136
all,Nielsen,deg,"Codebook occupancy (ms), K=6",Random forest,1,1,6,385,nan,0.48776176597582044,nan,nan
all,Nielsen,deg,"Codebook occupancy (ms), K=6",Random forest,2,2,6,403,nan,0.5210876311511747,nan,nan
all,Nielsen,deg,"Codebook occupancy (ms), K=6",Random forest,3,3,6,438,nan,0.497716894977169,nan,nan
all,Nielsen,deg,"Codebook occupancy (ms), K=6",Random forest,4,4,6,438,nan,0.4981735159817352,nan,nan
all,Nielsen,deg,"Codebook occupancy (ms), K=6",Random forest,5,5,6,531,nan,0.4994254504184991,nan,nan
all,Nielsen,deg,"Codebook occupancy (ms), K=6",Random forest,6,6,6,494,nan,0.5048582995951416,nan,nan
all,Nielsen,deg,"Codebook occupancy (ms), K=6",Random forest,1,2,6,788,0.9175477748058393,0.545738132834907,0.00868613274795634,0.06371855675071274
all,Nielsen,deg,"Codebook occupancy (ms), K=6",Random forest,1,3,6,823,0.9103332740319041,0.5444582814445829,0.006627896024673869,0.03223607115947961
all,Nielsen,deg,"Codebook occupancy (ms), K=6",Random forest,1,4,6,823,0.9002372057166577,0.6121983039791259,0.005165819890468331,0.05454163750275065
all,Nielsen,deg,"Codebook occupancy (ms), K=6",Random forest,1,5,6,916,0.9105008927042826,0.5507349524298677,0.007211799344003694,0.037575819443665476
all,Nielsen,deg,"Codebook occupancy (ms), K=6",Random forest,1,6,6,879,0.8975103843524896,0.670865976129134,0.008382773744957673,0.03723391138366917
all,Nielsen,deg,"Codebook occupancy (ms), K=6",Random forest,2,3,6,841,0.915257430005552,0.5060306831186194,0.003448130231909726,0.03894272056612868
all,Nielsen,deg,"Codebook occupancy (ms), K=6",Random forest,2,4,6,841,0.9165356572283219,0.5183894761888576,0.0058718383460093365,0.03550992302539467
all,Nielsen,deg,"Codebook occupancy (ms), K=6",Random forest,2,5,6,934,0.9200242531297753,0.515703784703238,0.006762171747429121,0.01525291073611957
all,Nielsen,deg,"Codebook occupancy (ms), K=6",Random forest,2,6,6,897,0.8931206738931696,0.6058182055635365,0.0010971379288118352,0.03140674964862718
all,Nielsen,deg,"Codebook occupancy (ms), K=6",Random forest,3,4,6,876,0.908675799086758,0.5513698630136987,0.007060879026846109,0.03221943558205875
all,Nielsen,deg,"Codebook occupancy (ms), K=6",Random forest,3,5,6,969,0.9111169156154064,0.5063462580295642,0.006545671151123098,0.037309777648533556
all,Nielsen,deg,"Codebook occupancy (ms), K=6",Random forest,3,6,6,932,0.8889019836208012,0.6251039875769508,0.006384986565596393,0.020432379882588152
all,Nielsen,deg,"Codebook occupancy (ms), K=6",Random forest,4,5,6,969,0.898076129298558,0.5821982302711348,0.005061307306409933,0.043710346117020626
all,Nielsen,deg,"Codebook occupancy (ms), K=6",Random forest,4,6,6,932,0.9023891723513208,0.5226092100641487,0.005223406791884671,0.04218026264469697
all,Nielsen,deg,"Codebook occupancy (ms), K=6",Random forest,5,6,6,1025,0.8802427624907554,0.6535240208299976,0.011135261722360151,0.03318091197377917
all,Nielsen,deg,"Codebook occupancy (ms), K=12",Logistic (L2),1,1,12,385,nan,0.5230974740932643,nan,nan
all,Nielsen,deg,"Codebook occupancy (ms), K=12",Logistic (L2),2,2,12,403,nan,0.49866509038963597,nan,nan
all,Nielsen,deg,"Codebook occupancy (ms), K=12",Logistic (L2),3,3,12,438,nan,0.48219178082191777,nan,nan
all,Nielsen,deg,"Codebook occupancy (ms), K=12",Logistic (L2),4,4,12,438,nan,0.5018264840182648,nan,nan
all,Nielsen,deg,"Codebook occupancy (ms), K=12",Logistic (L2),5,5,12,531,nan,0.497148531706625,nan,nan
all,Nielsen,deg,"Codebook occupancy (ms), K=12",Logistic (L2),6,6,12,494,nan,0.494331983805668,nan,nan
all,Nielsen,deg,"Codebook occupancy (ms), K=12",Logistic (L2),1,2,12,788,0.5914440398311366,0.5430247172182656,0.019493593442569,0.05982370264544003
all,Nielsen,deg,"Codebook occupancy (ms), K=12",Logistic (L2),1,3,12,823,0.5804705568404198,0.5569323370693233,0.009286227631649793,0.020862038785916494
all,Nielsen,deg,"Codebook occupancy (ms), K=12",Logistic (L2),1,4,12,823,0.6395377453596631,0.6233410425191247,0.006343032148273541,0.022006130087199594
all,Nielsen,deg,"Codebook occupancy (ms), K=12",Logistic (L2),1,5,12,916,0.6011397265634554,0.5868050969745885,0.010771806222434097,0.02593496334742802
all,Nielsen,deg,"Codebook occupancy (ms), K=12",Logistic (L2),1,6,12,879,0.7322039802302961,0.7154792575845208,0.01486847263824421,0.03804174612610418
all,Nielsen,deg,"Codebook occupancy (ms), K=12",Logistic (L2),2,3,12,841,0.576219874910772,0.518786045299523,0.016254063443251983,0.04557892374750731
all,Nielsen,deg,"Codebook occupancy (ms), K=12",Logistic (L2),2,4,12,841,0.5593578979571026,0.5369007557474195,0.003089252157004288,0.04201602991965025
all,Nielsen,deg,"Codebook occupancy (ms), K=12",Logistic (L2),2,5,12,934,0.5759551714308412,0.48506259550546044,0.011917548514129123,0.014791254314036165
all,Nielsen,deg,"Codebook occupancy (ms), K=12",Logistic (L2),2,6,12,897,0.6560010447956117,0.6324278438030561,0.007659236519074381,0.026233510886372026
all,Nielsen,deg,"Codebook occupancy (ms), K=12",Logistic (L2),3,4,12,876,0.5733447488584476,0.5273972602739726,0.006888316621489178,0.026810673307706003
all,Nielsen,deg,"Codebook occupancy (ms), K=12",Logistic (L2),3,5,12,969,0.5816919485075974,0.5634496813972087,0.008949731965545419,0.05460188114144138
all,Nielsen,deg,"Codebook occupancy (ms), K=12",Logistic (L2),3,6,12,932,0.6818996912724382,0.6587035291072783,0.007261556830259659,0.01675797233047766
all,Nielsen,deg,"Codebook occupancy (ms), K=12",Logistic (L2),4,5,12,969,0.6144406392694064,0.590640559296236,0.008533731525879003,0.026869032633439177
all,Nielsen,deg,"Codebook occupancy (ms), K=12",Logistic (L2),4,6,12,932,0.6415086055497015,0.6169467398739208,0.00980448952118284,0.03979249432278308
all,Nielsen,deg,"Codebook occupancy (ms), K=12",Logistic (L2),5,6,12,1025,0.6598627980206928,0.6299091927994693,0.008867551375502289,0.017820374442942297
all,Nielsen,deg,"Codebook occupancy (ms), K=12",Random forest,1,1,12,385,nan,0.5038725172711571,nan,nan
all,Nielsen,deg,"Codebook occupancy (ms), K=12",Random forest,2,2,12,403,nan,0.5017462193980592,nan,nan
all,Nielsen,deg,"Codebook occupancy (ms), K=12",Random forest,3,3,12,438,nan,0.5068493150684932,nan,nan
all,Nielsen,deg,"Codebook occupancy (ms), K=12",Random forest,4,4,12,438,nan,0.4908675799086758,nan,nan
all,Nielsen,deg,"Codebook occupancy (ms), K=12",Random forest,5,5,12,531,nan,0.5144658816853455,nan,nan
all,Nielsen,deg,"Codebook occupancy (ms), K=12",Random forest,6,6,12,494,nan,0.5076923076923077,nan,nan
all,Nielsen,deg,"Codebook occupancy (ms), K=12",Random forest,1,2,12,788,0.9216670426347846,0.5605104572846509,0.00926642151449243,0.03372712160506871
all,Nielsen,deg,"Codebook occupancy (ms), K=12",Random forest,1,3,12,823,0.9228985056039851,0.5456413449564135,0.007313394187218788,0.031568959339096946
all,Nielsen,deg,"Codebook occupancy (ms), K=12",Random forest,1,4,12,823,0.8967154420921544,0.6341190772697622,0.007912270036202752,0.030419491158489683
all,Nielsen,deg,"Codebook occupancy (ms), K=12",Random forest,1,5,12,916,0.921361924328026,0.5734634480397193,0.009131710986253282,0.03201730358112371
all,Nielsen,deg,"Codebook occupancy (ms), K=12",Random forest,1,6,12,879,0.9022996740102003,0.7034675850465324,0.011457834236483954,0.04449091946124346
all,Nielsen,deg,"Codebook occupancy (ms), K=12",Random forest,2,3,12,841,0.9277019103300588,0.5400789739057525,0.013012060398274065,0.029414289639070355
all,Nielsen,deg,"Codebook occupancy (ms), K=12",Random forest,2,4,12,841,0.9320818745255334,0.5140725381556137,0.004981366304059593,0.03089904112251031
all,Nielsen,deg,"Codebook occupancy (ms), K=12",Random forest,2,5,12,934,0.9272996079311006,0.5497679830648665,0.006612496589528988,0.015414482656351352
all,Nielsen,deg,"Codebook occupancy (ms), K=12",Random forest,2,6,12,897,0.9015198511166254,0.6477732793522267,0.004824049518330524,0.013899261583938538
all,Nielsen,deg,"Codebook occupancy (ms), K=12",Random forest,3,4,12,876,0.9098173515981736,0.5490867579908676,0.011099166907131737,0.04568431705894894
all,Nielsen,deg,"Codebook occupancy (ms), K=12",Random forest,3,5,12,969,0.9217891417072982,0.562649949694296,0.008484772345492761,0.037212542603860706
all,Nielsen,deg,"Codebook occupancy (ms), K=12",Random forest,3,6,12,932,0.8905380548314938,0.6448986005582977,0.008516789423778585,0.017374327141434994
all,Nielsen,deg,"Codebook occupancy (ms), K=12",Random forest,4,5,12,969,0.9000738461935351,0.5788574155767097,0.0029466115679148085,0.02106910375445037
all,Nielsen,deg,"Codebook occupancy (ms), K=12",Random forest,4,6,12,932,0.8986051799678332,0.5868781542898343,0.003921477254888866,0.020009455276484445
all,Nielsen,deg,"Codebook occupancy (ms), K=12",Random forest,5,6,12,1025,0.894172156270729,0.5957573747493462,0.0067709355826698235,0.022809713672390753
all,Nielsen,deg,"Codebook occupancy (binary), K=6",Logistic (L2),1,1,6,385,nan,0.5177569084628669,nan,nan
all,Nielsen,deg,"Codebook occupancy (binary), K=6",Logistic (L2),2,2,6,403,nan,0.4754691887099158,nan,nan
all,Nielsen,deg,"Codebook occupancy (binary), K=6",Logistic (L2),3,3,6,438,nan,0.476255707762557,nan,nan
all,Nielsen,deg,"Codebook occupancy (binary), K=6",Logistic (L2),4,4,6,438,nan,0.510958904109589,nan,nan
all,Nielsen,deg,"Codebook occupancy (binary), K=6",Logistic (L2),5,5,6,531,nan,0.4885345439069372,nan,nan
all,Nielsen,deg,"Codebook occupancy (binary), K=6",Logistic (L2),6,6,6,494,nan,0.4850202429149798,nan,nan
all,Nielsen,deg,"Codebook occupancy (binary), K=6",Logistic (L2),1,2,6,788,0.5797130289065773,0.569056749701911,0.016882686754170637,0.06675064613259671
all,Nielsen,deg,"Codebook occupancy (binary), K=6",Logistic (L2),1,3,6,823,0.5672374429223744,0.5506374903635177,0.0103595724640725,0.028895708014586012
all,Nielsen,deg,"Codebook occupancy (binary), K=6",Logistic (L2),1,4,6,823,0.6459230267449445,0.645608729170373,0.013066490372655871,0.048387026427133654
all,Nielsen,deg,"Codebook occupancy (binary), K=6",Logistic (L2),1,5,6,916,0.5761116002641427,0.5692689607943845,0.007143287808100327,0.024521451407127064
all,Nielsen,deg,"Codebook occupancy (binary), K=6",Logistic (L2),1,6,6,879,0.671349045691151,0.6627504074872496,0.01778502690824973,0.053353233836056564
all,Nielsen,deg,"Codebook occupancy (binary), K=6",Logistic (L2),2,3,6,841,0.5545105487383437,0.5164066306355303,0.009306626350968123,0.038501039190215344
all,Nielsen,deg,"Codebook occupancy (binary), K=6",Logistic (L2),2,4,6,841,0.5754649772822553,0.5575988306876508,0.00864946663040514,0.034325156384623766
all,Nielsen,deg,"Codebook occupancy (binary), K=6",Logistic (L2),2,5,6,934,0.5468572570130799,0.5172879486712182,0.004412730278675214,0.027030748867213107
all,Nielsen,deg,"Codebook occupancy (binary), K=6",Logistic (L2),2,6,6,897,0.5947090897218232,0.5815920073135692,0.014684172362521905,0.050095928670011086
all,Nielsen,deg,"Codebook occupancy (binary), K=6",Logistic (L2),3,4,6,876,0.5956050228310502,0.5742009132420092,0.002904113465967142,0.008090899458715942
all,Nielsen,deg,"Codebook occupancy (binary), K=6",Logistic (L2),3,5,6,969,0.5408862833114052,0.5254043804659082,0.005821884779234251,0.04140842791326055
all,Nielsen,deg,"Codebook occupancy (binary), K=6",Logistic (L2),3,6,6,932,0.6282282365555618,0.614132142791119,0.00736596076139393,0.0304542787229165
all,Nielsen,deg,"Codebook occupancy (binary), K=6",Logistic (L2),4,5,6,969,0.6031605525888089,0.5929365632175012,0.009030436879199417,0.03362489648904304
all,Nielsen,deg,"Codebook occupancy (binary), K=6",Logistic (L2),4,6,6,932,0.5512254358234892,0.538965300500989,0.005083658823845877,0.011780994215547569
all,Nielsen,deg,"Codebook occupancy (binary), K=6",Logistic (L2),5,6,6,1025,0.6310833581127961,0.62515153594547,0.013300966810747583,0.03730449152658189
all,Nielsen,deg,"Codebook occupancy (binary), K=6",Random forest,1,1,6,385,nan,0.4964863989637306,nan,nan
all,Nielsen,deg,"Codebook occupancy (binary), K=6",Random forest,2,2,6,403,nan,0.4944682527954288,nan,nan
all,Nielsen,deg,"Codebook occupancy (binary), K=6",Random forest,3,3,6,438,nan,0.46118721461187207,nan,nan
all,Nielsen,deg,"Codebook occupancy (binary), K=6",Random forest,4,4,6,438,nan,0.506392694063927,nan,nan
all,Nielsen,deg,"Codebook occupancy (binary), K=6",Random forest,5,5,6,531,nan,0.47804653142289694,nan,nan
all,Nielsen,deg,"Codebook occupancy (binary), K=6",Random forest,6,6,6,494,nan,0.5004048582995951,nan,nan
all,Nielsen,deg,"Codebook occupancy (binary), K=6",Random forest,1,2,6,788,0.5928128323289614,0.5360446005607296,0.015531565936572015,0.06132911523284947
all,Nielsen,deg,"Codebook occupancy (binary), K=6",Random forest,1,3,6,823,0.5808033861116053,0.5276492913479215,0.01053760588710889,0.02536147975139535
all,Nielsen,deg,"Codebook occupancy (binary), K=6",Random forest,1,4,6,823,0.6554297871078694,0.638800925102295,0.01404731627621537,0.06258752632644621
all,Nielsen,deg,"Codebook occupancy (binary), K=6",Random forest,1,5,6,916,0.5826387360285665,0.5543669136889475,0.009587526410423073,0.03776250750395376
all,Nielsen,deg,"Codebook occupancy (binary), K=6",Random forest,1,6,6,879,0.6782007466217992,0.6640491087859508,0.014844403464430769,0.06517479543984873
all,Nielsen,deg,"Codebook occupancy (binary), K=6",Random forest,2,3,6,841,0.5759521907610727,0.5168541872032812,0.0027918398793135403,0.015899722235702653
all,Nielsen,deg,"Codebook occupancy (binary), K=6",Random forest,2,4,6,841,0.5878981270607431,0.5359603204278414,0.01253511527284325,0.04770401111972893
all,Nielsen,deg,"Codebook occupancy (binary), K=6",Random forest,2,5,6,934,0.5680495390036122,0.4898711640100377,0.01093406802885353,0.03904871180326177
all,Nielsen,deg,"Codebook occupancy (binary), K=6",Random forest,2,6,6,897,0.6166742849680031,0.5764986287057594,0.011696177926231717,0.049234595214342036
all,Nielsen,deg,"Codebook occupancy (binary), K=6",Random forest,3,4,6,876,0.6047374429223744,0.593607305936073,0.00397759521682787,0.015838228055962807
all,Nielsen,deg,"Codebook occupancy (binary), K=6",Random forest,3,5,6,969,0.5486965663132368,0.500683641617006,0.00479965459172951,0.037331105880485944
all,Nielsen,deg,"Codebook occupancy (binary), K=6",Random forest,3,6,6,932,0.6467391806703271,0.6161610559591815,0.005651400836861666,0.033397541012172356
all,Nielsen,deg,"Codebook occupancy (binary), K=6",Random forest,4,5,6,969,0.6121333488120115,0.5957678714237803,0.007505248570872873,0.021671605827930613
all,Nielsen,deg,"Codebook occupancy (binary), K=6",Random forest,4,6,6,932,0.6068460798994325,0.5788364483389717,0.0035738092948200636,0.023242805128494432
all,Nielsen,deg,"Codebook occupancy (binary), K=6",Random forest,5,6,6,1025,0.6478571483031786,0.635322552360911,0.007017030520000685,0.022126030641822274
all,Nielsen,deg,"Codebook occupancy (binary), K=12",Logistic (L2),1,1,12,385,nan,0.5152417962003455,nan,nan
all,Nielsen,deg,"Codebook occupancy (binary), K=12",Logistic (L2),2,2,12,403,nan,0.48881582188069556,nan,nan
all,Nielsen,deg,"Codebook occupancy (binary), K=12",Logistic (L2),3,3,12,438,nan,0.48995433789954335,nan,nan
all,Nielsen,deg,"Codebook occupancy (binary), K=12",Logistic (L2),4,4,12,438,nan,0.5068493150684932,nan,nan
all,Nielsen,deg,"Codebook occupancy (binary), K=12",Logistic (L2),5,5,12,531,nan,0.504360902255639,nan,nan
all,Nielsen,deg,"Codebook occupancy (binary), K=12",Logistic (L2),6,6,12,494,nan,0.5072874493927125,nan,nan
all,Nielsen,deg,"Codebook occupancy (binary), K=12",Logistic (L2),1,2,12,788,0.6056806097128677,0.5751442106280815,0.011846187080738207,0.03145745502836662
all,Nielsen,deg,"Codebook occupancy (binary), K=12",Logistic (L2),1,3,12,823,0.5823563422878492,0.5472869596157267,0.009210585596676599,0.03252519341472573
all,Nielsen,deg,"Codebook occupancy (binary), K=12",Logistic (L2),1,4,12,823,0.6538872086817292,0.6438800925102295,0.009751387521178191,0.03573293583723256
all,Nielsen,deg,"Codebook occupancy (binary), K=12",Logistic (L2),1,5,12,916,0.5914801770733975,0.5844669454838947,0.012175218360713622,0.04951035227287248
all,Nielsen,deg,"Codebook occupancy (binary), K=12",Logistic (L2),1,6,12,879,0.7174457121825544,0.7178085072821915,0.014328580022674358,0.05767742834164553
all,Nielsen,deg,"Codebook occupancy (binary), K=12",Logistic (L2),2,3,12,841,0.563752733494227,0.5075716373772052,0.005167562954208233,0.03689725848297104
all,Nielsen,deg,"Codebook occupancy (binary), K=12",Logistic (L2),2,4,12,841,0.5707500538200936,0.5316915372151784,0.011618630452321147,0.048858216073638286
all,Nielsen,deg,"Codebook occupancy (binary), K=12",Logistic (L2),2,5,12,934,0.572019295023669,0.5193253984943433,0.008433814141384974,0.03282265350126012
all,Nielsen,deg,"Codebook occupancy (binary), K=12",Logistic (L2),2,6,12,897,0.6258325715031997,0.593248008358365,0.0054867812289863625,0.014388126512329671
all,Nielsen,deg,"Codebook occupancy (binary), K=12",Logistic (L2),3,4,12,876,0.603595890410959,0.5707762557077626,0.008989093306428945,0.030021722484941556
all,Nielsen,deg,"Codebook occupancy (binary), K=12",Logistic (L2),3,5,12,969,0.566779209555504,0.5368650517245828,0.010571419991799334,0.03823721306029622
all,Nielsen,deg,"Codebook occupancy (binary), K=12",Logistic (L2),3,6,12,932,0.6526699388090881,0.633210396909027,0.005048083989868353,0.01663065709834353
all,Nielsen,deg,"Codebook occupancy (binary), K=12",Logistic (L2),4,5,12,969,0.6194566983979568,0.609511647705286,0.007212354261757515,0.010171122219346927
all,Nielsen,deg,"Codebook occupancy (binary), K=12",Logistic (L2),4,6,12,932,0.6169455844563991,0.5981272992808682,0.005823062140971091,0.02320250618286092
all,Nielsen,deg,"Codebook occupancy (binary), K=12",Logistic (L2),5,6,12,1025,0.6362732259810762,0.621272596963944,0.008251217850296736,0.015476801834621409
all,Nielsen,deg,"Codebook occupancy (binary), K=12",Random forest,1,1,12,385,nan,0.5179107297063903,nan,nan
all,Nielsen,deg,"Codebook occupancy (binary), K=12",Random forest,2,2,12,403,nan,0.5230062558494657,nan,nan
all,Nielsen,deg,"Codebook occupancy (binary), K=12",Random forest,3,3,12,438,nan,0.49269406392694065,nan,nan
all,Nielsen,deg,"Codebook occupancy (binary), K=12",Random forest,4,4,12,438,nan,0.5164383561643835,nan,nan
all,Nielsen,deg,"Codebook occupancy (binary), K=12",Random forest,5,5,12,531,nan,0.5208568591289545,nan,nan
all,Nielsen,deg,"Codebook occupancy (binary), K=12",Random forest,6,6,12,494,nan,0.4995951417004048,nan,nan
all,Nielsen,deg,"Codebook occupancy (binary), K=12",Random forest,1,2,12,788,0.646951435661113,0.5531242950597789,0.010567822160334795,0.04312531274095483
all,Nielsen,deg,"Codebook occupancy (binary), K=12",Random forest,1,3,12,823,0.6326261637905474,0.5243491668149203,0.0060415804462383375,0.02445216242359534
all,Nielsen,deg,"Codebook occupancy (binary), K=12",Random forest,1,4,12,823,0.6893309316254521,0.6310087173100871,0.011289319387981037,0.03586178237861689
all,Nielsen,deg,"Codebook occupancy (binary), K=12",Random forest,1,5,12,916,0.6422713821018906,0.5695013084843593,0.0068564661532791145,0.032108155257180374
all,Nielsen,deg,"Codebook occupancy (binary), K=12",Random forest,1,6,12,879,0.7437825332562175,0.6878831694621168,0.009637071556270069,0.03592863511420733
all,Nielsen,deg,"Codebook occupancy (binary), K=12",Random forest,2,3,12,841,0.6316729834460723,0.4827577415955675,0.010737910202555448,0.04970207105048759
all,Nielsen,deg,"Codebook occupancy (binary), K=12",Random forest,2,4,12,841,0.6363609968614388,0.5023595862084593,0.007513904280660121,0.025824321493846527
all,Nielsen,deg,"Codebook occupancy (binary), K=12",Random forest,2,5,12,934,0.6465480179258201,0.528187837919932,0.00737307280088949,0.019990141403476925
all,Nielsen,deg,"Codebook occupancy (binary), K=12",Random forest,2,6,12,897,0.6901201514953637,0.6196290975577903,0.006563948118924524,0.019362611013999907
all,Nielsen,deg,"Codebook occupancy (binary), K=12",Random forest,3,4,12,876,0.6484018264840183,0.5559360730593608,0.009938155573077614,0.016190389284036596
all,Nielsen,deg,"Codebook occupancy (binary), K=12",Random forest,3,5,12,969,0.624812965972706,0.5032376235069524,0.0071833702873058845,0.019099545290575524
all,Nielsen,deg,"Codebook occupancy (binary), K=12",Random forest,3,6,12,932,0.6967283197456233,0.6167942247610596,0.008924969697117433,0.03679037579852169
all,Nielsen,deg,"Codebook occupancy (binary), K=12",Random forest,4,5,12,969,0.6540773417950108,0.5934718675025152,0.00127374379769521,0.013616921887880407
all,Nielsen,deg,"Codebook occupancy (binary), K=12",Random forest,4,6,12,932,0.6770954652173109,0.5862634721683028,0.005004453033999096,0.02368724928094774
all,Nielsen,deg,"Codebook occupancy (binary), K=12",Random forest,5,6,12,1025,0.67827489192342,0.5776798035941657,0.0025457409817426792,0.008707773406780746
all,Nielsen,deg,"State bigrams, K=6",Logistic (L2),1,1,36,385,nan,0.49689119170984447,nan,nan
all,Nielsen,deg,"State bigrams, K=6",Logistic (L2),2,2,36,403,nan,0.49345352445692325,nan,nan
all,Nielsen,deg,"State bigrams, K=6",Logistic (L2),3,3,36,438,nan,0.4890410958904109,nan,nan
all,Nielsen,deg,"State bigrams, K=6",Logistic (L2),4,4,36,438,nan,0.5050228310502283,nan,nan
all,Nielsen,deg,"State bigrams, K=6",Logistic (L2),5,5,36,531,nan,0.4897035040431267,nan,nan
all,Nielsen,deg,"State bigrams, K=6",Logistic (L2),6,6,36,494,nan,0.49838056680161935,nan,nan
all,Nielsen,deg,"State bigrams, K=6",Logistic (L2),1,2,36,788,0.6129942638007154,0.5746221520415069,0.00793971161746435,0.0257222795952568
all,Nielsen,deg,"State bigrams, K=6",Logistic (L2),1,3,36,823,0.5961913657119137,0.5404791555476487,0.010842632768313676,0.030583716184362626
all,Nielsen,deg,"State bigrams, K=6",Logistic (L2),1,4,36,823,0.6793282630611397,0.6394384154658127,0.01640372195706299,0.04725490477712225
all,Nielsen,deg,"State bigrams, K=6",Logistic (L2),1,5,36,916,0.6002292904835278,0.5452442096509893,0.014704499727653815,0.04529351198642177
all,Nielsen,deg,"State bigrams, K=6",Logistic (L2),1,6,36,879,0.7311142804563857,0.7033887165466113,0.013091734195064594,0.04982820475649459
all,Nielsen,deg,"State bigrams, K=6",Logistic (L2),2,3,36,841,0.5817987525068833,0.5078747294832138,0.005642083022583176,0.014602788054142214
all,Nielsen,deg,"State bigrams, K=6",Logistic (L2),2,4,36,841,0.5856277689021834,0.5173498985916132,0.009474192113422101,0.04499389502975576
all,Nielsen,deg,"State bigrams, K=6",Logistic (L2),2,5,36,934,0.5725794768987771,0.509322734855813,0.0029408640183730514,0.02653052611995162
all,Nielsen,deg,"State bigrams, K=6",Logistic (L2),2,6,36,897,0.657143789996082,0.6203800444038134,0.01029406117089349,0.05427258913510732
all,Nielsen,deg,"State bigrams, K=6",Logistic (L2),3,4,36,876,0.6075913242009132,0.567351598173516,0.012166463717880386,0.03498810142420023
all,Nielsen,deg,"State bigrams, K=6",Logistic (L2),3,5,36,969,0.5635867321930708,0.5192903026081572,0.004224285028015957,0.02322668845500848
all,Nielsen,deg,"State bigrams, K=6",Logistic (L2),3,6,36,932,0.6888206422272751,0.6375085500896605,0.006448130575403488,0.026737927199973317
all,Nielsen,deg,"State bigrams, K=6",Logistic (L2),4,5,36,969,0.6163803111214302,0.5870030699378272,0.009969189560781353,0.032441043192488445
all,Nielsen,deg,"State bigrams, K=6",Logistic (L2),4,6,36,932,0.6169594494666593,0.5789196384005324,0.013206415953860318,0.016213891569614156
all,Nielsen,deg,"State bigrams, K=6",Logistic (L2),5,6,36,1025,0.6809787125353584,0.6594520307722805,0.0101456479265725,0.023535863994213518
all,Nielsen,deg,"State bigrams, K=6",Random forest,1,1,36,385,nan,0.5104085708117445,nan,nan
all,Nielsen,deg,"State bigrams, K=6",Random forest,2,2,36,403,nan,0.5073617063198859,nan,nan
all,Nielsen,deg,"State bigrams, K=6",Random forest,3,3,36,438,nan,0.48310502283105017,nan,nan
all,Nielsen,deg,"State bigrams, K=6",Random forest,4,4,36,438,nan,0.497716894977169,nan,nan
all,Nielsen,deg,"State bigrams, K=6",Random forest,5,5,36,531,nan,0.4901163285572422,nan,nan
all,Nielsen,deg,"State bigrams, K=6",Random forest,6,6,36,494,nan,0.4963562753036438,nan,nan
all,Nielsen,deg,"State bigrams, K=6",Random forest,1,2,36,788,0.6540242016048468,0.5498308143469434,0.010831793599060242,0.03631837457670442
all,Nielsen,deg,"State bigrams, K=6",Random forest,1,3,36,823,0.6290273083081301,0.5218258910039733,0.008080161346926634,0.03772700481738112
all,Nielsen,deg,"State bigrams, K=6",Random forest,1,4,36,823,0.6950824289865385,0.6549071932633577,0.013637946475078079,0.050503562711528976
all,Nielsen,deg,"State bigrams, K=6",Random forest,1,5,36,916,0.6220008804754568,0.5264142637023993,0.012676683992636599,0.056645883920913416
all,Nielsen,deg,"State bigrams, K=6",Random forest,1,6,36,879,0.7443392134181608,0.708162889741837,0.010151810273099117,0.049509292003430065
all,Nielsen,deg,"State bigrams, K=6",Random forest,2,3,36,841,0.6160056709382824,0.4926379777241465,0.01025524563717781,0.005436018446581981
all,Nielsen,deg,"State bigrams, K=6",Random forest,2,4,36,841,0.6386731364084436,0.5462371256670859,0.006615084605445087,0.042068802384583125
all,Nielsen,deg,"State bigrams, K=6",Random forest,2,5,36,934,0.6087821797909277,0.49106746482361574,0.007144362701630424,0.04658661881586128
all,Nielsen,deg,"State bigrams, K=6",Random forest,2,6,36,897,0.6815903748204257,0.6264855687606112,0.00962650806885331,0.055991878726293465
all,Nielsen,deg,"State bigrams, K=6",Random forest,3,4,36,876,0.6484018264840183,0.591324200913242,0.0022595367225024692,0.01623717418411911
all,Nielsen,deg,"State bigrams, K=6",Random forest,3,5,36,969,0.5998277997059052,0.5084165312282332,0.0039618849128264105,0.03812983825653831
all,Nielsen,deg,"State bigrams, K=6",Random forest,3,6,36,932,0.7036585140406337,0.6464884550681234,0.006558603994113936,0.03133961640110473
all,Nielsen,deg,"State bigrams, K=6",Random forest,4,5,36,969,0.6478536233005702,0.5860936975982252,0.0054594135753532865,0.02892628737144747
all,Nielsen,deg,"State bigrams, K=6",Random forest,4,6,36,932,0.6655228033202079,0.6206394542731961,0.007551974699836004,0.02459003574855399
all,Nielsen,deg,"State bigrams, K=6",Random forest,5,6,36,1025,0.6976624389090937,0.6660433678720923,0.008724830519847356,0.029111065388897912
all,Nielsen,deg,"State bigrams, K=12",Logistic (L2),1,1,144,385,nan,0.5038914075993091,nan,nan
all,Nielsen,deg,"State bigrams, K=12",Logistic (L2),2,2,144,403,nan,0.5036993251563963,nan,nan
all,Nielsen,deg,"State bigrams, K=12",Logistic (L2),3,3,144,438,nan,0.5050228310502283,nan,nan
all,Nielsen,deg,"State bigrams, K=12",Logistic (L2),4,4,144,438,nan,0.4917808219178082,nan,nan
all,Nielsen,deg,"State bigrams, K=12",Logistic (L2),5,5,144,531,nan,0.5031905234785076,nan,nan
all,Nielsen,deg,"State bigrams, K=12",Logistic (L2),6,6,144,494,nan,0.5141700404858299,nan,nan
all,Nielsen,deg,"State bigrams, K=12",Logistic (L2),1,2,144,788,0.6592278689052883,0.5362411781766621,0.015199049956887822,0.026343165799882114
all,Nielsen,deg,"State bigrams, K=12",Logistic (L2),1,3,144,823,0.6446391508035343,0.5286010792860107,0.008138539299004004,0.013047186868574421
all,Nielsen,deg,"State bigrams, K=12",Logistic (L2),1,4,144,823,0.7035299175710135,0.6167230030243729,0.00571703334740823,0.036458235012991815
all,Nielsen,deg,"State bigrams, K=12",Logistic (L2),1,5,144,916,0.6563767212072297,0.563785555310979,0.015184566329840228,0.04813473902569531
all,Nielsen,deg,"State bigrams, K=12",Logistic (L2),1,6,144,879,0.7909965034965036,0.7085651190914348,0.01193520719865667,0.03955486022538075
all,Nielsen,deg,"State bigrams, K=12",Logistic (L2),2,3,144,841,0.6412416295591284,0.4960116478013076,0.006193044198929101,0.03216678072960742
all,Nielsen,deg,"State bigrams, K=12",Logistic (L2),2,4,144,841,0.6335071155829,0.4889102280838914,0.005151024068212775,0.015827253901291787
all,Nielsen,deg,"State bigrams, K=12",Logistic (L2),2,5,144,934,0.6602622515689766,0.5484268176996444,0.008676340844840529,0.027712664680622726
all,Nielsen,deg,"State bigrams, K=12",Logistic (L2),2,6,144,897,0.7153421705628836,0.6262243698576466,0.007534922194685328,0.014107651918018728
all,Nielsen,deg,"State bigrams, K=12",Logistic (L2),3,4,144,876,0.6675228310502284,0.5319634703196348,0.013162868553943463,0.031890295745837176
all,Nielsen,deg,"State bigrams, K=12",Logistic (L2),3,5,144,969,0.6268429301137683,0.4945953615561231,0.0036372094015356144,0.026919397826341944
all,Nielsen,deg,"State bigrams, K=12",Logistic (L2),3,6,144,932,0.727669245558575,0.6301878246723236,0.006670590871673158,0.035597815483727556
all,Nielsen,deg,"State bigrams, K=12",Logistic (L2),4,5,144,969,0.6807683873797177,0.5897376364058509,0.004377359423212719,0.02860933423635989
all,Nielsen,deg,"State bigrams, K=12",Logistic (L2),4,6,144,932,0.6970911208474294,0.5847336993696042,0.009235866251446208,0.014090728106766127
all,Nielsen,deg,"State bigrams, K=12",Logistic (L2),5,6,144,1025,0.7189732534290965,0.6063267686818088,0.00663597930771115,0.028477011807572877
all,Nielsen,deg,"State bigrams, K=12",Random forest,1,1,144,385,nan,0.49292962003454227,nan,nan
all,Nielsen,deg,"State bigrams, K=12",Random forest,2,2,144,403,nan,0.5210703906211517,nan,nan
all,Nielsen,deg,"State bigrams, K=12",Random forest,3,3,144,438,nan,0.5013698630136986,nan,nan
all,Nielsen,deg,"State bigrams, K=12",Random forest,4,4,144,438,nan,0.5013698630136987,nan,nan
all,Nielsen,deg,"State bigrams, K=12",Random forest,5,5,144,531,nan,0.49939140303589163,nan,nan
all,Nielsen,deg,"State bigrams, K=12",Random forest,6,6,144,494,nan,0.49230769230769234,nan,nan
all,Nielsen,deg,"State bigrams, K=12",Random forest,1,2,144,788,0.6941679288453481,0.5528922690213012,0.008704998053448309,0.04436223114575504
all,Nielsen,deg,"State bigrams, K=12",Random forest,1,3,144,823,0.7051243847476725,0.5365089248650892,0.0056803835785435765,0.022140542844661666
all,Nielsen,deg,"State bigrams, K=12",Random forest,1,4,144,823,0.7214886141256005,0.6190061080472039,0.007065099565906463,0.018876481382853156
all,Nielsen,deg,"State bigrams, K=12",Random forest,1,5,144,916,0.7010217183945997,0.5805072516936923,0.011718872891220485,0.03802951063588769
all,Nielsen,deg,"State bigrams, K=12",Random forest,1,6,144,879,0.7857530627267469,0.7240522635259478,0.007527811262382782,0.04503054727541455
all,Nielsen,deg,"State bigrams, K=12",Random forest,2,3,144,841,0.6815401327939994,0.5132822325707875,0.004780298311819651,0.021339633130382285
all,Nielsen,deg,"State bigrams, K=12",Random forest,2,4,144,841,0.6902731511381532,0.5123361319782,0.0074523181519551025,0.045001589557495066
all,Nielsen,deg,"State bigrams, K=12",Random forest,2,5,144,934,0.7071405373072951,0.5336716621571733,0.007142099251759261,0.04539788584971229
all,Nielsen,deg,"State bigrams, K=12",Random forest,2,6,144,897,0.7409804753820034,0.644671542379522,0.003320564769269487,0.014150114780059477
all,Nielsen,deg,"State bigrams, K=12",Random forest,3,4,144,876,0.6920662100456622,0.545662100456621,0.009912537149872773,0.03107492773182893
all,Nielsen,deg,"State bigrams, K=12",Random forest,3,5,144,969,0.6731112787967908,0.4991357738049171,0.009210737392094609,0.024928283378697066
all,Nielsen,deg,"State bigrams, K=12",Random forest,3,6,144,932,0.7352661157635922,0.6489240752038157,0.009665742162921015,0.023412048372234297
all,Nielsen,deg,"State bigrams, K=12",Random forest,4,5,144,969,0.7018145525372133,0.583288187188814,0.0058841448946930575,0.039729184969878414
all,Nielsen,deg,"State bigrams, K=12",Random forest,4,6,144,932,0.7124963026639306,0.5920775331373745,0.0054852195000996236,0.02068946813677944
all,Nielsen,deg,"State bigrams, K=12",Random forest,5,6,144,1025,0.7361425619677181,0.6363346981098988,0.005706915841830048,0.028102758189524405
all,Nielsen,deg,"Gaze heatmap, 5x5",Logistic (L2),1,1,25,385,nan,0.4847069300518134,nan,nan
all,Nielsen,deg,"Gaze heatmap, 5x5",Logistic (L2),2,2,25,403,nan,0.5103098369538447,nan,nan
all,Nielsen,deg,"Gaze heatmap, 5x5",Logistic (L2),3,3,25,438,nan,0.4904109589041096,nan,nan
all,Nielsen,deg,"Gaze heatmap, 5x5",Logistic (L2),4,4,25,438,nan,0.48584474885844753,nan,nan
all,Nielsen,deg,"Gaze heatmap, 5x5",Logistic (L2),5,5,25,531,nan,0.5096325719960278,nan,nan
all,Nielsen,deg,"Gaze heatmap, 5x5",Logistic (L2),6,6,25,494,nan,0.5052631578947369,nan,nan
all,Nielsen,deg,"Gaze heatmap, 5x5",Logistic (L2),1,2,25,788,0.6429787953981503,0.6115175147433212,0.007643838950130961,0.020154472720221518
all,Nielsen,deg,"Gaze heatmap, 5x5",Logistic (L2),1,3,25,823,0.6218807448259502,0.5882672122398149,0.0110517876613014,0.03268052640278441
all,Nielsen,deg,"Gaze heatmap, 5x5",Logistic (L2),1,4,25,823,0.68455642530985,0.6493980904939809,0.008423521868278286,0.018717678516889817
all,Nielsen,deg,"Gaze heatmap, 5x5",Logistic (L2),1,5,25,916,0.6275931225083767,0.5964805439381711,0.00902703195880264,0.028019823337740498
all,Nielsen,deg,"Gaze heatmap, 5x5",Logistic (L2),1,6,25,879,0.7410911456964089,0.7174430832325569,0.010166147131480526,0.036960343197220136
all,Nielsen,deg,"Gaze heatmap, 5x5",Logistic (L2),2,3,25,841,0.6344631304032543,0.5924884145166955,0.007634142714951873,0.039279146853059464
all,Nielsen,deg,"Gaze heatmap, 5x5",Logistic (L2),2,4,25,841,0.6166585936526281,0.5900580123956174,0.012301275926643478,0.03244908858306883
all,Nielsen,deg,"Gaze heatmap, 5x5",Logistic (L2),2,5,25,934,0.6491514909366194,0.6259270163042716,0.011819587224608479,0.03840650679144066
all,Nielsen,deg,"Gaze heatmap, 5x5",Logistic (L2),2,6,25,897,0.7064532453963693,0.6767990074441688,0.012496081382260708,0.05241142287627279
all,Nielsen,deg,"Gaze heatmap, 5x5",Logistic (L2),3,4,25,876,0.5936073059360731,0.5547945205479452,0.008672315067376911,0.020659851244948475
all,Nielsen,deg,"Gaze heatmap, 5x5",Logistic (L2),3,5,25,969,0.5712809251089956,0.5120475711374248,0.014892722785495272,0.02331357442013904
all,Nielsen,deg,"Gaze heatmap, 5x5",Logistic (L2),3,6,25,932,0.6648029782042039,0.6287551069454458,0.008105078450282866,0.04131541727141718
all,Nielsen,deg,"Gaze heatmap, 5x5",Logistic (L2),4,5,25,969,0.6294775301189279,0.6069770141629904,0.015661128605657812,0.010338741240016274
all,Nielsen,deg,"Gaze heatmap, 5x5",Logistic (L2),4,6,25,932,0.5955518736250531,0.5677213317804521,0.004027683524918418,0.026782344853453204
all,Nielsen,deg,"Gaze heatmap, 5x5",Logistic (L2),5,6,25,1025,0.6849186471175767,0.6699470863163994,0.00808120773977988,0.009316708506612568
all,Nielsen,deg,"Gaze heatmap, 5x5",Random forest,1,1,25,385,nan,0.5069651338514681,nan,nan
all,Nielsen,deg,"Gaze heatmap, 5x5",Random forest,2,2,25,403,nan,0.5111447711935373,nan,nan
all,Nielsen,deg,"Gaze heatmap, 5x5",Random forest,3,3,25,438,nan,0.5086757990867581,nan,nan
all,Nielsen,deg,"Gaze heatmap, 5x5",Random forest,4,4,25,438,nan,0.4849315068493151,nan,nan
all,Nielsen,deg,"Gaze heatmap, 5x5",Random forest,5,5,25,531,nan,0.4948999858135906,nan,nan
all,Nielsen,deg,"Gaze heatmap, 5x5",Random forest,6,6,25,494,nan,0.47854251012145754,nan,nan
all,Nielsen,deg,"Gaze heatmap, 5x5",Random forest,1,2,25,788,0.8417662982179112,0.6187425477748059,0.007141340495797783,0.028378581138754605
all,Nielsen,deg,"Gaze heatmap, 5x5",Random forest,1,3,25,823,0.8569189942477613,0.5752475834667615,0.004214252107356251,0.027321822196383325
all,Nielsen,deg,"Gaze heatmap, 5x5",Random forest,1,4,25,823,0.8392871968214434,0.6638498487813556,0.006178365354708803,0.04227151575502416
all,Nielsen,deg,"Gaze heatmap, 5x5",Random forest,1,5,25,916,0.846166874556705,0.6125883532663193,0.008730162475225501,0.05197858439949929
all,Nielsen,deg,"Gaze heatmap, 5x5",Random forest,1,6,25,879,0.8521077606603922,0.7259792838740207,0.004989054541977827,0.044849525405967185
all,Nielsen,deg,"Gaze heatmap, 5x5",Random forest,2,3,25,841,0.8394624505704931,0.599737131332359,0.00926938714613461,0.025218448402615206
all,Nielsen,deg,"Gaze heatmap, 5x5",Random forest,2,4,25,841,0.858557253249034,0.5888654724271163,0.003245520641344359,0.03780217450284061
all,Nielsen,deg,"Gaze heatmap, 5x5",Random forest,2,5,25,934,0.8399824994275513,0.6422780184398554,0.008228612088104782,0.026282371833792624
all,Nielsen,deg,"Gaze heatmap, 5x5",Random forest,2,6,25,897,0.8382444168734491,0.6716076792477472,0.008848419122047214,0.039767715756446866
all,Nielsen,deg,"Gaze heatmap, 5x5",Random forest,3,4,25,876,0.8176369863013698,0.569634703196347,0.010992603687721153,0.020415772068955253
all,Nielsen,deg,"Gaze heatmap, 5x5",Random forest,3,5,25,969,0.8441748574671722,0.5635657714831153,0.012682807050946413,0.025714035874681924
all,Nielsen,deg,"Gaze heatmap, 5x5",Random forest,3,6,25,932,0.820913750392842,0.6339544857929863,0.005951667171201777,0.0272841182440396
all,Nielsen,deg,"Gaze heatmap, 5x5",Random forest,4,5,25,969,0.8238865025926785,0.6078283414596394,0.008738782294994581,0.030714661200238552
all,Nielsen,deg,"Gaze heatmap, 5x5",Random forest,4,6,25,932,0.8269542731961621,0.5771310520769786,0.0019181377617486777,0.017313919324095203
all,Nielsen,deg,"Gaze heatmap, 5x5",Random forest,5,6,25,1025,0.8379570857826879,0.6776249075535428,0.009222161484710998,0.020175157577622626
all,Nielsen,deg,"Gaze heatmap, 10x10",Logistic (L2),1,1,100,385,nan,0.49091375215889466,nan,nan
all,Nielsen,deg,"Gaze heatmap, 10x10",Logistic (L2),2,2,100,403,nan,0.4893749076400177,nan,nan
all,Nielsen,deg,"Gaze heatmap, 10x10",Logistic (L2),3,3,100,438,nan,0.5095890410958904,nan,nan
all,Nielsen,deg,"Gaze heatmap, 10x10",Logistic (L2),4,4,100,438,nan,0.497716894977169,nan,nan
all,Nielsen,deg,"Gaze heatmap, 10x10",Logistic (L2),5,5,100,531,nan,0.47081713718257917,nan,nan
all,Nielsen,deg,"Gaze heatmap, 10x10",Logistic (L2),6,6,100,494,nan,0.49635627530364373,nan,nan
all,Nielsen,deg,"Gaze heatmap, 10x10",Logistic (L2),1,2,100,788,0.7187240179175663,0.6223486191228127,0.01334862645498987,0.026442779269322744
all,Nielsen,deg,"Gaze heatmap, 10x10",Logistic (L2),1,3,100,823,0.6502638913597818,0.556460890707466,0.01322785266059197,0.04222383286633523
all,Nielsen,deg,"Gaze heatmap, 10x10",Logistic (L2),1,4,100,823,0.7651151930261519,0.6682411196109826,0.010272509285056408,0.008553677050243562
all,Nielsen,deg,"Gaze heatmap, 10x10",Logistic (L2),1,5,100,916,0.7119047619047618,0.6232665639445301,0.004541037082303917,0.029751632694001738
all,Nielsen,deg,"Gaze heatmap, 10x10",Logistic (L2),1,6,100,879,0.8459001524790999,0.7664519690835481,0.009555324551586171,0.031216128429949946
all,Nielsen,deg,"Gaze heatmap, 10x10",Logistic (L2),2,3,100,841,0.7033103606512797,0.595513670303772,0.009990230584285777,0.04561580897484053
all,Nielsen,deg,"Gaze heatmap, 10x10",Logistic (L2),2,4,100,841,0.6824933149778487,0.5645472880338103,0.016275741016431786,0.044714907323407424
all,Nielsen,deg,"Gaze heatmap, 10x10",Logistic (L2),2,5,100,934,0.7223361278172651,0.6546732837055418,0.011384931266579057,0.025411138774904134
all,Nielsen,deg,"Gaze heatmap, 10x10",Logistic (L2),2,6,100,897,0.7713611727830743,0.6997845109050542,0.01040171683097959,0.061483382081329814
all,Nielsen,deg,"Gaze heatmap, 10x10",Logistic (L2),3,4,100,876,0.6943493150684932,0.6004566210045662,0.009700467457894676,0.026181418830366267
all,Nielsen,deg,"Gaze heatmap, 10x10",Logistic (L2),3,5,100,969,0.670836235585481,0.5839137837628667,0.005145027785023563,0.0254571925435358
all,Nielsen,deg,"Gaze heatmap, 10x10",Logistic (L2),3,6,100,932,0.7895106575712199,0.7083911042094171,0.00826417023248182,0.029987633455028834
all,Nielsen,deg,"Gaze heatmap, 10x10",Logistic (L2),4,5,100,969,0.7246617263885664,0.6522263498697212,0.0106212522044256,0.03702291578147146
all,Nielsen,deg,"Gaze heatmap, 10x10",Logistic (L2),4,6,100,932,0.7541710572532491,0.6809337622243175,0.013568603196947013,0.03563930522511188
all,Nielsen,deg,"Gaze heatmap, 10x10",Logistic (L2),5,6,100,1025,0.7400000571833757,0.650508550820772,0.014780630308270466,0.04518909747506245
all,Nielsen,deg,"Gaze heatmap, 10x10",Random forest,1,1,100,385,nan,0.4981946243523317,nan,nan
all,Nielsen,deg,"Gaze heatmap, 10x10",Random forest,2,2,100,403,nan,0.5086448943401803,nan,nan
all,Nielsen,deg,"Gaze heatmap, 10x10",Random forest,3,3,100,438,nan,0.5031963470319635,nan,nan
all,Nielsen,deg,"Gaze heatmap, 10x10",Random forest,4,4,100,438,nan,0.5018264840182649,nan,nan
all,Nielsen,deg,"Gaze heatmap, 10x10",Random forest,5,5,100,531,nan,0.4737820967513122,nan,nan
all,Nielsen,deg,"Gaze heatmap, 10x10",Random forest,6,6,100,494,nan,0.4951417004048583,nan,nan
all,Nielsen,deg,"Gaze heatmap, 10x10",Random forest,1,2,100,788,0.9079815345944376,0.655070735715897,0.0018810719037550391,0.041521245365524775
all,Nielsen,deg,"Gaze heatmap, 10x10",Random forest,1,3,100,823,0.907775158631323,0.5565854237087113,0.006792318171691004,0.03314241120988599
all,Nielsen,deg,"Gaze heatmap, 10x10",Random forest,1,4,100,823,0.8827810887742394,0.7103214137460712,0.011009759743754871,0.0340745516762476
all,Nielsen,deg,"Gaze heatmap, 10x10",Random forest,1,5,100,916,0.9006053268765133,0.6307041357888815,0.011802098446558473,0.021225563931882022
all,Nielsen,deg,"Gaze heatmap, 10x10",Random forest,1,6,100,879,0.9011015300488985,0.8024133760975867,0.005491358170992657,0.027563146864144374
all,Nielsen,deg,"Gaze heatmap, 10x10",Random forest,2,3,100,841,0.9210140555423366,0.6167556114529159,0.010937439720728769,0.03138878033903902
all,Nielsen,deg,"Gaze heatmap, 10x10",Random forest,2,4,100,841,0.9073048030184574,0.5914460042829464,0.005088458844331539,0.08236087355275244
all,Nielsen,deg,"Gaze heatmap, 10x10",Random forest,2,5,100,934,0.919478674536083,0.6412920048786642,0.008287395145263292,0.011153527001277575
all,Nielsen,deg,"Gaze heatmap, 10x10",Random forest,2,6,100,897,0.8915045056810762,0.7063797832049106,0.003718035474998508,0.05389713074146603
all,Nielsen,deg,"Gaze heatmap, 10x10",Random forest,3,4,100,876,0.8841324200913242,0.6358447488584474,0.006320197786693878,0.03697750858441657
all,Nielsen,deg,"Gaze heatmap, 10x10",Random forest,3,5,100,969,0.9015572195134536,0.6186956633903464,0.006724399786271048,0.040393763213087165
all,Nielsen,deg,"Gaze heatmap, 10x10",Random forest,3,6,100,932,0.8902699979664652,0.7454984933355517,0.009960466910312642,0.01980098579021899
all,Nielsen,deg,"Gaze heatmap, 10x10",Random forest,4,5,100,969,0.896950700410185,0.660417150375358,0.009644989728691569,0.03885024825606946
all,Nielsen,deg,"Gaze heatmap, 10x10",Random forest,4,6,100,932,0.8858736342964894,0.7068012496995915,0.007049478296088657,0.03233866723760028
all,Nielsen,deg,"Gaze heatmap, 10x10",Random forest,5,6,100,1025,0.8798186524546917,0.6746380292321417,0.007556908947696831,0.0465519203260042
