label_source,feature,variant,k,space,monkey,scope_computed_on,row_kind,session,trial_id,maze,strategy,strategy_tag,cell_name,half,split,n_trials_in_row,row_sum,n_nonzero,dim,dim_label,value
svm,occupancy,full,6,unith,Faure,top_ten,trial,june_8_g0,320,1,0,H,1H,,,1,835.6047973632812,3,0,0,0.0
svm,occupancy,full,6,unith,Faure,top_ten,trial,june_8_g0,320,1,0,H,1H,,,1,835.6047973632812,3,1,1,252.21621704101562
svm,occupancy,full,6,unith,Faure,top_ten,trial,june_8_g0,320,1,0,H,1H,,,1,835.6047973632812,3,2,2,53.864837646484375
svm,occupancy,full,6,unith,Faure,top_ten,trial,june_8_g0,320,1,0,H,1H,,,1,835.6047973632812,3,3,3,529.5237426757812
svm,occupancy,full,6,unith,Faure,top_ten,trial,june_8_g0,320,1,0,H,1H,,,1,835.6047973632812,3,4,4,0.0
svm,occupancy,full,6,unith,Faure,top_ten,trial,june_8_g0,320,1,0,H,1H,,,1,835.6047973632812,3,5,5,0.0
svm,occupancy,full,6,unith,Faure,top_ten,trial,june_22_g0,34,1,0,H,1H,,,1,917.6838302612305,3,0,0,91.79131317138672
svm,occupancy,full,6,unith,Faure,top_ten,trial,june_22_g0,34,1,0,H,1H,,,1,917.6838302612305,3,1,1,560.5374145507812
svm,occupancy,full,6,unith,Faure,top_ten,trial,june_22_g0,34,1,0,H,1H,,,1,917.6838302612305,3,2,2,0.0
svm,occupancy,full,6,unith,Faure,top_ten,trial,june_22_g0,34,1,0,H,1H,,,1,917.6838302612305,3,3,3,265.3551025390625
svm,occupancy,full,6,unith,Faure,top_ten,trial,june_22_g0,34,1,0,H,1H,,,1,917.6838302612305,3,4,4,0.0
svm,occupancy,full,6,unith,Faure,top_ten,trial,june_22_g0,34,1,0,H,1H,,,1,917.6838302612305,3,5,5,0.0
svm,occupancy,full,6,unith,Faure,top_ten,trial,june_29_g0,558,1,0,H,1H,,,1,656.5070953369141,2,0,0,0.0
svm,occupancy,full,6,unith,Faure,top_ten,trial,june_29_g0,558,1,0,H,1H,,,1,656.5070953369141,2,1,1,433.3732604980469
svm,occupancy,full,6,unith,Faure,top_ten,trial,june_29_g0,558,1,0,H,1H,,,1,656.5070953369141,2,2,2,0.0
svm,occupancy,full,6,unith,Faure,top_ten,trial,june_29_g0,558,1,0,H,1H,,,1,656.5070953369141,2,3,3,0.0
svm,occupancy,full,6,unith,Faure,top_ten,trial,june_29_g0,558,1,0,H,1H,,,1,656.5070953369141,2,4,4,223.1338348388672
svm,occupancy,full,6,unith,Faure,top_ten,trial,june_29_g0,558,1,0,H,1H,,,1,656.5070953369141,2,5,5,0.0
svm,occupancy,full,6,unith,Faure,top_ten,trial,june_10_g0,193,1,1,S,1S,,,1,859.0663604736328,3,0,0,0.0
svm,occupancy,full,6,unith,Faure,top_ten,trial,june_10_g0,193,1,1,S,1S,,,1,859.0663604736328,3,1,1,446.4541015625
svm,occupancy,full,6,unith,Faure,top_ten,trial,june_10_g0,193,1,1,S,1S,,,1,859.0663604736328,3,2,2,245.5409698486328
svm,occupancy,full,6,unith,Faure,top_ten,trial,june_10_g0,193,1,1,S,1S,,,1,859.0663604736328,3,3,3,167.0712890625
svm,occupancy,full,6,unith,Faure,top_ten,trial,june_10_g0,193,1,1,S,1S,,,1,859.0663604736328,3,4,4,0.0
svm,occupancy,full,6,unith,Faure,top_ten,trial,june_10_g0,193,1,1,S,1S,,,1,859.0663604736328,3,5,5,0.0
svm,occupancy,full,6,unith,Faure,top_ten,trial,june_22_g0,268,1,1,S,1S,,,1,946.6605606079102,4,0,0,233.45697021484375
svm,occupancy,full,6,unith,Faure,top_ten,trial,june_22_g0,268,1,1,S,1S,,,1,946.6605606079102,4,1,1,304.2362060546875
svm,occupancy,full,6,unith,Faure,top_ten,trial,june_22_g0,268,1,1,S,1S,,,1,946.6605606079102,4,2,2,98.75714874267578
svm,occupancy,full,6,unith,Faure,top_ten,trial,june_22_g0,268,1,1,S,1S,,,1,946.6605606079102,4,3,3,310.2102355957031
svm,occupancy,full,6,unith,Faure,top_ten,trial,june_22_g0,268,1,1,S,1S,,,1,946.6605606079102,4,4,4,0.0
svm,occupancy,full,6,unith,Faure,top_ten,trial,june_22_g0,268,1,1,S,1S,,,1,946.6605606079102,4,5,5,0.0
svm,occupancy,full,6,unith,Faure,top_ten,trial,june_29_g0,525,1,1,S,1S,,,1,180.3212776184082,3,0,0,74.69314575195312
svm,occupancy,full,6,unith,Faure,top_ten,trial,june_29_g0,525,1,1,S,1S,,,1,180.3212776184082,3,1,1,51.848052978515625
svm,occupancy,full,6,unith,Faure,top_ten,trial,june_29_g0,525,1,1,S,1S,,,1,180.3212776184082,3,2,2,0.0
svm,occupancy,full,6,unith,Faure,top_ten,trial,june_29_g0,525,1,1,S,1S,,,1,180.3212776184082,3,3,3,53.78007888793945
svm,occupancy,full,6,unith,Faure,top_ten,trial,june_29_g0,525,1,1,S,1S,,,1,180.3212776184082,3,4,4,0.0
svm,occupancy,full,6,unith,Faure,top_ten,trial,june_29_g0,525,1,1,S,1S,,,1,180.3212776184082,3,5,5,0.0
svm,occupancy,full,6,unith,Faure,top_ten,trial,june_10_g0,393,2,0,H,2H,,,1,437.37296295166016,3,0,0,0.0
svm,occupancy,full,6,unith,Faure,top_ten,trial,june_10_g0,393,2,0,H,2H,,,1,437.37296295166016,3,1,1,231.17349243164062
svm,occupancy,full,6,unith,Faure,top_ten,trial,june_10_g0,393,2,0,H,2H,,,1,437.37296295166016,3,2,2,84.74832916259766
svm,occupancy,full,6,unith,Faure,top_ten,trial,june_10_g0,393,2,0,H,2H,,,1,437.37296295166016,3,3,3,121.45114135742188
svm,occupancy,full,6,unith,Faure,top_ten,trial,june_10_g0,393,2,0,H,2H,,,1,437.37296295166016,3,4,4,0.0
svm,occupancy,full,6,unith,Faure,top_ten,trial,june_10_g0,393,2,0,H,2H,,,1,437.37296295166016,3,5,5,0.0
svm,occupancy,full,6,unith,Faure,top_ten,trial,june_09_09_g0,354,2,0,H,2H,,,1,872.44287109375,2,0,0,0.0
svm,occupancy,full,6,unith,Faure,top_ten,trial,june_09_09_g0,354,2,0,H,2H,,,1,872.44287109375,2,1,1,379.1556091308594
svm,occupancy,full,6,unith,Faure,top_ten,trial,june_09_09_g0,354,2,0,H,2H,,,1,872.44287109375,2,2,2,0.0
svm,occupancy,full,6,unith,Faure,top_ten,trial,june_09_09_g0,354,2,0,H,2H,,,1,872.44287109375,2,3,3,493.2872619628906
svm,occupancy,full,6,unith,Faure,top_ten,trial,june_09_09_g0,354,2,0,H,2H,,,1,872.44287109375,2,4,4,0.0
svm,occupancy,full,6,unith,Faure,top_ten,trial,june_09_09_g0,354,2,0,H,2H,,,1,872.44287109375,2,5,5,0.0
svm,occupancy,full,6,unith,Faure,top_ten,trial,june_10_g0,459,2,0,H,2H,,,1,952.2990264892578,3,0,0,0.0
svm,occupancy,full,6,unith,Faure,top_ten,trial,june_10_g0,459,2,0,H,2H,,,1,952.2990264892578,3,1,1,476.1759948730469
svm,occupancy,full,6,unith,Faure,top_ten,trial,june_10_g0,459,2,0,H,2H,,,1,952.2990264892578,3,2,2,138.4003143310547
svm,occupancy,full,6,unith,Faure,top_ten,trial,june_10_g0,459,2,0,H,2H,,,1,952.2990264892578,3,3,3,337.72271728515625
svm,occupancy,full,6,unith,Faure,top_ten,trial,june_10_g0,459,2,0,H,2H,,,1,952.2990264892578,3,4,4,0.0
svm,occupancy,full,6,unith,Faure,top_ten,trial,june_10_g0,459,2,0,H,2H,,,1,952.2990264892578,3,5,5,0.0
svm,occupancy,full,6,unith,Faure,top_ten,trial,june_09_09_g0,105,2,1,S,2S,,,1,999.1084213256836,3,0,0,0.0
svm,occupancy,full,6,unith,Faure,top_ten,trial,june_09_09_g0,105,2,1,S,2S,,,1,999.1084213256836,3,1,1,463.8233947753906
svm,occupancy,full,6,unith,Faure,top_ten,trial,june_09_09_g0,105,2,1,S,2S,,,1,999.1084213256836,3,2,2,89.5835189819336
svm,occupancy,full,6,unith,Faure,top_ten,trial,june_09_09_g0,105,2,1,S,2S,,,1,999.1084213256836,3,3,3,445.7015075683594
svm,occupancy,full,6,unith,Faure,top_ten,trial,june_09_09_g0,105,2,1,S,2S,,,1,999.1084213256836,3,4,4,0.0
svm,occupancy,full,6,unith,Faure,top_ten,trial,june_09_09_g0,105,2,1,S,2S,,,1,999.1084213256836,3,5,5,0.0
svm,occupancy,full,6,unith,Faure,top_ten,trial,june_09_09_g0,283,2,1,S,2S,,,1,847.4241638183594,3,0,0,0.0
svm,occupancy,full,6,unith,Faure,top_ten,trial,june_09_09_g0,283,2,1,S,2S,,,1,847.4241638183594,3,1,1,416.2928466796875
svm,occupancy,full,6,unith,Faure,top_ten,trial,june_09_09_g0,283,2,1,S,2S,,,1,847.4241638183594,3,2,2,189.16226196289062
svm,occupancy,full,6,unith,Faure,top_ten,trial,june_09_09_g0,283,2,1,S,2S,,,1,847.4241638183594,3,3,3,241.96905517578125
svm,occupancy,full,6,unith,Faure,top_ten,trial,june_09_09_g0,283,2,1,S,2S,,,1,847.4241638183594,3,4,4,0.0
svm,occupancy,full,6,unith,Faure,top_ten,trial,june_09_09_g0,283,2,1,S,2S,,,1,847.4241638183594,3,5,5,0.0
svm,occupancy,full,6,unith,Faure,top_ten,trial,june_24_g0,317,2,1,S,2S,,,1,432.1118392944336,2,0,0,0.0
svm,occupancy,full,6,unith,Faure,top_ten,trial,june_24_g0,317,2,1,S,2S,,,1,432.1118392944336,2,1,1,351.7332763671875
svm,occupancy,full,6,unith,Faure,top_ten,trial,june_24_g0,317,2,1,S,2S,,,1,432.1118392944336,2,2,2,0.0
svm,occupancy,full,6,unith,Faure,top_ten,trial,june_24_g0,317,2,1,S,2S,,,1,432.1118392944336,2,3,3,80.3785629272461
svm,occupancy,full,6,unith,Faure,top_ten,trial,june_24_g0,317,2,1,S,2S,,,1,432.1118392944336,2,4,4,0.0
svm,occupancy,full,6,unith,Faure,top_ten,trial,june_24_g0,317,2,1,S,2S,,,1,432.1118392944336,2,5,5,0.0
svm,occupancy,full,6,unith,Faure,top_ten,trial,june_09_09_g0,114,3,0,H,3H,,,1,765.5406494140625,3,0,0,0.0
svm,occupancy,full,6,unith,Faure,top_ten,trial,june_09_09_g0,114,3,0,H,3H,,,1,765.5406494140625,3,1,1,236.0634307861328
svm,occupancy,full,6,unith,Faure,top_ten,trial,june_09_09_g0,114,3,0,H,3H,,,1,765.5406494140625,3,2,2,189.0188446044922
svm,occupancy,full,6,unith,Faure,top_ten,trial,june_09_09_g0,114,3,0,H,3H,,,1,765.5406494140625,3,3,3,340.4583740234375
svm,occupancy,full,6,unith,Faure,top_ten,trial,june_09_09_g0,114,3,0,H,3H,,,1,765.5406494140625,3,4,4,0.0
svm,occupancy,full,6,unith,Faure,top_ten,trial,june_09_09_g0,114,3,0,H,3H,,,1,765.5406494140625,3,5,5,0.0
svm,occupancy,full,6,unith,Faure,top_ten,trial,june_8_g0,192,3,0,H,3H,,,1,1119.637466430664,3,0,0,0.0
svm,occupancy,full,6,unith,Faure,top_ten,trial,june_8_g0,192,3,0,H,3H,,,1,1119.637466430664,3,1,1,309.0447692871094
svm,occupancy,full,6,unith,Faure,top_ten,trial,june_8_g0,192,3,0,H,3H,,,1,1119.637466430664,3,2,2,200.44505310058594
svm,occupancy,full,6,unith,Faure,top_ten,trial,june_8_g0,192,3,0,H,3H,,,1,1119.637466430664,3,3,3,610.1476440429688
svm,occupancy,full,6,unith,Faure,top_ten,trial,june_8_g0,192,3,0,H,3H,,,1,1119.637466430664,3,4,4,0.0
svm,occupancy,full,6,unith,Faure,top_ten,trial,june_8_g0,192,3,0,H,3H,,,1,1119.637466430664,3,5,5,0.0
svm,occupancy,full,6,unith,Faure,top_ten,trial,june_18_g0,473,3,0,H,3H,,,1,665.9645385742188,2,0,0,0.0
svm,occupancy,full,6,unith,Faure,top_ten,trial,june_18_g0,473,3,0,H,3H,,,1,665.9645385742188,2,1,1,370.3614501953125
svm,occupancy,full,6,unith,Faure,top_ten,trial,june_18_g0,473,3,0,H,3H,,,1,665.9645385742188,2,2,2,0.0
svm,occupancy,full,6,unith,Faure,top_ten,trial,june_18_g0,473,3,0,H,3H,,,1,665.9645385742188,2,3,3,295.60308837890625
svm,occupancy,full,6,unith,Faure,top_ten,trial,june_18_g0,473,3,0,H,3H,,,1,665.9645385742188,2,4,4,0.0
svm,occupancy,full,6,unith,Faure,top_ten,trial,june_18_g0,473,3,0,H,3H,,,1,665.9645385742188,2,5,5,0.0
svm,occupancy,full,6,unith,Faure,top_ten,trial,june_22_g0,14,3,1,S,3S,,,1,999.5160827636719,3,0,0,0.0
svm,occupancy,full,6,unith,Faure,top_ten,trial,june_22_g0,14,3,1,S,3S,,,1,999.5160827636719,3,1,1,414.9217834472656
svm,occupancy,full,6,unith,Faure,top_ten,trial,june_22_g0,14,3,1,S,3S,,,1,999.5160827636719,3,2,2,277.31756591796875
svm,occupancy,full,6,unith,Faure,top_ten,trial,june_22_g0,14,3,1,S,3S,,,1,999.5160827636719,3,3,3,307.2767333984375
svm,occupancy,full,6,unith,Faure,top_ten,trial,june_22_g0,14,3,1,S,3S,,,1,999.5160827636719,3,4,4,0.0
svm,occupancy,full,6,unith,Faure,top_ten,trial,june_22_g0,14,3,1,S,3S,,,1,999.5160827636719,3,5,5,0.0
svm,occupancy,full,6,unith,Faure,top_ten,trial,june_09_09_g0,476,3,1,S,3S,,,1,1214.9190368652344,3,0,0,0.0
svm,occupancy,full,6,unith,Faure,top_ten,trial,june_09_09_g0,476,3,1,S,3S,,,1,1214.9190368652344,3,1,1,804.0900268554688
svm,occupancy,full,6,unith,Faure,top_ten,trial,june_09_09_g0,476,3,1,S,3S,,,1,1214.9190368652344,3,2,2,192.9901885986328
svm,occupancy,full,6,unith,Faure,top_ten,trial,june_09_09_g0,476,3,1,S,3S,,,1,1214.9190368652344,3,3,3,0.0
svm,occupancy,full,6,unith,Faure,top_ten,trial,june_09_09_g0,476,3,1,S,3S,,,1,1214.9190368652344,3,4,4,217.8388214111328
svm,occupancy,full,6,unith,Faure,top_ten,trial,june_09_09_g0,476,3,1,S,3S,,,1,1214.9190368652344,3,5,5,0.0
svm,occupancy,full,6,unith,Faure,top_ten,trial,june_09_09_g0,274,3,1,S,3S,,,1,455.64378356933594,2,0,0,0.0
svm,occupancy,full,6,unith,Faure,top_ten,trial,june_09_09_g0,274,3,1,S,3S,,,1,455.64378356933594,2,1,1,260.8251037597656
svm,occupancy,full,6,unith,Faure,top_ten,trial,june_09_09_g0,274,3,1,S,3S,,,1,455.64378356933594,2,2,2,0.0
svm,occupancy,full,6,unith,Faure,top_ten,trial,june_09_09_g0,274,3,1,S,3S,,,1,455.64378356933594,2,3,3,194.8186798095703
svm,occupancy,full,6,unith,Faure,top_ten,trial,june_09_09_g0,274,3,1,S,3S,,,1,455.64378356933594,2,4,4,0.0
svm,occupancy,full,6,unith,Faure,top_ten,trial,june_09_09_g0,274,3,1,S,3S,,,1,455.64378356933594,2,5,5,0.0
svm,occupancy,full,6,unith,Faure,top_ten,trial,june_09_09_g0,397,4,0,H,4H,,,1,964.6008605957031,2,0,0,0.0
svm,occupancy,full,6,unith,Faure,top_ten,trial,june_09_09_g0,397,4,0,H,4H,,,1,964.6008605957031,2,1,1,362.1177673339844
svm,occupancy,full,6,unith,Faure,top_ten,trial,june_09_09_g0,397,4,0,H,4H,,,1,964.6008605957031,2,2,2,0.0
svm,occupancy,full,6,unith,Faure,top_ten,trial,june_09_09_g0,397,4,0,H,4H,,,1,964.6008605957031,2,3,3,0.0
svm,occupancy,full,6,unith,Faure,top_ten,trial,june_09_09_g0,397,4,0,H,4H,,,1,964.6008605957031,2,4,4,602.4830932617188
svm,occupancy,full,6,unith,Faure,top_ten,trial,june_09_09_g0,397,4,0,H,4H,,,1,964.6008605957031,2,5,5,0.0
svm,occupancy,full,6,unith,Faure,top_ten,trial,june_12_g0,71,4,0,H,4H,,,1,1291.1201171875,3,0,0,0.0
svm,occupancy,full,6,unith,Faure,top_ten,trial,june_12_g0,71,4,0,H,4H,,,1,1291.1201171875,3,1,1,612.2059326171875
svm,occupancy,full,6,unith,Faure,top_ten,trial,june_12_g0,71,4,0,H,4H,,,1,1291.1201171875,3,2,2,334.95782470703125
svm,occupancy,full,6,unith,Faure,top_ten,trial,june_12_g0,71,4,0,H,4H,,,1,1291.1201171875,3,3,3,343.95635986328125
svm,occupancy,full,6,unith,Faure,top_ten,trial,june_12_g0,71,4,0,H,4H,,,1,1291.1201171875,3,4,4,0.0
svm,occupancy,full,6,unith,Faure,top_ten,trial,june_12_g0,71,4,0,H,4H,,,1,1291.1201171875,3,5,5,0.0
svm,occupancy,full,6,unith,Faure,top_ten,trial,june_09_09_g0,424,4,0,H,4H,,,1,550.2454071044922,2,0,0,439.7242126464844
svm,occupancy,full,6,unith,Faure,top_ten,trial,june_09_09_g0,424,4,0,H,4H,,,1,550.2454071044922,2,1,1,110.52119445800781
svm,occupancy,full,6,unith,Faure,top_ten,trial,june_09_09_g0,424,4,0,H,4H,,,1,550.2454071044922,2,2,2,0.0
svm,occupancy,full,6,unith,Faure,top_ten,trial,june_09_09_g0,424,4,0,H,4H,,,1,550.2454071044922,2,3,3,0.0
svm,occupancy,full,6,unith,Faure,top_ten,trial,june_09_09_g0,424,4,0,H,4H,,,1,550.2454071044922,2,4,4,0.0
svm,occupancy,full,6,unith,Faure,top_ten,trial,june_09_09_g0,424,4,0,H,4H,,,1,550.2454071044922,2,5,5,0.0
svm,occupancy,full,6,unith,Faure,top_ten,trial,june_09_09_g0,207,4,1,S,4S,,,1,1047.9136657714844,2,0,0,0.0
svm,occupancy,full,6,unith,Faure,top_ten,trial,june_09_09_g0,207,4,1,S,4S,,,1,1047.9136657714844,2,1,1,498.5809631347656
svm,occupancy,full,6,unith,Faure,top_ten,trial,june_09_09_g0,207,4,1,S,4S,,,1,1047.9136657714844,2,2,2,0.0
svm,occupancy,full,6,unith,Faure,top_ten,trial,june_09_09_g0,207,4,1,S,4S,,,1,1047.9136657714844,2,3,3,549.3327026367188
svm,occupancy,full,6,unith,Faure,top_ten,trial,june_09_09_g0,207,4,1,S,4S,,,1,1047.9136657714844,2,4,4,0.0
svm,occupancy,full,6,unith,Faure,top_ten,trial,june_09_09_g0,207,4,1,S,4S,,,1,1047.9136657714844,2,5,5,0.0
svm,occupancy,full,6,unith,Faure,top_ten,trial,june_12_g0,428,4,1,S,4S,,,1,890.4058074951172,3,0,0,0.0
svm,occupancy,full,6,unith,Faure,top_ten,trial,june_12_g0,428,4,1,S,4S,,,1,890.4058074951172,3,1,1,507.574951171875
svm,occupancy,full,6,unith,Faure,top_ten,trial,june_12_g0,428,4,1,S,4S,,,1,890.4058074951172,3,2,2,129.59002685546875
svm,occupancy,full,6,unith,Faure,top_ten,trial,june_12_g0,428,4,1,S,4S,,,1,890.4058074951172,3,3,3,253.24082946777344
svm,occupancy,full,6,unith,Faure,top_ten,trial,june_12_g0,428,4,1,S,4S,,,1,890.4058074951172,3,4,4,0.0
svm,occupancy,full,6,unith,Faure,top_ten,trial,june_12_g0,428,4,1,S,4S,,,1,890.4058074951172,3,5,5,0.0
svm,occupancy,full,6,unith,Faure,top_ten,trial,june_16_g0,224,4,1,S,4S,,,1,698.1029357910156,2,0,0,0.0
svm,occupancy,full,6,unith,Faure,top_ten,trial,june_16_g0,224,4,1,S,4S,,,1,698.1029357910156,2,1,1,409.8787841796875
svm,occupancy,full,6,unith,Faure,top_ten,trial,june_16_g0,224,4,1,S,4S,,,1,698.1029357910156,2,2,2,0.0
svm,occupancy,full,6,unith,Faure,top_ten,trial,june_16_g0,224,4,1,S,4S,,,1,698.1029357910156,2,3,3,288.2241516113281
svm,occupancy,full,6,unith,Faure,top_ten,trial,june_16_g0,224,4,1,S,4S,,,1,698.1029357910156,2,4,4,0.0
svm,occupancy,full,6,unith,Faure,top_ten,trial,june_16_g0,224,4,1,S,4S,,,1,698.1029357910156,2,5,5,0.0
svm,occupancy,full,6,unith,Faure,top_ten,trial,june_18_g0,371,5,0,H,5H,,,1,307.4761657714844,2,0,0,0.0
svm,occupancy,full,6,unith,Faure,top_ten,trial,june_18_g0,371,5,0,H,5H,,,1,307.4761657714844,2,1,1,195.83189392089844
svm,occupancy,full,6,unith,Faure,top_ten,trial,june_18_g0,371,5,0,H,5H,,,1,307.4761657714844,2,2,2,111.64427185058594
svm,occupancy,full,6,unith,Faure,top_ten,trial,june_18_g0,371,5,0,H,5H,,,1,307.4761657714844,2,3,3,0.0
svm,occupancy,full,6,unith,Faure,top_ten,trial,june_18_g0,371,5,0,H,5H,,,1,307.4761657714844,2,4,4,0.0
svm,occupancy,full,6,unith,Faure,top_ten,trial,june_18_g0,371,5,0,H,5H,,,1,307.4761657714844,2,5,5,0.0
svm,occupancy,full,6,unith,Faure,top_ten,trial,june_28_g0,380,5,0,H,5H,,,1,1393.9879760742188,2,0,0,0.0
svm,occupancy,full,6,unith,Faure,top_ten,trial,june_28_g0,380,5,0,H,5H,,,1,1393.9879760742188,2,1,1,1310.4241943359375
svm,occupancy,full,6,unith,Faure,top_ten,trial,june_28_g0,380,5,0,H,5H,,,1,1393.9879760742188,2,2,2,0.0
svm,occupancy,full,6,unith,Faure,top_ten,trial,june_28_g0,380,5,0,H,5H,,,1,1393.9879760742188,2,3,3,0.0
svm,occupancy,full,6,unith,Faure,top_ten,trial,june_28_g0,380,5,0,H,5H,,,1,1393.9879760742188,2,4,4,83.56378173828125
svm,occupancy,full,6,unith,Faure,top_ten,trial,june_28_g0,380,5,0,H,5H,,,1,1393.9879760742188,2,5,5,0.0
svm,occupancy,full,6,unith,Faure,top_ten,trial,june_16_g0,351,5,0,H,5H,,,1,924.8873138427734,3,0,0,0.0
svm,occupancy,full,6,unith,Faure,top_ten,trial,june_16_g0,351,5,0,H,5H,,,1,924.8873138427734,3,1,1,209.48219299316406
svm,occupancy,full,6,unith,Faure,top_ten,trial,june_16_g0,351,5,0,H,5H,,,1,924.8873138427734,3,2,2,155.67391967773438
svm,occupancy,full,6,unith,Faure,top_ten,trial,june_16_g0,351,5,0,H,5H,,,1,924.8873138427734,3,3,3,559.731201171875
svm,occupancy,full,6,unith,Faure,top_ten,trial,june_16_g0,351,5,0,H,5H,,,1,924.8873138427734,3,4,4,0.0
svm,occupancy,full,6,unith,Faure,top_ten,trial,june_16_g0,351,5,0,H,5H,,,1,924.8873138427734,3,5,5,0.0
svm,occupancy,full,6,unith,Faure,top_ten,trial,june_10_g0,345,5,1,S,5S,,,1,953.270263671875,2,0,0,0.0
svm,occupancy,full,6,unith,Faure,top_ten,trial,june_10_g0,345,5,1,S,5S,,,1,953.270263671875,2,1,1,432.29498291015625
svm,occupancy,full,6,unith,Faure,top_ten,trial,june_10_g0,345,5,1,S,5S,,,1,953.270263671875,2,2,2,0.0
svm,occupancy,full,6,unith,Faure,top_ten,trial,june_10_g0,345,5,1,S,5S,,,1,953.270263671875,2,3,3,520.9752807617188
svm,occupancy,full,6,unith,Faure,top_ten,trial,june_10_g0,345,5,1,S,5S,,,1,953.270263671875,2,4,4,0.0
svm,occupancy,full,6,unith,Faure,top_ten,trial,june_10_g0,345,5,1,S,5S,,,1,953.270263671875,2,5,5,0.0
svm,occupancy,full,6,unith,Faure,top_ten,trial,june_29_g0,547,5,1,S,5S,,,1,1172.9348526000977,4,0,0,503.7460021972656
svm,occupancy,full,6,unith,Faure,top_ten,trial,june_29_g0,547,5,1,S,5S,,,1,1172.9348526000977,4,1,1,461.0504455566406
svm,occupancy,full,6,unith,Faure,top_ten,trial,june_29_g0,547,5,1,S,5S,,,1,1172.9348526000977,4,2,2,73.70227813720703
svm,occupancy,full,6,unith,Faure,top_ten,trial,june_29_g0,547,5,1,S,5S,,,1,1172.9348526000977,4,3,3,134.43612670898438
svm,occupancy,full,6,unith,Faure,top_ten,trial,june_29_g0,547,5,1,S,5S,,,1,1172.9348526000977,4,4,4,0.0
svm,occupancy,full,6,unith,Faure,top_ten,trial,june_29_g0,547,5,1,S,5S,,,1,1172.9348526000977,4,5,5,0.0
svm,occupancy,full,6,unith,Faure,top_ten,trial,june_18_g0,201,5,1,S,5S,,,1,420.75294494628906,2,0,0,0.0
svm,occupancy,full,6,unith,Faure,top_ten,trial,june_18_g0,201,5,1,S,5S,,,1,420.75294494628906,2,1,1,309.1748962402344
svm,occupancy,full,6,unith,Faure,top_ten,trial,june_18_g0,201,5,1,S,5S,,,1,420.75294494628906,2,2,2,0.0
svm,occupancy,full,6,unith,Faure,top_ten,trial,june_18_g0,201,5,1,S,5S,,,1,420.75294494628906,2,3,3,0.0
svm,occupancy,full,6,unith,Faure,top_ten,trial,june_18_g0,201,5,1,S,5S,,,1,420.75294494628906,2,4,4,111.57804870605469
svm,occupancy,full,6,unith,Faure,top_ten,trial,june_18_g0,201,5,1,S,5S,,,1,420.75294494628906,2,5,5,0.0
svm,occupancy,full,6,unith,Faure,top_ten,trial,june_12_g0,399,6,0,H,6H,,,1,567.4215087890625,2,0,0,0.0
svm,occupancy,full,6,unith,Faure,top_ten,trial,june_12_g0,399,6,0,H,6H,,,1,567.4215087890625,2,1,1,376.9548645019531
svm,occupancy,full,6,unith,Faure,top_ten,trial,june_12_g0,399,6,0,H,6H,,,1,567.4215087890625,2,2,2,0.0
svm,occupancy,full,6,unith,Faure,top_ten,trial,june_12_g0,399,6,0,H,6H,,,1,567.4215087890625,2,3,3,0.0
svm,occupancy,full,6,unith,Faure,top_ten,trial,june_12_g0,399,6,0,H,6H,,,1,567.4215087890625,2,4,4,190.46664428710938
svm,occupancy,full,6,unith,Faure,top_ten,trial,june_12_g0,399,6,0,H,6H,,,1,567.4215087890625,2,5,5,0.0
svm,occupancy,full,6,unith,Faure,top_ten,trial,june_22_g0,98,6,0,H,6H,,,1,576.2160034179688,1,0,0,0.0
svm,occupancy,full,6,unith,Faure,top_ten,trial,june_22_g0,98,6,0,H,6H,,,1,576.2160034179688,1,1,1,576.2160034179688
svm,occupancy,full,6,unith,Faure,top_ten,trial,june_22_g0,98,6,0,H,6H,,,1,576.2160034179688,1,2,2,0.0
svm,occupancy,full,6,unith,Faure,top_ten,trial,june_22_g0,98,6,0,H,6H,,,1,576.2160034179688,1,3,3,0.0
svm,occupancy,full,6,unith,Faure,top_ten,trial,june_22_g0,98,6,0,H,6H,,,1,576.2160034179688,1,4,4,0.0
svm,occupancy,full,6,unith,Faure,top_ten,trial,june_22_g0,98,6,0,H,6H,,,1,576.2160034179688,1,5,5,0.0
svm,occupancy,full,6,unith,Faure,top_ten,trial,june_16_g0,378,6,0,H,6H,,,1,909.4250183105469,2,0,0,0.0
svm,occupancy,full,6,unith,Faure,top_ten,trial,june_16_g0,378,6,0,H,6H,,,1,909.4250183105469,2,1,1,516.5807495117188
svm,occupancy,full,6,unith,Faure,top_ten,trial,june_16_g0,378,6,0,H,6H,,,1,909.4250183105469,2,2,2,0.0
svm,occupancy,full,6,unith,Faure,top_ten,trial,june_16_g0,378,6,0,H,6H,,,1,909.4250183105469,2,3,3,392.8442687988281
svm,occupancy,full,6,unith,Faure,top_ten,trial,june_16_g0,378,6,0,H,6H,,,1,909.4250183105469,2,4,4,0.0
svm,occupancy,full,6,unith,Faure,top_ten,trial,june_16_g0,378,6,0,H,6H,,,1,909.4250183105469,2,5,5,0.0
svm,occupancy,full,6,unith,Faure,top_ten,trial,june_12_g0,298,6,1,S,6S,,,1,676.203857421875,1,0,0,0.0
svm,occupancy,full,6,unith,Faure,top_ten,trial,june_12_g0,298,6,1,S,6S,,,1,676.203857421875,1,1,1,676.203857421875
svm,occupancy,full,6,unith,Faure,top_ten,trial,june_12_g0,298,6,1,S,6S,,,1,676.203857421875,1,2,2,0.0
svm,occupancy,full,6,unith,Faure,top_ten,trial,june_12_g0,298,6,1,S,6S,,,1,676.203857421875,1,3,3,0.0
svm,occupancy,full,6,unith,Faure,top_ten,trial,june_12_g0,298,6,1,S,6S,,,1,676.203857421875,1,4,4,0.0
svm,occupancy,full,6,unith,Faure,top_ten,trial,june_12_g0,298,6,1,S,6S,,,1,676.203857421875,1,5,5,0.0
svm,occupancy,full,6,unith,Faure,top_ten,trial,june_22_g0,348,6,1,S,6S,,,1,303.2246894836426,3,0,0,145.61415100097656
svm,occupancy,full,6,unith,Faure,top_ten,trial,june_22_g0,348,6,1,S,6S,,,1,303.2246894836426,3,1,1,62.853336334228516
svm,occupancy,full,6,unith,Faure,top_ten,trial,june_22_g0,348,6,1,S,6S,,,1,303.2246894836426,3,2,2,94.7572021484375
svm,occupancy,full,6,unith,Faure,top_ten,trial,june_22_g0,348,6,1,S,6S,,,1,303.2246894836426,3,3,3,0.0
svm,occupancy,full,6,unith,Faure,top_ten,trial,june_22_g0,348,6,1,S,6S,,,1,303.2246894836426,3,4,4,0.0
svm,occupancy,full,6,unith,Faure,top_ten,trial,june_22_g0,348,6,1,S,6S,,,1,303.2246894836426,3,5,5,0.0
svm,occupancy,full,6,unith,Faure,top_ten,trial,june_16_g0,201,6,1,S,6S,,,1,1186.2251586914062,2,0,0,0.0
svm,occupancy,full,6,unith,Faure,top_ten,trial,june_16_g0,201,6,1,S,6S,,,1,1186.2251586914062,2,1,1,732.2504272460938
svm,occupancy,full,6,unith,Faure,top_ten,trial,june_16_g0,201,6,1,S,6S,,,1,1186.2251586914062,2,2,2,0.0
svm,occupancy,full,6,unith,Faure,top_ten,trial,june_16_g0,201,6,1,S,6S,,,1,1186.2251586914062,2,3,3,0.0
svm,occupancy,full,6,unith,Faure,top_ten,trial,june_16_g0,201,6,1,S,6S,,,1,1186.2251586914062,2,4,4,453.9747314453125
svm,occupancy,full,6,unith,Faure,top_ten,trial,june_16_g0,201,6,1,S,6S,,,1,1186.2251586914062,2,5,5,0.0
svm,occupancy,full,6,unith,Faure,top_ten,half_mean,,,1,0,H,1H,a,0,240,862.5338307062785,6,0,0,31.572512912750245
svm,occupancy,full,6,unith,Faure,top_ten,half_mean,,,1,0,H,1H,a,0,240,862.5338307062785,6,1,1,478.42511947949725
svm,occupancy,full,6,unith,Faure,top_ten,half_mean,,,1,0,H,1H,a,0,240,862.5338307062785,6,2,2,98.89685886700948
svm,occupancy,full,6,unith,Faure,top_ten,half_mean,,,1,0,H,1H,a,0,240,862.5338307062785,6,3,3,206.12212390899657
svm,occupancy,full,6,unith,Faure,top_ten,half_mean,,,1,0,H,1H,a,0,240,862.5338307062785,6,4,4,42.429318968455
svm,occupancy,full,6,unith,Faure,top_ten,half_mean,,,1,0,H,1H,a,0,240,862.5338307062785,6,5,5,5.087896569569906
svm,occupancy,full,6,unith,Faure,top_ten,half_mean,,,1,0,H,1H,b,0,240,887.5512914975485,6,0,0,41.37888736724854
svm,occupancy,full,6,unith,Faure,top_ten,half_mean,,,1,0,H,1H,b,0,240,887.5512914975485,6,1,1,479.16363229751585
svm,occupancy,full,6,unith,Faure,top_ten,half_mean,,,1,0,H,1H,b,0,240,887.5512914975485,6,2,2,105.09524841308594
svm,occupancy,full,6,unith,Faure,top_ten,half_mean,,,1,0,H,1H,b,0,240,887.5512914975485,6,3,3,217.52540604273477
svm,occupancy,full,6,unith,Faure,top_ten,half_mean,,,1,0,H,1H,b,0,240,887.5512914975485,6,4,4,41.60939308802287
svm,occupancy,full,6,unith,Faure,top_ten,half_mean,,,1,0,H,1H,b,0,240,887.5512914975485,6,5,5,2.7787242889404298
svm,occupancy,full,6,unith,Faure,top_ten,half_mean,,,1,1,S,1S,a,0,9,796.7531950208876,4,0,0,52.41892666286893
svm,occupancy,full,6,unith,Faure,top_ten,half_mean,,,1,1,S,1S,a,0,9,796.7531950208876,4,1,1,529.9744737413195
svm,occupancy,full,6,unith,Faure,top_ten,half_mean,,,1,1,S,1S,a,0,9,796.7531950208876,4,2,2,91.27247873942058
svm,occupancy,full,6,unith,Faure,top_ten,half_mean,,,1,1,S,1S,a,0,9,796.7531950208876,4,3,3,123.08731587727864
svm,occupancy,full,6,unith,Faure,top_ten,half_mean,,,1,1,S,1S,a,0,9,796.7531950208876,4,4,4,0.0
svm,occupancy,full,6,unith,Faure,top_ten,half_mean,,,1,1,S,1S,a,0,9,796.7531950208876,4,5,5,0.0
svm,occupancy,full,6,unith,Faure,top_ten,half_mean,,,1,1,S,1S,b,0,9,698.2450091044108,5,0,0,50.06712849934896
svm,occupancy,full,6,unith,Faure,top_ten,half_mean,,,1,1,S,1S,b,0,9,698.2450091044108,5,1,1,380.8735521104601
svm,occupancy,full,6,unith,Faure,top_ten,half_mean,,,1,1,S,1S,b,0,9,698.2450091044108,5,2,2,63.1977047390408
svm,occupancy,full,6,unith,Faure,top_ten,half_mean,,,1,1,S,1S,b,0,9,698.2450091044108,5,3,3,146.51841439141168
svm,occupancy,full,6,unith,Faure,top_ten,half_mean,,,1,1,S,1S,b,0,9,698.2450091044108,5,4,4,57.58820936414931
svm,occupancy,full,6,unith,Faure,top_ten,half_mean,,,1,1,S,1S,b,0,9,698.2450091044108,5,5,5,0.0
svm,occupancy,full,6,unith,Faure,top_ten,half_mean,,,2,0,H,2H,a,0,161,854.0342688471635,6,0,0,38.488885962444805
svm,occupancy,full,6,unith,Faure,top_ten,half_mean,,,2,0,H,2H,a,0,161,854.0342688471635,6,1,1,428.2224698392501
svm,occupancy,full,6,unith,Faure,top_ten,half_mean,,,2,0,H,2H,a,0,161,854.0342688471635,6,2,2,145.7294857191003
svm,occupancy,full,6,unith,Faure,top_ten,half_mean,,,2,0,H,2H,a,0,161,854.0342688471635,6,3,3,218.24166124948064
svm,occupancy,full,6,unith,Faure,top_ten,half_mean,,,2,0,H,2H,a,0,161,854.0342688471635,6,4,4,19.561771843003932
svm,occupancy,full,6,unith,Faure,top_ten,half_mean,,,2,0,H,2H,a,0,161,854.0342688471635,6,5,5,3.789994233883686
svm,occupancy,full,6,unith,Faure,top_ten,half_mean,,,2,0,H,2H,b,0,161,850.5840324378162,6,0,0,47.26758903598193
svm,occupancy,full,6,unith,Faure,top_ten,half_mean,,,2,0,H,2H,b,0,161,850.5840324378162,6,1,1,416.1724677707838
svm,occupancy,full,6,unith,Faure,top_ten,half_mean,,,2,0,H,2H,b,0,161,850.5840324378162,6,2,2,147.6928060780401
svm,occupancy,full,6,unith,Faure,top_ten,half_mean,,,2,0,H,2H,b,0,161,850.5840324378162,6,3,3,223.8379666109263
svm,occupancy,full,6,unith,Faure,top_ten,half_mean,,,2,0,H,2H,b,0,161,850.5840324378162,6,4,4,13.193516891195166
svm,occupancy,full,6,unith,Faure,top_ten,half_mean,,,2,0,H,2H,b,0,161,850.5840324378162,6,5,5,2.4196860508889144
svm,occupancy,full,6,unith,Faure,top_ten,half_mean,,,2,1,S,2S,a,0,105,910.9761641729444,6,0,0,30.666304597400483
svm,occupancy,full,6,unith,Faure,top_ten,half_mean,,,2,1,S,2S,a,0,105,910.9761641729444,6,1,1,520.4763282775879
svm,occupancy,full,6,unith,Faure,top_ten,half_mean,,,2,1,S,2S,a,0,105,910.9761641729444,6,2,2,144.01744987851097
svm,occupancy,full,6,unith,Faure,top_ten,half_mean,,,2,1,S,2S,a,0,105,910.9761641729444,6,3,3,186.60755909511022
svm,occupancy,full,6,unith,Faure,top_ten,half_mean,,,2,1,S,2S,a,0,105,910.9761641729444,6,4,4,26.491331627255395
svm,occupancy,full,6,unith,Faure,top_ten,half_mean,,,2,1,S,2S,a,0,105,910.9761641729444,6,5,5,2.717190697079613
svm,occupancy,full,6,unith,Faure,top_ten,half_mean,,,2,1,S,2S,b,0,105,904.0478226797923,6,0,0,37.67998715355283
svm,occupancy,full,6,unith,Faure,top_ten,half_mean,,,2,1,S,2S,b,0,105,904.0478226797923,6,1,1,479.6839181809198
svm,occupancy,full,6,unith,Faure,top_ten,half_mean,,,2,1,S,2S,b,0,105,904.0478226797923,6,2,2,143.09422305879139
svm,occupancy,full,6,unith,Faure,top_ten,half_mean,,,2,1,S,2S,b,0,105,904.0478226797923,6,3,3,209.98016822451638
svm,occupancy,full,6,unith,Faure,top_ten,half_mean,,,2,1,S,2S,b,0,105,904.0478226797923,6,4,4,27.41473890032087
svm,occupancy,full,6,unith,Faure,top_ten,half_mean,,,2,1,S,2S,b,0,105,904.0478226797923,6,5,5,6.194787161690848
svm,occupancy,full,6,unith,Faure,top_ten,half_mean,,,3,0,H,3H,a,0,261,899.973958201792,5,0,0,51.11552842823482
svm,occupancy,full,6,unith,Faure,top_ten,half_mean,,,3,0,H,3H,a,0,261,899.973958201792,5,1,1,490.504545599108
svm,occupancy,full,6,unith,Faure,top_ten,half_mean,,,3,0,H,3H,a,0,261,899.973958201792,5,2,2,92.13715875559839
svm,occupancy,full,6,unith,Faure,top_ten,half_mean,,,3,0,H,3H,a,0,261,899.973958201792,5,3,3,206.84277383212387
svm,occupancy,full,6,unith,Faure,top_ten,half_mean,,,3,0,H,3H,a,0,261,899.973958201792,5,4,4,59.37395158672698
svm,occupancy,full,6,unith,Faure,top_ten,half_mean,,,3,0,H,3H,a,0,261,899.973958201792,5,5,5,0.0
svm,occupancy,full,6,unith,Faure,top_ten,half_mean,,,3,0,H,3H,b,0,261,921.1497905628892,6,0,0,49.3582956891407
svm,occupancy,full,6,unith,Faure,top_ten,half_mean,,,3,0,H,3H,b,0,261,921.1497905628892,6,1,1,542.60554336314
svm,occupancy,full,6,unith,Faure,top_ten,half_mean,,,3,0,H,3H,b,0,261,921.1497905628892,6,2,2,89.05917117239414
svm,occupancy,full,6,unith,Faure,top_ten,half_mean,,,3,0,H,3H,b,0,261,921.1497905628892,6,3,3,170.00873583212666
svm,occupancy,full,6,unith,Faure,top_ten,half_mean,,,3,0,H,3H,b,0,261,921.1497905628892,6,4,4,65.64637013870181
svm,occupancy,full,6,unith,Faure,top_ten,half_mean,,,3,0,H,3H,b,0,261,921.1497905628892,6,5,5,4.4716743673858055
svm,occupancy,full,6,unith,Faure,top_ten,half_mean,,,3,1,S,3S,a,0,18,972.8272777133518,5,0,0,68.92329915364583
svm,occupancy,full,6,unith,Faure,top_ten,half_mean,,,3,1,S,3S,a,0,18,972.8272777133518,5,1,1,616.8821173773872
svm,occupancy,full,6,unith,Faure,top_ten,half_mean,,,3,1,S,3S,a,0,18,972.8272777133518,5,2,2,52.13910886976454
svm,occupancy,full,6,unith,Faure,top_ten,half_mean,,,3,1,S,3S,a,0,18,972.8272777133518,5,3,3,194.85198805067273
svm,occupancy,full,6,unith,Faure,top_ten,half_mean,,,3,1,S,3S,a,0,18,972.8272777133518,5,4,4,40.03076426188151
svm,occupancy,full,6,unith,Faure,top_ten,half_mean,,,3,1,S,3S,a,0,18,972.8272777133518,5,5,5,0.0
svm,occupancy,full,6,unith,Faure,top_ten,half_mean,,,3,1,S,3S,b,0,18,915.4089620378282,5,0,0,31.054468790690105
svm,occupancy,full,6,unith,Faure,top_ten,half_mean,,,3,1,S,3S,b,0,18,915.4089620378282,5,1,1,490.43906699286566
svm,occupancy,full,6,unith,Faure,top_ten,half_mean,,,3,1,S,3S,b,0,18,915.4089620378282,5,2,2,110.74488300747342
svm,occupancy,full,6,unith,Faure,top_ten,half_mean,,,3,1,S,3S,b,0,18,915.4089620378282,5,3,3,224.08558485243054
svm,occupancy,full,6,unith,Faure,top_ten,half_mean,,,3,1,S,3S,b,0,18,915.4089620378282,5,4,4,59.08495839436849
svm,occupancy,full,6,unith,Faure,top_ten,half_mean,,,3,1,S,3S,b,0,18,915.4089620378282,5,5,5,0.0
svm,occupancy,full,6,unith,Faure,top_ten,half_mean,,,4,0,H,4H,a,0,25,1012.6465332031249,6,0,0,6.170170288085938
svm,occupancy,full,6,unith,Faure,top_ten,half_mean,,,4,0,H,4H,a,0,25,1012.6465332031249,6,1,1,595.9428631591796
svm,occupancy,full,6,unith,Faure,top_ten,half_mean,,,4,0,H,4H,a,0,25,1012.6465332031249,6,2,2,128.81239868164062
svm,occupancy,full,6,unith,Faure,top_ten,half_mean,,,4,0,H,4H,a,0,25,1012.6465332031249,6,3,3,224.3030419921875
svm,occupancy,full,6,unith,Faure,top_ten,half_mean,,,4,0,H,4H,a,0,25,1012.6465332031249,6,4,4,37.572353515625
svm,occupancy,full,6,unith,Faure,top_ten,half_mean,,,4,0,H,4H,a,0,25,1012.6465332031249,6,5,5,19.84570556640625
svm,occupancy,full,6,unith,Faure,top_ten,half_mean,,,4,0,H,4H,b,0,25,946.9048168945315,5,0,0,44.30848449707031
svm,occupancy,full,6,unith,Faure,top_ten,half_mean,,,4,0,H,4H,b,0,25,946.9048168945315,5,1,1,528.9559716796875
svm,occupancy,full,6,unith,Faure,top_ten,half_mean,,,4,0,H,4H,b,0,25,946.9048168945315,5,2,2,149.42895263671875
svm,occupancy,full,6,unith,Faure,top_ten,half_mean,,,4,0,H,4H,b,0,25,946.9048168945315,5,3,3,187.55910217285157
svm,occupancy,full,6,unith,Faure,top_ten,half_mean,,,4,0,H,4H,b,0,25,946.9048168945315,5,4,4,36.652305908203125
svm,occupancy,full,6,unith,Faure,top_ten,half_mean,,,4,0,H,4H,b,0,25,946.9048168945315,5,5,5,0.0
svm,occupancy,full,6,unith,Faure,top_ten,half_mean,,,4,1,S,4S,a,0,291,962.376267456107,6,0,0,35.55935408733145
svm,occupancy,full,6,unith,Faure,top_ten,half_mean,,,4,1,S,4S,a,0,291,962.376267456107,6,1,1,577.5162490634983
svm,occupancy,full,6,unith,Faure,top_ten,half_mean,,,4,1,S,4S,a,0,291,962.376267456107,6,2,2,129.35720178925294
svm,occupancy,full,6,unith,Faure,top_ten,half_mean,,,4,1,S,4S,a,0,291,962.376267456107,6,3,3,185.50743962972845
svm,occupancy,full,6,unith,Faure,top_ten,half_mean,,,4,1,S,4S,a,0,291,962.376267456107,6,4,4,24.75178179134618
svm,occupancy,full,6,unith,Faure,top_ten,half_mean,,,4,1,S,4S,a,0,291,962.376267456107,6,5,5,9.684241094949728
svm,occupancy,full,6,unith,Faure,top_ten,half_mean,,,4,1,S,4S,b,0,291,1004.6600653789297,6,0,0,29.579972742349423
svm,occupancy,full,6,unith,Faure,top_ten,half_mean,,,4,1,S,4S,b,0,291,1004.6600653789297,6,1,1,573.9375941220837
svm,occupancy,full,6,unith,Faure,top_ten,half_mean,,,4,1,S,4S,b,0,291,1004.6600653789297,6,2,2,133.91118936440378
svm,occupancy,full,6,unith,Faure,top_ten,half_mean,,,4,1,S,4S,b,0,291,1004.6600653789297,6,3,3,214.87256421747895
svm,occupancy,full,6,unith,Faure,top_ten,half_mean,,,4,1,S,4S,b,0,291,1004.6600653789297,6,4,4,35.85370778873614
svm,occupancy,full,6,unith,Faure,top_ten,half_mean,,,4,1,S,4S,b,0,291,1004.6600653789297,6,5,5,16.50503714387769
svm,occupancy,full,6,unith,Faure,top_ten,half_mean,,,5,0,H,5H,a,0,48,865.5037093162537,6,0,0,25.971048434575398
svm,occupancy,full,6,unith,Faure,top_ten,half_mean,,,5,0,H,5H,a,0,48,865.5037093162537,6,1,1,505.38439734776813
svm,occupancy,full,6,unith,Faure,top_ten,half_mean,,,5,0,H,5H,a,0,48,865.5037093162537,6,2,2,106.02486300468445
svm,occupancy,full,6,unith,Faure,top_ten,half_mean,,,5,0,H,5H,a,0,48,865.5037093162537,6,3,3,168.6282921632131
svm,occupancy,full,6,unith,Faure,top_ten,half_mean,,,5,0,H,5H,a,0,48,865.5037093162537,6,4,4,54.47401181856791
svm,occupancy,full,6,unith,Faure,top_ten,half_mean,,,5,0,H,5H,a,0,48,865.5037093162537,6,5,5,5.021096547444661
svm,occupancy,full,6,unith,Faure,top_ten,half_mean,,,5,0,H,5H,b,0,48,952.1727317969004,5,0,0,39.209176460901894
svm,occupancy,full,6,unith,Faure,top_ten,half_mean,,,5,0,H,5H,b,0,48,952.1727317969004,5,1,1,563.586639881134
svm,occupancy,full,6,unith,Faure,top_ten,half_mean,,,5,0,H,5H,b,0,48,952.1727317969004,5,2,2,135.79929463068643
svm,occupancy,full,6,unith,Faure,top_ten,half_mean,,,5,0,H,5H,b,0,48,952.1727317969004,5,3,3,131.09266567230225
svm,occupancy,full,6,unith,Faure,top_ten,half_mean,,,5,0,H,5H,b,0,48,952.1727317969004,5,4,4,82.48495515187581
svm,occupancy,full,6,unith,Faure,top_ten,half_mean,,,5,0,H,5H,b,0,48,952.1727317969004,5,5,5,0.0
svm,occupancy,full,6,unith,Faure,top_ten,half_mean,,,5,1,S,5S,a,0,316,898.9524983152559,6,0,0,44.43583804746218
svm,occupancy,full,6,unith,Faure,top_ten,half_mean,,,5,1,S,5S,a,0,316,898.9524983152559,6,1,1,550.6271001236348
svm,occupancy,full,6,unith,Faure,top_ten,half_mean,,,5,1,S,5S,a,0,316,898.9524983152559,6,2,2,99.81500641303727
svm,occupancy,full,6,unith,Faure,top_ten,half_mean,,,5,1,S,5S,a,0,316,898.9524983152559,6,3,3,143.98790136168276
svm,occupancy,full,6,unith,Faure,top_ten,half_mean,,,5,1,S,5S,a,0,316,898.9524983152559,6,4,4,53.29458859600598
svm,occupancy,full,6,unith,Faure,top_ten,half_mean,,,5,1,S,5S,a,0,316,898.9524983152559,6,5,5,6.792063773432864
svm,occupancy,full,6,unith,Faure,top_ten,half_mean,,,5,1,S,5S,b,0,316,874.2392480946796,6,0,0,37.49893957451929
svm,occupancy,full,6,unith,Faure,top_ten,half_mean,,,5,1,S,5S,b,0,316,874.2392480946796,6,1,1,528.2573798095124
svm,occupancy,full,6,unith,Faure,top_ten,half_mean,,,5,1,S,5S,b,0,316,874.2392480946796,6,2,2,84.89487054076376
svm,occupancy,full,6,unith,Faure,top_ten,half_mean,,,5,1,S,5S,b,0,316,874.2392480946796,6,3,3,144.52016578143156
svm,occupancy,full,6,unith,Faure,top_ten,half_mean,,,5,1,S,5S,b,0,316,874.2392480946796,6,4,4,70.4779985886586
svm,occupancy,full,6,unith,Faure,top_ten,half_mean,,,5,1,S,5S,b,0,316,874.2392480946796,6,5,5,8.589893799793872
svm,occupancy,full,6,unith,Faure,top_ten,half_mean,,,6,0,H,6H,a,0,16,872.0975933074951,5,0,0,6.84589147567749
svm,occupancy,full,6,unith,Faure,top_ten,half_mean,,,6,0,H,6H,a,0,16,872.0975933074951,5,1,1,531.855297088623
svm,occupancy,full,6,unith,Faure,top_ten,half_mean,,,6,0,H,6H,a,0,16,872.0975933074951,5,2,2,71.70155096054077
svm,occupancy,full,6,unith,Faure,top_ten,half_mean,,,6,0,H,6H,a,0,16,872.0975933074951,5,3,3,221.05012893676758
svm,occupancy,full,6,unith,Faure,top_ten,half_mean,,,6,0,H,6H,a,0,16,872.0975933074951,5,4,4,40.64472484588623
svm,occupancy,full,6,unith,Faure,top_ten,half_mean,,,6,0,H,6H,a,0,16,872.0975933074951,5,5,5,0.0
svm,occupancy,full,6,unith,Faure,top_ten,half_mean,,,6,0,H,6H,b,0,16,694.4377646446228,5,0,0,30.167316436767578
svm,occupancy,full,6,unith,Faure,top_ten,half_mean,,,6,0,H,6H,b,0,16,694.4377646446228,5,1,1,470.55201721191406
svm,occupancy,full,6,unith,Faure,top_ten,half_mean,,,6,0,H,6H,b,0,16,694.4377646446228,5,2,2,60.68536996841431
svm,occupancy,full,6,unith,Faure,top_ten,half_mean,,,6,0,H,6H,b,0,16,694.4377646446228,5,3,3,93.2897276878357
svm,occupancy,full,6,unith,Faure,top_ten,half_mean,,,6,0,H,6H,b,0,16,694.4377646446228,5,4,4,39.74333333969116
svm,occupancy,full,6,unith,Faure,top_ten,half_mean,,,6,0,H,6H,b,0,16,694.4377646446228,5,5,5,0.0
svm,occupancy,full,6,unith,Faure,top_ten,half_mean,,,6,1,S,6S,a,0,334,857.807450334469,6,0,0,47.39929987284952
svm,occupancy,full,6,unith,Faure,top_ten,half_mean,,,6,1,S,6S,a,0,334,857.807450334469,6,1,1,502.9234496933258
svm,occupancy,full,6,unith,Faure,top_ten,half_mean,,,6,1,S,6S,a,0,334,857.807450334469,6,2,2,102.17687237905172
svm,occupancy,full,6,unith,Faure,top_ten,half_mean,,,6,1,S,6S,a,0,334,857.807450334469,6,3,3,162.35206811870643
svm,occupancy,full,6,unith,Faure,top_ten,half_mean,,,6,1,S,6S,a,0,334,857.807450334469,6,4,4,35.78919708800173
svm,occupancy,full,6,unith,Faure,top_ten,half_mean,,,6,1,S,6S,a,0,334,857.807450334469,6,5,5,7.166563182533858
svm,occupancy,full,6,unith,Faure,top_ten,half_mean,,,6,1,S,6S,b,0,334,839.8233071344341,6,0,0,57.15261128134356
svm,occupancy,full,6,unith,Faure,top_ten,half_mean,,,6,1,S,6S,b,0,334,839.8233071344341,6,1,1,491.75948612418716
svm,occupancy,full,6,unith,Faure,top_ten,half_mean,,,6,1,S,6S,b,0,334,839.8233071344341,6,2,2,100.08830061358606
svm,occupancy,full,6,unith,Faure,top_ten,half_mean,,,6,1,S,6S,b,0,334,839.8233071344341,6,3,3,152.87994783938288
svm,occupancy,full,6,unith,Faure,top_ten,half_mean,,,6,1,S,6S,b,0,334,839.8233071344341,6,4,4,34.45687046165238
svm,occupancy,full,6,unith,Faure,top_ten,half_mean,,,6,1,S,6S,b,0,334,839.8233071344341,6,5,5,3.4860908142820803
svm,occupancy,full,6,unith,Nielsen,top_ten,trial,Oct_25_g0,528,1,0,H,1H,,,1,633.4197692871094,2,0,0,0.0
svm,occupancy,full,6,unith,Nielsen,top_ten,trial,Oct_25_g0,528,1,0,H,1H,,,1,633.4197692871094,2,1,1,97.25558471679688
svm,occupancy,full,6,unith,Nielsen,top_ten,trial,Oct_25_g0,528,1,0,H,1H,,,1,633.4197692871094,2,2,2,0.0
svm,occupancy,full,6,unith,Nielsen,top_ten,trial,Oct_25_g0,528,1,0,H,1H,,,1,633.4197692871094,2,3,3,536.1641845703125
svm,occupancy,full,6,unith,Nielsen,top_ten,trial,Oct_25_g0,528,1,0,H,1H,,,1,633.4197692871094,2,4,4,0.0
svm,occupancy,full,6,unith,Nielsen,top_ten,trial,Oct_25_g0,528,1,0,H,1H,,,1,633.4197692871094,2,5,5,0.0
svm,occupancy,full,6,unith,Nielsen,top_ten,trial,Nov_7_g0,342,1,0,H,1H,,,1,737.86328125,3,0,0,0.0
svm,occupancy,full,6,unith,Nielsen,top_ten,trial,Nov_7_g0,342,1,0,H,1H,,,1,737.86328125,3,1,1,403.7992248535156
svm,occupancy,full,6,unith,Nielsen,top_ten,trial,Nov_7_g0,342,1,0,H,1H,,,1,737.86328125,3,2,2,0.0
svm,occupancy,full,6,unith,Nielsen,top_ten,trial,Nov_7_g0,342,1,0,H,1H,,,1,737.86328125,3,3,3,143.19598388671875
svm,occupancy,full,6,unith,Nielsen,top_ten,trial,Nov_7_g0,342,1,0,H,1H,,,1,737.86328125,3,4,4,0.0
svm,occupancy,full,6,unith,Nielsen,top_ten,trial,Nov_7_g0,342,1,0,H,1H,,,1,737.86328125,3,5,5,190.86807250976562
svm,occupancy,full,6,unith,Nielsen,top_ten,trial,Oct_22_g0,496,1,0,H,1H,,,1,1157.0521850585938,4,0,0,262.3726806640625
svm,occupancy,full,6,unith,Nielsen,top_ten,trial,Oct_22_g0,496,1,0,H,1H,,,1,1157.0521850585938,4,1,1,521.8876342773438
svm,occupancy,full,6,unith,Nielsen,top_ten,trial,Oct_22_g0,496,1,0,H,1H,,,1,1157.0521850585938,4,2,2,174.96946716308594
svm,occupancy,full,6,unith,Nielsen,top_ten,trial,Oct_22_g0,496,1,0,H,1H,,,1,1157.0521850585938,4,3,3,0.0
svm,occupancy,full,6,unith,Nielsen,top_ten,trial,Oct_22_g0,496,1,0,H,1H,,,1,1157.0521850585938,4,4,4,197.82240295410156
svm,occupancy,full,6,unith,Nielsen,top_ten,trial,Oct_22_g0,496,1,0,H,1H,,,1,1157.0521850585938,4,5,5,0.0
svm,occupancy,full,6,unith,Nielsen,top_ten,trial,Nov_1_g0,516,1,1,S,1S,,,1,901.5248870849609,3,0,0,0.0
svm,occupancy,full,6,unith,Nielsen,top_ten,trial,Nov_1_g0,516,1,1,S,1S,,,1,901.5248870849609,3,1,1,79.87606811523438
svm,occupancy,full,6,unith,Nielsen,top_ten,trial,Nov_1_g0,516,1,1,S,1S,,,1,901.5248870849609,3,2,2,0.0
svm,occupancy,full,6,unith,Nielsen,top_ten,trial,Nov_1_g0,516,1,1,S,1S,,,1,901.5248870849609,3,3,3,695.0905151367188
svm,occupancy,full,6,unith,Nielsen,top_ten,trial,Nov_1_g0,516,1,1,S,1S,,,1,901.5248870849609,3,4,4,0.0
svm,occupancy,full,6,unith,Nielsen,top_ten,trial,Nov_1_g0,516,1,1,S,1S,,,1,901.5248870849609,3,5,5,126.55830383300781
svm,occupancy,full,6,unith,Nielsen,top_ten,trial,Nov_9_g0,617,1,1,S,1S,,,1,703.6916198730469,2,0,0,0.0
svm,occupancy,full,6,unith,Nielsen,top_ten,trial,Nov_9_g0,617,1,1,S,1S,,,1,703.6916198730469,2,1,1,464.5087890625
svm,occupancy,full,6,unith,Nielsen,top_ten,trial,Nov_9_g0,617,1,1,S,1S,,,1,703.6916198730469,2,2,2,0.0
svm,occupancy,full,6,unith,Nielsen,top_ten,trial,Nov_9_g0,617,1,1,S,1S,,,1,703.6916198730469,2,3,3,239.18283081054688
svm,occupancy,full,6,unith,Nielsen,top_ten,trial,Nov_9_g0,617,1,1,S,1S,,,1,703.6916198730469,2,4,4,0.0
svm,occupancy,full,6,unith,Nielsen,top_ten,trial,Nov_9_g0,617,1,1,S,1S,,,1,703.6916198730469,2,5,5,0.0
svm,occupancy,full,6,unith,Nielsen,top_ten,trial,Oct_25_g0,391,1,1,S,1S,,,1,731.1442108154297,3,0,0,218.0833740234375
svm,occupancy,full,6,unith,Nielsen,top_ten,trial,Oct_25_g0,391,1,1,S,1S,,,1,731.1442108154297,3,1,1,272.01611328125
svm,occupancy,full,6,unith,Nielsen,top_ten,trial,Oct_25_g0,391,1,1,S,1S,,,1,731.1442108154297,3,2,2,241.0447235107422
svm,occupancy,full,6,unith,Nielsen,top_ten,trial,Oct_25_g0,391,1,1,S,1S,,,1,731.1442108154297,3,3,3,0.0
svm,occupancy,full,6,unith,Nielsen,top_ten,trial,Oct_25_g0,391,1,1,S,1S,,,1,731.1442108154297,3,4,4,0.0
svm,occupancy,full,6,unith,Nielsen,top_ten,trial,Oct_25_g0,391,1,1,S,1S,,,1,731.1442108154297,3,5,5,0.0
svm,occupancy,full,6,unith,Nielsen,top_ten,trial,Nov_3_g0,219,2,0,H,2H,,,1,1183.228759765625,2,0,0,823.364990234375
svm,occupancy,full,6,unith,Nielsen,top_ten,trial,Nov_3_g0,219,2,0,H,2H,,,1,1183.228759765625,2,1,1,359.86376953125
svm,occupancy,full,6,unith,Nielsen,top_ten,trial,Nov_3_g0,219,2,0,H,2H,,,1,1183.228759765625,2,2,2,0.0
svm,occupancy,full,6,unith,Nielsen,top_ten,trial,Nov_3_g0,219,2,0,H,2H,,,1,1183.228759765625,2,3,3,0.0
svm,occupancy,full,6,unith,Nielsen,top_ten,trial,Nov_3_g0,219,2,0,H,2H,,,1,1183.228759765625,2,4,4,0.0
svm,occupancy,full,6,unith,Nielsen,top_ten,trial,Nov_3_g0,219,2,0,H,2H,,,1,1183.228759765625,2,5,5,0.0
svm,occupancy,full,6,unith,Nielsen,top_ten,trial,Nov_18_g0,411,2,0,H,2H,,,1,1102.9351806640625,3,0,0,595.1863403320312
svm,occupancy,full,6,unith,Nielsen,top_ten,trial,Nov_18_g0,411,2,0,H,2H,,,1,1102.9351806640625,3,1,1,321.614013671875
svm,occupancy,full,6,unith,Nielsen,top_ten,trial,Nov_18_g0,411,2,0,H,2H,,,1,1102.9351806640625,3,2,2,0.0
svm,occupancy,full,6,unith,Nielsen,top_ten,trial,Nov_18_g0,411,2,0,H,2H,,,1,1102.9351806640625,3,3,3,186.13482666015625
svm,occupancy,full,6,unith,Nielsen,top_ten,trial,Nov_18_g0,411,2,0,H,2H,,,1,1102.9351806640625,3,4,4,0.0
svm,occupancy,full,6,unith,Nielsen,top_ten,trial,Nov_18_g0,411,2,0,H,2H,,,1,1102.9351806640625,3,5,5,0.0
svm,occupancy,full,6,unith,Nielsen,top_ten,trial,Nov_3_g0,246,2,0,H,2H,,,1,1291.2726669311523,3,0,0,273.9560546875
svm,occupancy,full,6,unith,Nielsen,top_ten,trial,Nov_3_g0,246,2,0,H,2H,,,1,1291.2726669311523,3,1,1,126.57833099365234
svm,occupancy,full,6,unith,Nielsen,top_ten,trial,Nov_3_g0,246,2,0,H,2H,,,1,1291.2726669311523,3,2,2,0.0
svm,occupancy,full,6,unith,Nielsen,top_ten,trial,Nov_3_g0,246,2,0,H,2H,,,1,1291.2726669311523,3,3,3,890.73828125
svm,occupancy,full,6,unith,Nielsen,top_ten,trial,Nov_3_g0,246,2,0,H,2H,,,1,1291.2726669311523,3,4,4,0.0
svm,occupancy,full,6,unith,Nielsen,top_ten,trial,Nov_3_g0,246,2,0,H,2H,,,1,1291.2726669311523,3,5,5,0.0
svm,occupancy,full,6,unith,Nielsen,top_ten,trial,Nov_18_g0,238,2,1,S,2S,,,1,1012.8592376708984,3,0,0,0.0
svm,occupancy,full,6,unith,Nielsen,top_ten,trial,Nov_18_g0,238,2,1,S,2S,,,1,1012.8592376708984,3,1,1,436.8356018066406
svm,occupancy,full,6,unith,Nielsen,top_ten,trial,Nov_18_g0,238,2,1,S,2S,,,1,1012.8592376708984,3,2,2,0.0
svm,occupancy,full,6,unith,Nielsen,top_ten,trial,Nov_18_g0,238,2,1,S,2S,,,1,1012.8592376708984,3,3,3,204.3643035888672
svm,occupancy,full,6,unith,Nielsen,top_ten,trial,Nov_18_g0,238,2,1,S,2S,,,1,1012.8592376708984,3,4,4,371.6593322753906
svm,occupancy,full,6,unith,Nielsen,top_ten,trial,Nov_18_g0,238,2,1,S,2S,,,1,1012.8592376708984,3,5,5,0.0
svm,occupancy,full,6,unith,Nielsen,top_ten,trial,Nov_1_g0,286,2,1,S,2S,,,1,712.7231903076172,3,0,0,0.0
svm,occupancy,full,6,unith,Nielsen,top_ten,trial,Nov_1_g0,286,2,1,S,2S,,,1,712.7231903076172,3,1,1,286.4241638183594
svm,occupancy,full,6,unith,Nielsen,top_ten,trial,Nov_1_g0,286,2,1,S,2S,,,1,712.7231903076172,3,2,2,0.0
svm,occupancy,full,6,unith,Nielsen,top_ten,trial,Nov_1_g0,286,2,1,S,2S,,,1,712.7231903076172,3,3,3,299.08203125
svm,occupancy,full,6,unith,Nielsen,top_ten,trial,Nov_1_g0,286,2,1,S,2S,,,1,712.7231903076172,3,4,4,0.0
svm,occupancy,full,6,unith,Nielsen,top_ten,trial,Nov_1_g0,286,2,1,S,2S,,,1,712.7231903076172,3,5,5,127.21699523925781
svm,occupancy,full,6,unith,Nielsen,top_ten,trial,Oct_21_g0,429,2,1,S,2S,,,1,1083.050765991211,3,0,0,0.0
svm,occupancy,full,6,unith,Nielsen,top_ten,trial,Oct_21_g0,429,2,1,S,2S,,,1,1083.050765991211,3,1,1,686.7770385742188
svm,occupancy,full,6,unith,Nielsen,top_ten,trial,Oct_21_g0,429,2,1,S,2S,,,1,1083.050765991211,3,2,2,204.09130859375
svm,occupancy,full,6,unith,Nielsen,top_ten,trial,Oct_21_g0,429,2,1,S,2S,,,1,1083.050765991211,3,3,3,0.0
svm,occupancy,full,6,unith,Nielsen,top_ten,trial,Oct_21_g0,429,2,1,S,2S,,,1,1083.050765991211,3,4,4,0.0
svm,occupancy,full,6,unith,Nielsen,top_ten,trial,Oct_21_g0,429,2,1,S,2S,,,1,1083.050765991211,3,5,5,192.1824188232422
svm,occupancy,full,6,unith,Nielsen,top_ten,trial,Nov_18_g0,211,3,0,H,3H,,,1,1174.6153945922852,5,0,0,211.06243896484375
svm,occupancy,full,6,unith,Nielsen,top_ten,trial,Nov_18_g0,211,3,0,H,3H,,,1,1174.6153945922852,5,1,1,61.845542907714844
svm,occupancy,full,6,unith,Nielsen,top_ten,trial,Nov_18_g0,211,3,0,H,3H,,,1,1174.6153945922852,5,2,2,467.79931640625
svm,occupancy,full,6,unith,Nielsen,top_ten,trial,Nov_18_g0,211,3,0,H,3H,,,1,1174.6153945922852,5,3,3,0.0
svm,occupancy,full,6,unith,Nielsen,top_ten,trial,Nov_18_g0,211,3,0,H,3H,,,1,1174.6153945922852,5,4,4,205.08966064453125
svm,occupancy,full,6,unith,Nielsen,top_ten,trial,Nov_18_g0,211,3,0,H,3H,,,1,1174.6153945922852,5,5,5,228.8184356689453
svm,occupancy,full,6,unith,Nielsen,top_ten,trial,Oct_25_g0,339,3,0,H,3H,,,1,586.8226776123047,2,0,0,0.0
svm,occupancy,full,6,unith,Nielsen,top_ten,trial,Oct_25_g0,339,3,0,H,3H,,,1,586.8226776123047,2,1,1,492.2035217285156
svm,occupancy,full,6,unith,Nielsen,top_ten,trial,Oct_25_g0,339,3,0,H,3H,,,1,586.8226776123047,2,2,2,0.0
svm,occupancy,full,6,unith,Nielsen,top_ten,trial,Oct_25_g0,339,3,0,H,3H,,,1,586.8226776123047,2,3,3,0.0
svm,occupancy,full,6,unith,Nielsen,top_ten,trial,Oct_25_g0,339,3,0,H,3H,,,1,586.8226776123047,2,4,4,0.0
svm,occupancy,full,6,unith,Nielsen,top_ten,trial,Oct_25_g0,339,3,0,H,3H,,,1,586.8226776123047,2,5,5,94.61915588378906
svm,occupancy,full,6,unith,Nielsen,top_ten,trial,Nov_7_g0,247,3,0,H,3H,,,1,108.79987335205078,1,0,0,0.0
svm,occupancy,full,6,unith,Nielsen,top_ten,trial,Nov_7_g0,247,3,0,H,3H,,,1,108.79987335205078,1,1,1,108.79987335205078
svm,occupancy,full,6,unith,Nielsen,top_ten,trial,Nov_7_g0,247,3,0,H,3H,,,1,108.79987335205078,1,2,2,0.0
svm,occupancy,full,6,unith,Nielsen,top_ten,trial,Nov_7_g0,247,3,0,H,3H,,,1,108.79987335205078,1,3,3,0.0
svm,occupancy,full,6,unith,Nielsen,top_ten,trial,Nov_7_g0,247,3,0,H,3H,,,1,108.79987335205078,1,4,4,0.0
svm,occupancy,full,6,unith,Nielsen,top_ten,trial,Nov_7_g0,247,3,0,H,3H,,,1,108.79987335205078,1,5,5,0.0
svm,occupancy,full,6,unith,Nielsen,top_ten,trial,Oct_21_g0,239,3,1,S,3S,,,1,924.6049423217773,3,0,0,0.0
svm,occupancy,full,6,unith,Nielsen,top_ten,trial,Oct_21_g0,239,3,1,S,3S,,,1,924.6049423217773,3,1,1,562.3212890625
svm,occupancy,full,6,unith,Nielsen,top_ten,trial,Oct_21_g0,239,3,1,S,3S,,,1,924.6049423217773,3,2,2,234.91065979003906
svm,occupancy,full,6,unith,Nielsen,top_ten,trial,Oct_21_g0,239,3,1,S,3S,,,1,924.6049423217773,3,3,3,0.0
svm,occupancy,full,6,unith,Nielsen,top_ten,trial,Oct_21_g0,239,3,1,S,3S,,,1,924.6049423217773,3,4,4,0.0
svm,occupancy,full,6,unith,Nielsen,top_ten,trial,Oct_21_g0,239,3,1,S,3S,,,1,924.6049423217773,3,5,5,127.37299346923828
svm,occupancy,full,6,unith,Nielsen,top_ten,trial,Nov_4_g0,196,3,1,S,3S,,,1,319.71929931640625,1,0,0,0.0
svm,occupancy,full,6,unith,Nielsen,top_ten,trial,Nov_4_g0,196,3,1,S,3S,,,1,319.71929931640625,1,1,1,319.71929931640625
svm,occupancy,full,6,unith,Nielsen,top_ten,trial,Nov_4_g0,196,3,1,S,3S,,,1,319.71929931640625,1,2,2,0.0
svm,occupancy,full,6,unith,Nielsen,top_ten,trial,Nov_4_g0,196,3,1,S,3S,,,1,319.71929931640625,1,3,3,0.0
svm,occupancy,full,6,unith,Nielsen,top_ten,trial,Nov_4_g0,196,3,1,S,3S,,,1,319.71929931640625,1,4,4,0.0
svm,occupancy,full,6,unith,Nielsen,top_ten,trial,Nov_4_g0,196,3,1,S,3S,,,1,319.71929931640625,1,5,5,0.0
svm,occupancy,full,6,unith,Nielsen,top_ten,trial,Nov_1_g0,517,3,1,S,3S,,,1,787.6760177612305,2,0,0,0.0
svm,occupancy,full,6,unith,Nielsen,top_ten,trial,Nov_1_g0,517,3,1,S,3S,,,1,787.6760177612305,2,1,1,82.71050262451172
svm,occupancy,full,6,unith,Nielsen,top_ten,trial,Nov_1_g0,517,3,1,S,3S,,,1,787.6760177612305,2,2,2,0.0
svm,occupancy,full,6,unith,Nielsen,top_ten,trial,Nov_1_g0,517,3,1,S,3S,,,1,787.6760177612305,2,3,3,704.9655151367188
svm,occupancy,full,6,unith,Nielsen,top_ten,trial,Nov_1_g0,517,3,1,S,3S,,,1,787.6760177612305,2,4,4,0.0
svm,occupancy,full,6,unith,Nielsen,top_ten,trial,Nov_1_g0,517,3,1,S,3S,,,1,787.6760177612305,2,5,5,0.0
svm,occupancy,full,6,unith,Nielsen,top_ten,trial,Nov_18_g0,509,4,0,H,4H,,,1,1084.5728759765625,2,0,0,523.9376220703125
svm,occupancy,full,6,unith,Nielsen,top_ten,trial,Nov_18_g0,509,4,0,H,4H,,,1,1084.5728759765625,2,1,1,560.63525390625
svm,occupancy,full,6,unith,Nielsen,top_ten,trial,Nov_18_g0,509,4,0,H,4H,,,1,1084.5728759765625,2,2,2,0.0
svm,occupancy,full,6,unith,Nielsen,top_ten,trial,Nov_18_g0,509,4,0,H,4H,,,1,1084.5728759765625,2,3,3,0.0
svm,occupancy,full,6,unith,Nielsen,top_ten,trial,Nov_18_g0,509,4,0,H,4H,,,1,1084.5728759765625,2,4,4,0.0
svm,occupancy,full,6,unith,Nielsen,top_ten,trial,Nov_18_g0,509,4,0,H,4H,,,1,1084.5728759765625,2,5,5,0.0
svm,occupancy,full,6,unith,Nielsen,top_ten,trial,Nov_6_g0,72,4,0,H,4H,,,1,989.5041351318359,2,0,0,0.0
svm,occupancy,full,6,unith,Nielsen,top_ten,trial,Nov_6_g0,72,4,0,H,4H,,,1,989.5041351318359,2,1,1,773.3027954101562
svm,occupancy,full,6,unith,Nielsen,top_ten,trial,Nov_6_g0,72,4,0,H,4H,,,1,989.5041351318359,2,2,2,0.0
svm,occupancy,full,6,unith,Nielsen,top_ten,trial,Nov_6_g0,72,4,0,H,4H,,,1,989.5041351318359,2,3,3,0.0
svm,occupancy,full,6,unith,Nielsen,top_ten,trial,Nov_6_g0,72,4,0,H,4H,,,1,989.5041351318359,2,4,4,0.0
svm,occupancy,full,6,unith,Nielsen,top_ten,trial,Nov_6_g0,72,4,0,H,4H,,,1,989.5041351318359,2,5,5,216.2013397216797
svm,occupancy,full,6,unith,Nielsen,top_ten,trial,Nov_1_g0,44,4,0,H,4H,,,1,368.8704833984375,1,0,0,0.0
svm,occupancy,full,6,unith,Nielsen,top_ten,trial,Nov_1_g0,44,4,0,H,4H,,,1,368.8704833984375,1,1,1,368.8704833984375
svm,occupancy,full,6,unith,Nielsen,top_ten,trial,Nov_1_g0,44,4,0,H,4H,,,1,368.8704833984375,1,2,2,0.0
svm,occupancy,full,6,unith,Nielsen,top_ten,trial,Nov_1_g0,44,4,0,H,4H,,,1,368.8704833984375,1,3,3,0.0
svm,occupancy,full,6,unith,Nielsen,top_ten,trial,Nov_1_g0,44,4,0,H,4H,,,1,368.8704833984375,1,4,4,0.0
svm,occupancy,full,6,unith,Nielsen,top_ten,trial,Nov_1_g0,44,4,0,H,4H,,,1,368.8704833984375,1,5,5,0.0
svm,occupancy,full,6,unith,Nielsen,top_ten,trial,Nov_18_g0,474,4,1,S,4S,,,1,777.2808837890625,2,0,0,0.0
svm,occupancy,full,6,unith,Nielsen,top_ten,trial,Nov_18_g0,474,4,1,S,4S,,,1,777.2808837890625,2,1,1,421.0058288574219
svm,occupancy,full,6,unith,Nielsen,top_ten,trial,Nov_18_g0,474,4,1,S,4S,,,1,777.2808837890625,2,2,2,0.0
svm,occupancy,full,6,unith,Nielsen,top_ten,trial,Nov_18_g0,474,4,1,S,4S,,,1,777.2808837890625,2,3,3,356.2750549316406
svm,occupancy,full,6,unith,Nielsen,top_ten,trial,Nov_18_g0,474,4,1,S,4S,,,1,777.2808837890625,2,4,4,0.0
svm,occupancy,full,6,unith,Nielsen,top_ten,trial,Nov_18_g0,474,4,1,S,4S,,,1,777.2808837890625,2,5,5,0.0
svm,occupancy,full,6,unith,Nielsen,top_ten,trial,Nov_4_g0,321,4,1,S,4S,,,1,216.27438354492188,1,0,0,0.0
svm,occupancy,full,6,unith,Nielsen,top_ten,trial,Nov_4_g0,321,4,1,S,4S,,,1,216.27438354492188,1,1,1,216.27438354492188
svm,occupancy,full,6,unith,Nielsen,top_ten,trial,Nov_4_g0,321,4,1,S,4S,,,1,216.27438354492188,1,2,2,0.0
svm,occupancy,full,6,unith,Nielsen,top_ten,trial,Nov_4_g0,321,4,1,S,4S,,,1,216.27438354492188,1,3,3,0.0
svm,occupancy,full,6,unith,Nielsen,top_ten,trial,Nov_4_g0,321,4,1,S,4S,,,1,216.27438354492188,1,4,4,0.0
svm,occupancy,full,6,unith,Nielsen,top_ten,trial,Nov_4_g0,321,4,1,S,4S,,,1,216.27438354492188,1,5,5,0.0
svm,occupancy,full,6,unith,Nielsen,top_ten,trial,Nov_6_g0,195,4,1,S,4S,,,1,399.9631042480469,1,0,0,0.0
svm,occupancy,full,6,unith,Nielsen,top_ten,trial,Nov_6_g0,195,4,1,S,4S,,,1,399.9631042480469,1,1,1,399.9631042480469
svm,occupancy,full,6,unith,Nielsen,top_ten,trial,Nov_6_g0,195,4,1,S,4S,,,1,399.9631042480469,1,2,2,0.0
svm,occupancy,full,6,unith,Nielsen,top_ten,trial,Nov_6_g0,195,4,1,S,4S,,,1,399.9631042480469,1,3,3,0.0
svm,occupancy,full,6,unith,Nielsen,top_ten,trial,Nov_6_g0,195,4,1,S,4S,,,1,399.9631042480469,1,4,4,0.0
svm,occupancy,full,6,unith,Nielsen,top_ten,trial,Nov_6_g0,195,4,1,S,4S,,,1,399.9631042480469,1,5,5,0.0
svm,occupancy,full,6,unith,Nielsen,top_ten,trial,Nov_4_g0,171,5,0,H,5H,,,1,634.3566284179688,1,0,0,0.0
svm,occupancy,full,6,unith,Nielsen,top_ten,trial,Nov_4_g0,171,5,0,H,5H,,,1,634.3566284179688,1,1,1,634.3566284179688
svm,occupancy,full,6,unith,Nielsen,top_ten,trial,Nov_4_g0,171,5,0,H,5H,,,1,634.3566284179688,1,2,2,0.0
svm,occupancy,full,6,unith,Nielsen,top_ten,trial,Nov_4_g0,171,5,0,H,5H,,,1,634.3566284179688,1,3,3,0.0
svm,occupancy,full,6,unith,Nielsen,top_ten,trial,Nov_4_g0,171,5,0,H,5H,,,1,634.3566284179688,1,4,4,0.0
svm,occupancy,full,6,unith,Nielsen,top_ten,trial,Nov_4_g0,171,5,0,H,5H,,,1,634.3566284179688,1,5,5,0.0
svm,occupancy,full,6,unith,Nielsen,top_ten,trial,Oct_21_g0,143,5,0,H,5H,,,1,342.5130920410156,1,0,0,0.0
svm,occupancy,full,6,unith,Nielsen,top_ten,trial,Oct_21_g0,143,5,0,H,5H,,,1,342.5130920410156,1,1,1,342.5130920410156
svm,occupancy,full,6,unith,Nielsen,top_ten,trial,Oct_21_g0,143,5,0,H,5H,,,1,342.5130920410156,1,2,2,0.0
svm,occupancy,full,6,unith,Nielsen,top_ten,trial,Oct_21_g0,143,5,0,H,5H,,,1,342.5130920410156,1,3,3,0.0
svm,occupancy,full,6,unith,Nielsen,top_ten,trial,Oct_21_g0,143,5,0,H,5H,,,1,342.5130920410156,1,4,4,0.0
svm,occupancy,full,6,unith,Nielsen,top_ten,trial,Oct_21_g0,143,5,0,H,5H,,,1,342.5130920410156,1,5,5,0.0
svm,occupancy,full,6,unith,Nielsen,top_ten,trial,Nov_1_g0,513,5,0,H,5H,,,1,601.5192260742188,1,0,0,0.0
svm,occupancy,full,6,unith,Nielsen,top_ten,trial,Nov_1_g0,513,5,0,H,5H,,,1,601.5192260742188,1,1,1,601.5192260742188
svm,occupancy,full,6,unith,Nielsen,top_ten,trial,Nov_1_g0,513,5,0,H,5H,,,1,601.5192260742188,1,2,2,0.0
svm,occupancy,full,6,unith,Nielsen,top_ten,trial,Nov_1_g0,513,5,0,H,5H,,,1,601.5192260742188,1,3,3,0.0
svm,occupancy,full,6,unith,Nielsen,top_ten,trial,Nov_1_g0,513,5,0,H,5H,,,1,601.5192260742188,1,4,4,0.0
svm,occupancy,full,6,unith,Nielsen,top_ten,trial,Nov_1_g0,513,5,0,H,5H,,,1,601.5192260742188,1,5,5,0.0
svm,occupancy,full,6,unith,Nielsen,top_ten,trial,Nov_1_g0,441,5,1,S,5S,,,1,227.25582885742188,1,0,0,0.0
svm,occupancy,full,6,unith,Nielsen,top_ten,trial,Nov_1_g0,441,5,1,S,5S,,,1,227.25582885742188,1,1,1,227.25582885742188
svm,occupancy,full,6,unith,Nielsen,top_ten,trial,Nov_1_g0,441,5,1,S,5S,,,1,227.25582885742188,1,2,2,0.0
svm,occupancy,full,6,unith,Nielsen,top_ten,trial,Nov_1_g0,441,5,1,S,5S,,,1,227.25582885742188,1,3,3,0.0
svm,occupancy,full,6,unith,Nielsen,top_ten,trial,Nov_1_g0,441,5,1,S,5S,,,1,227.25582885742188,1,4,4,0.0
svm,occupancy,full,6,unith,Nielsen,top_ten,trial,Nov_1_g0,441,5,1,S,5S,,,1,227.25582885742188,1,5,5,0.0
svm,occupancy,full,6,unith,Nielsen,top_ten,trial,Oct_22_g0,589,5,1,S,5S,,,1,834.0342102050781,2,0,0,0.0
svm,occupancy,full,6,unith,Nielsen,top_ten,trial,Oct_22_g0,589,5,1,S,5S,,,1,834.0342102050781,2,1,1,666.0770874023438
svm,occupancy,full,6,unith,Nielsen,top_ten,trial,Oct_22_g0,589,5,1,S,5S,,,1,834.0342102050781,2,2,2,0.0
svm,occupancy,full,6,unith,Nielsen,top_ten,trial,Oct_22_g0,589,5,1,S,5S,,,1,834.0342102050781,2,3,3,0.0
svm,occupancy,full,6,unith,Nielsen,top_ten,trial,Oct_22_g0,589,5,1,S,5S,,,1,834.0342102050781,2,4,4,0.0
svm,occupancy,full,6,unith,Nielsen,top_ten,trial,Oct_22_g0,589,5,1,S,5S,,,1,834.0342102050781,2,5,5,167.95712280273438
svm,occupancy,full,6,unith,Nielsen,top_ten,trial,Nov_6_g0,214,5,1,S,5S,,,1,792.5247192382812,1,0,0,0.0
svm,occupancy,full,6,unith,Nielsen,top_ten,trial,Nov_6_g0,214,5,1,S,5S,,,1,792.5247192382812,1,1,1,792.5247192382812
svm,occupancy,full,6,unith,Nielsen,top_ten,trial,Nov_6_g0,214,5,1,S,5S,,,1,792.5247192382812,1,2,2,0.0
svm,occupancy,full,6,unith,Nielsen,top_ten,trial,Nov_6_g0,214,5,1,S,5S,,,1,792.5247192382812,1,3,3,0.0
svm,occupancy,full,6,unith,Nielsen,top_ten,trial,Nov_6_g0,214,5,1,S,5S,,,1,792.5247192382812,1,4,4,0.0
svm,occupancy,full,6,unith,Nielsen,top_ten,trial,Nov_6_g0,214,5,1,S,5S,,,1,792.5247192382812,1,5,5,0.0
svm,occupancy,full,6,unith,Nielsen,top_ten,trial,Nov_4_g0,305,6,0,H,6H,,,1,1306.1839294433594,4,0,0,286.87744140625
svm,occupancy,full,6,unith,Nielsen,top_ten,trial,Nov_4_g0,305,6,0,H,6H,,,1,1306.1839294433594,4,1,1,768.2014770507812
svm,occupancy,full,6,unith,Nielsen,top_ten,trial,Nov_4_g0,305,6,0,H,6H,,,1,1306.1839294433594,4,2,2,0.0
svm,occupancy,full,6,unith,Nielsen,top_ten,trial,Nov_4_g0,305,6,0,H,6H,,,1,1306.1839294433594,4,3,3,76.73388671875
svm,occupancy,full,6,unith,Nielsen,top_ten,trial,Nov_4_g0,305,6,0,H,6H,,,1,1306.1839294433594,4,4,4,0.0
svm,occupancy,full,6,unith,Nielsen,top_ten,trial,Nov_4_g0,305,6,0,H,6H,,,1,1306.1839294433594,4,5,5,174.37112426757812
svm,occupancy,full,6,unith,Nielsen,top_ten,trial,Nov_9_g0,516,6,0,H,6H,,,1,121.91283416748047,1,0,0,0.0
svm,occupancy,full,6,unith,Nielsen,top_ten,trial,Nov_9_g0,516,6,0,H,6H,,,1,121.91283416748047,1,1,1,121.91283416748047
svm,occupancy,full,6,unith,Nielsen,top_ten,trial,Nov_9_g0,516,6,0,H,6H,,,1,121.91283416748047,1,2,2,0.0
svm,occupancy,full,6,unith,Nielsen,top_ten,trial,Nov_9_g0,516,6,0,H,6H,,,1,121.91283416748047,1,3,3,0.0
svm,occupancy,full,6,unith,Nielsen,top_ten,trial,Nov_9_g0,516,6,0,H,6H,,,1,121.91283416748047,1,4,4,0.0
svm,occupancy,full,6,unith,Nielsen,top_ten,trial,Nov_9_g0,516,6,0,H,6H,,,1,121.91283416748047,1,5,5,0.0
svm,occupancy,full,6,unith,Nielsen,top_ten,trial,Nov_9_g0,483,6,0,H,6H,,,1,778.5533599853516,3,0,0,152.45449829101562
svm,occupancy,full,6,unith,Nielsen,top_ten,trial,Nov_9_g0,483,6,0,H,6H,,,1,778.5533599853516,3,1,1,522.4358520507812
svm,occupancy,full,6,unith,Nielsen,top_ten,trial,Nov_9_g0,483,6,0,H,6H,,,1,778.5533599853516,3,2,2,0.0
svm,occupancy,full,6,unith,Nielsen,top_ten,trial,Nov_9_g0,483,6,0,H,6H,,,1,778.5533599853516,3,3,3,103.66300964355469
svm,occupancy,full,6,unith,Nielsen,top_ten,trial,Nov_9_g0,483,6,0,H,6H,,,1,778.5533599853516,3,4,4,0.0
svm,occupancy,full,6,unith,Nielsen,top_ten,trial,Nov_9_g0,483,6,0,H,6H,,,1,778.5533599853516,3,5,5,0.0
svm,occupancy,full,6,unith,Nielsen,top_ten,trial,Nov_3_g0,399,6,1,S,6S,,,1,695.9055252075195,2,0,0,84.78260040283203
svm,occupancy,full,6,unith,Nielsen,top_ten,trial,Nov_3_g0,399,6,1,S,6S,,,1,695.9055252075195,2,1,1,611.1229248046875
svm,occupancy,full,6,unith,Nielsen,top_ten,trial,Nov_3_g0,399,6,1,S,6S,,,1,695.9055252075195,2,2,2,0.0
svm,occupancy,full,6,unith,Nielsen,top_ten,trial,Nov_3_g0,399,6,1,S,6S,,,1,695.9055252075195,2,3,3,0.0
svm,occupancy,full,6,unith,Nielsen,top_ten,trial,Nov_3_g0,399,6,1,S,6S,,,1,695.9055252075195,2,4,4,0.0
svm,occupancy,full,6,unith,Nielsen,top_ten,trial,Nov_3_g0,399,6,1,S,6S,,,1,695.9055252075195,2,5,5,0.0
svm,occupancy,full,6,unith,Nielsen,top_ten,trial,Nov_9_g0,138,6,1,S,6S,,,1,860.0892944335938,2,0,0,0.0
svm,occupancy,full,6,unith,Nielsen,top_ten,trial,Nov_9_g0,138,6,1,S,6S,,,1,860.0892944335938,2,1,1,601.8305053710938
svm,occupancy,full,6,unith,Nielsen,top_ten,trial,Nov_9_g0,138,6,1,S,6S,,,1,860.0892944335938,2,2,2,0.0
svm,occupancy,full,6,unith,Nielsen,top_ten,trial,Nov_9_g0,138,6,1,S,6S,,,1,860.0892944335938,2,3,3,258.2587890625
svm,occupancy,full,6,unith,Nielsen,top_ten,trial,Nov_9_g0,138,6,1,S,6S,,,1,860.0892944335938,2,4,4,0.0
svm,occupancy,full,6,unith,Nielsen,top_ten,trial,Nov_9_g0,138,6,1,S,6S,,,1,860.0892944335938,2,5,5,0.0
svm,occupancy,full,6,unith,Nielsen,top_ten,trial,Nov_4_g0,250,6,1,S,6S,,,1,1062.998046875,1,0,0,0.0
svm,occupancy,full,6,unith,Nielsen,top_ten,trial,Nov_4_g0,250,6,1,S,6S,,,1,1062.998046875,1,1,1,1062.998046875
svm,occupancy,full,6,unith,Nielsen,top_ten,trial,Nov_4_g0,250,6,1,S,6S,,,1,1062.998046875,1,2,2,0.0
svm,occupancy,full,6,unith,Nielsen,top_ten,trial,Nov_4_g0,250,6,1,S,6S,,,1,1062.998046875,1,3,3,0.0
svm,occupancy,full,6,unith,Nielsen,top_ten,trial,Nov_4_g0,250,6,1,S,6S,,,1,1062.998046875,1,4,4,0.0
svm,occupancy,full,6,unith,Nielsen,top_ten,trial,Nov_4_g0,250,6,1,S,6S,,,1,1062.998046875,1,5,5,0.0
svm,occupancy,full,6,unith,Nielsen,top_ten,half_mean,,,1,0,H,1H,a,0,300,961.79957766215,6,0,0,152.4057544708252
svm,occupancy,full,6,unith,Nielsen,top_ten,half_mean,,,1,0,H,1H,a,0,300,961.79957766215,6,1,1,443.33963713328046
svm,occupancy,full,6,unith,Nielsen,top_ten,half_mean,,,1,0,H,1H,a,0,300,961.79957766215,6,2,2,34.7423966217041
svm,occupancy,full,6,unith,Nielsen,top_ten,half_mean,,,1,0,H,1H,a,0,300,961.79957766215,6,3,3,173.09832373301188
svm,occupancy,full,6,unith,Nielsen,top_ten,half_mean,,,1,0,H,1H,a,0,300,961.79957766215,6,4,4,20.1134241994222
svm,occupancy,full,6,unith,Nielsen,top_ten,half_mean,,,1,0,H,1H,a,0,300,961.79957766215,6,5,5,138.10004150390625
svm,occupancy,full,6,unith,Nielsen,top_ten,half_mean,,,1,0,H,1H,b,0,300,941.1778197034199,6,0,0,172.38974269866944
svm,occupancy,full,6,unith,Nielsen,top_ten,half_mean,,,1,0,H,1H,b,0,300,941.1778197034199,6,1,1,450.37093669255574
svm,occupancy,full,6,unith,Nielsen,top_ten,half_mean,,,1,0,H,1H,b,0,300,941.1778197034199,6,2,2,42.447638765970865
svm,occupancy,full,6,unith,Nielsen,top_ten,half_mean,,,1,0,H,1H,b,0,300,941.1778197034199,6,3,3,132.17643313090005
svm,occupancy,full,6,unith,Nielsen,top_ten,half_mean,,,1,0,H,1H,b,0,300,941.1778197034199,6,4,4,16.331122080485027
svm,occupancy,full,6,unith,Nielsen,top_ten,half_mean,,,1,0,H,1H,b,0,300,941.1778197034199,6,5,5,127.46194633483887
svm,occupancy,full,6,unith,Nielsen,top_ten,half_mean,,,1,1,S,1S,a,0,13,947.1592169541578,5,0,0,136.11930964543268
svm,occupancy,full,6,unith,Nielsen,top_ten,half_mean,,,1,1,S,1S,a,0,13,947.1592169541578,5,1,1,416.22159106914813
svm,occupancy,full,6,unith,Nielsen,top_ten,half_mean,,,1,1,S,1S,a,0,13,947.1592169541578,5,2,2,0.0
svm,occupancy,full,6,unith,Nielsen,top_ten,half_mean,,,1,1,S,1S,a,0,13,947.1592169541578,5,3,3,258.31260681152344
svm,occupancy,full,6,unith,Nielsen,top_ten,half_mean,,,1,1,S,1S,a,0,13,947.1592169541578,5,4,4,9.352165222167969
svm,occupancy,full,6,unith,Nielsen,top_ten,half_mean,,,1,1,S,1S,a,0,13,947.1592169541578,5,5,5,127.15354420588567
svm,occupancy,full,6,unith,Nielsen,top_ten,half_mean,,,1,1,S,1S,b,0,13,920.2753049410308,6,0,0,163.77142568734976
svm,occupancy,full,6,unith,Nielsen,top_ten,half_mean,,,1,1,S,1S,b,0,13,920.2753049410308,6,1,1,440.43329561673676
svm,occupancy,full,6,unith,Nielsen,top_ten,half_mean,,,1,1,S,1S,b,0,13,920.2753049410308,6,2,2,46.2904533973107
svm,occupancy,full,6,unith,Nielsen,top_ten,half_mean,,,1,1,S,1S,b,0,13,920.2753049410308,6,3,3,151.30685307429388
svm,occupancy,full,6,unith,Nielsen,top_ten,half_mean,,,1,1,S,1S,b,0,13,920.2753049410308,6,4,4,17.557697002704327
svm,occupancy,full,6,unith,Nielsen,top_ten,half_mean,,,1,1,S,1S,b,0,13,920.2753049410308,6,5,5,100.91558016263522
svm,occupancy,full,6,unith,Nielsen,top_ten,half_mean,,,2,0,H,2H,a,0,277,936.1330824483603,6,0,0,169.70573787482638
svm,occupancy,full,6,unith,Nielsen,top_ten,half_mean,,,2,0,H,2H,a,0,277,936.1330824483603,6,1,1,491.77518370865914
svm,occupancy,full,6,unith,Nielsen,top_ten,half_mean,,,2,0,H,2H,a,0,277,936.1330824483603,6,2,2,45.4841933543071
svm,occupancy,full,6,unith,Nielsen,top_ten,half_mean,,,2,0,H,2H,a,0,277,936.1330824483603,6,3,3,143.38919583812947
svm,occupancy,full,6,unith,Nielsen,top_ten,half_mean,,,2,0,H,2H,a,0,277,936.1330824483603,6,4,4,14.25550732113394
svm,occupancy,full,6,unith,Nielsen,top_ten,half_mean,,,2,0,H,2H,a,0,277,936.1330824483603,6,5,5,71.52326435130426
svm,occupancy,full,6,unith,Nielsen,top_ten,half_mean,,,2,0,H,2H,b,0,277,908.0532075902615,6,0,0,122.6914285322389
svm,occupancy,full,6,unith,Nielsen,top_ten,half_mean,,,2,0,H,2H,b,0,277,908.0532075902615,6,1,1,500.9920716957065
svm,occupancy,full,6,unith,Nielsen,top_ten,half_mean,,,2,0,H,2H,b,0,277,908.0532075902615,6,2,2,37.19610905561206
svm,occupancy,full,6,unith,Nielsen,top_ten,half_mean,,,2,0,H,2H,b,0,277,908.0532075902615,6,3,3,144.12965764896103
svm,occupancy,full,6,unith,Nielsen,top_ten,half_mean,,,2,0,H,2H,b,0,277,908.0532075902615,6,4,4,15.009253353848784
svm,occupancy,full,6,unith,Nielsen,top_ten,half_mean,,,2,0,H,2H,b,0,277,908.0532075902615,6,5,5,88.03468730389426
svm,occupancy,full,6,unith,Nielsen,top_ten,half_mean,,,2,1,S,2S,a,0,55,924.6412376403807,6,0,0,124.53262967196378
svm,occupancy,full,6,unith,Nielsen,top_ten,half_mean,,,2,1,S,2S,a,0,55,924.6412376403807,6,1,1,492.08372365778143
svm,occupancy,full,6,unith,Nielsen,top_ten,half_mean,,,2,1,S,2S,a,0,55,924.6412376403807,6,2,2,59.85059301202948
svm,occupancy,full,6,unith,Nielsen,top_ten,half_mean,,,2,1,S,2S,a,0,55,924.6412376403807,6,3,3,139.8701651833274
svm,occupancy,full,6,unith,Nielsen,top_ten,half_mean,,,2,1,S,2S,a,0,55,924.6412376403807,6,4,4,38.88838057084517
svm,occupancy,full,6,unith,Nielsen,top_ten,half_mean,,,2,1,S,2S,a,0,55,924.6412376403807,6,5,5,69.41574554443359
svm,occupancy,full,6,unith,Nielsen,top_ten,half_mean,,,2,1,S,2S,b,0,55,947.3114961797542,6,0,0,150.03231658935547
svm,occupancy,full,6,unith,Nielsen,top_ten,half_mean,,,2,1,S,2S,b,0,55,947.3114961797542,6,1,1,457.9093607815829
svm,occupancy,full,6,unith,Nielsen,top_ten,half_mean,,,2,1,S,2S,b,0,55,947.3114961797542,6,2,2,71.85947820490057
svm,occupancy,full,6,unith,Nielsen,top_ten,half_mean,,,2,1,S,2S,b,0,55,947.3114961797542,6,3,3,184.81910289417613
svm,occupancy,full,6,unith,Nielsen,top_ten,half_mean,,,2,1,S,2S,b,0,55,947.3114961797542,6,4,4,8.986325211958452
svm,occupancy,full,6,unith,Nielsen,top_ten,half_mean,,,2,1,S,2S,b,0,55,947.3114961797542,6,5,5,73.70491249778054
svm,occupancy,full,6,unith,Nielsen,top_ten,half_mean,,,3,0,H,3H,a,0,344,867.7258224487305,6,0,0,103.26566192715667
svm,occupancy,full,6,unith,Nielsen,top_ten,half_mean,,,3,0,H,3H,a,0,344,867.7258224487305,6,1,1,482.5980240134306
svm,occupancy,full,6,unith,Nielsen,top_ten,half_mean,,,3,0,H,3H,a,0,344,867.7258224487305,6,2,2,37.12654890016068
svm,occupancy,full,6,unith,Nielsen,top_ten,half_mean,,,3,0,H,3H,a,0,344,867.7258224487305,6,3,3,99.998925940935
svm,occupancy,full,6,unith,Nielsen,top_ten,half_mean,,,3,0,H,3H,a,0,344,867.7258224487305,6,4,4,23.6372812404189
svm,occupancy,full,6,unith,Nielsen,top_ten,half_mean,,,3,0,H,3H,a,0,344,867.7258224487305,6,5,5,121.09938042662864
svm,occupancy,full,6,unith,Nielsen,top_ten,half_mean,,,3,0,H,3H,b,0,344,858.9204358721888,6,0,0,101.37002799677295
svm,occupancy,full,6,unith,Nielsen,top_ten,half_mean,,,3,0,H,3H,b,0,344,858.9204358721888,6,1,1,502.8989912410115
svm,occupancy,full,6,unith,Nielsen,top_ten,half_mean,,,3,0,H,3H,b,0,344,858.9204358721888,6,2,2,37.97700782154882
svm,occupancy,full,6,unith,Nielsen,top_ten,half_mean,,,3,0,H,3H,b,0,344,858.9204358721888,6,3,3,96.17752627439278
svm,occupancy,full,6,unith,Nielsen,top_ten,half_mean,,,3,0,H,3H,b,0,344,858.9204358721888,6,4,4,16.960324986036433
svm,occupancy,full,6,unith,Nielsen,top_ten,half_mean,,,3,0,H,3H,b,0,344,858.9204358721888,6,5,5,103.53655755242636
svm,occupancy,full,6,unith,Nielsen,top_ten,half_mean,,,3,1,S,3S,a,0,37,809.2403637654072,6,0,0,117.69976992220492
svm,occupancy,full,6,unith,Nielsen,top_ten,half_mean,,,3,1,S,3S,a,0,37,809.2403637654072,6,1,1,498.1099565866831
svm,occupancy,full,6,unith,Nielsen,top_ten,half_mean,,,3,1,S,3S,a,0,37,809.2403637654072,6,2,2,23.990446348448057
svm,occupancy,full,6,unith,Nielsen,top_ten,half_mean,,,3,1,S,3S,a,0,37,809.2403637654072,6,3,3,78.61325073242188
svm,occupancy,full,6,unith,Nielsen,top_ten,half_mean,,,3,1,S,3S,a,0,37,809.2403637654072,6,4,4,14.780164976377744
svm,occupancy,full,6,unith,Nielsen,top_ten,half_mean,,,3,1,S,3S,a,0,37,809.2403637654072,6,5,5,76.04677519927154
svm,occupancy,full,6,unith,Nielsen,top_ten,half_mean,,,3,1,S,3S,b,0,37,771.0209965061496,6,0,0,119.69377146540461
svm,occupancy,full,6,unith,Nielsen,top_ten,half_mean,,,3,1,S,3S,b,0,37,771.0209965061496,6,1,1,406.17788747839023
svm,occupancy,full,6,unith,Nielsen,top_ten,half_mean,,,3,1,S,3S,b,0,37,771.0209965061496,6,2,2,52.7871378305796
svm,occupancy,full,6,unith,Nielsen,top_ten,half_mean,,,3,1,S,3S,b,0,37,771.0209965061496,6,3,3,56.865972776670716
svm,occupancy,full,6,unith,Nielsen,top_ten,half_mean,,,3,1,S,3S,b,0,37,771.0209965061496,6,4,4,19.673127045502532
svm,occupancy,full,6,unith,Nielsen,top_ten,half_mean,,,3,1,S,3S,b,0,37,771.0209965061496,6,5,5,115.82309990960198
svm,occupancy,full,6,unith,Nielsen,top_ten,half_mean,,,4,0,H,4H,a,0,176,778.7904870293357,6,0,0,82.5524327321486
svm,occupancy,full,6,unith,Nielsen,top_ten,half_mean,,,4,0,H,4H,a,0,176,778.7904870293357,6,1,1,468.1594766053286
svm,occupancy,full,6,unith,Nielsen,top_ten,half_mean,,,4,0,H,4H,a,0,176,778.7904870293357,6,2,2,28.54267909310081
svm,occupancy,full,6,unith,Nielsen,top_ten,half_mean,,,4,0,H,4H,a,0,176,778.7904870293357,6,3,3,104.0999550819397
svm,occupancy,full,6,unith,Nielsen,top_ten,half_mean,,,4,0,H,4H,a,0,176,778.7904870293357,6,4,4,13.960623004219748
svm,occupancy,full,6,unith,Nielsen,top_ten,half_mean,,,4,0,H,4H,a,0,176,778.7904870293357,6,5,5,81.47532051259822
svm,occupancy,full,6,unith,Nielsen,top_ten,half_mean,,,4,0,H,4H,b,0,176,756.695970773697,6,0,0,65.11678448590365
svm,occupancy,full,6,unith,Nielsen,top_ten,half_mean,,,4,0,H,4H,b,0,176,756.695970773697,6,1,1,455.58302597566086
svm,occupancy,full,6,unith,Nielsen,top_ten,half_mean,,,4,0,H,4H,b,0,176,756.695970773697,6,2,2,22.800676345825195
svm,occupancy,full,6,unith,Nielsen,top_ten,half_mean,,,4,0,H,4H,b,0,176,756.695970773697,6,3,3,123.62243986129761
svm,occupancy,full,6,unith,Nielsen,top_ten,half_mean,,,4,0,H,4H,b,0,176,756.695970773697,6,4,4,9.458495443517512
svm,occupancy,full,6,unith,Nielsen,top_ten,half_mean,,,4,0,H,4H,b,0,176,756.695970773697,6,5,5,80.1145486614921
svm,occupancy,full,6,unith,Nielsen,top_ten,half_mean,,,4,1,S,4S,a,0,195,817.3485543666742,6,0,0,62.02143124311398
svm,occupancy,full,6,unith,Nielsen,top_ten,half_mean,,,4,1,S,4S,a,0,195,817.3485543666742,6,1,1,505.6050906450321
svm,occupancy,full,6,unith,Nielsen,top_ten,half_mean,,,4,1,S,4S,a,0,195,817.3485543666742,6,2,2,50.24334740271935
svm,occupancy,full,6,unith,Nielsen,top_ten,half_mean,,,4,1,S,4S,a,0,195,817.3485543666742,6,3,3,133.3013955923227
svm,occupancy,full,6,unith,Nielsen,top_ten,half_mean,,,4,1,S,4S,a,0,195,817.3485543666742,6,4,4,14.04628190260667
svm,occupancy,full,6,unith,Nielsen,top_ten,half_mean,,,4,1,S,4S,a,0,195,817.3485543666742,6,5,5,52.131007580879405
svm,occupancy,full,6,unith,Nielsen,top_ten,half_mean,,,4,1,S,4S,b,0,195,773.762807366787,6,0,0,52.93420537312826
svm,occupancy,full,6,unith,Nielsen,top_ten,half_mean,,,4,1,S,4S,b,0,195,773.762807366787,6,1,1,500.4850574591221
svm,occupancy,full,6,unith,Nielsen,top_ten,half_mean,,,4,1,S,4S,b,0,195,773.762807366787,6,2,2,52.91434326171875
svm,occupancy,full,6,unith,Nielsen,top_ten,half_mean,,,4,1,S,4S,b,0,195,773.762807366787,6,3,3,100.74460895244891
svm,occupancy,full,6,unith,Nielsen,top_ten,half_mean,,,4,1,S,4S,b,0,195,773.762807366787,6,4,4,11.915160193810095
svm,occupancy,full,6,unith,Nielsen,top_ten,half_mean,,,4,1,S,4S,b,0,195,773.762807366787,6,5,5,54.76943212655874
svm,occupancy,full,6,unith,Nielsen,top_ten,half_mean,,,5,0,H,5H,a,0,41,770.9433743546649,6,0,0,12.193111884884718
svm,occupancy,full,6,unith,Nielsen,top_ten,half_mean,,,5,0,H,5H,a,0,41,770.9433743546649,6,1,1,494.7412262893305
svm,occupancy,full,6,unith,Nielsen,top_ten,half_mean,,,5,0,H,5H,a,0,41,770.9433743546649,6,2,2,54.13625279868521
svm,occupancy,full,6,unith,Nielsen,top_ten,half_mean,,,5,0,H,5H,a,0,41,770.9433743546649,6,3,3,91.8965610411109
svm,occupancy,full,6,unith,Nielsen,top_ten,half_mean,,,5,0,H,5H,a,0,41,770.9433743546649,6,4,4,21.983431188071645
svm,occupancy,full,6,unith,Nielsen,top_ten,half_mean,,,5,0,H,5H,a,0,41,770.9433743546649,6,5,5,95.99279115258193
svm,occupancy,full,6,unith,Nielsen,top_ten,half_mean,,,5,0,H,5H,b,0,41,820.4103335869022,6,0,0,50.52927100949171
svm,occupancy,full,6,unith,Nielsen,top_ten,half_mean,,,5,0,H,5H,b,0,41,820.4103335869022,6,1,1,575.75504135504
svm,occupancy,full,6,unith,Nielsen,top_ten,half_mean,,,5,0,H,5H,b,0,41,820.4103335869022,6,2,2,32.27161947110804
svm,occupancy,full,6,unith,Nielsen,top_ten,half_mean,,,5,0,H,5H,b,0,41,820.4103335869022,6,3,3,64.04860222048876
svm,occupancy,full,6,unith,Nielsen,top_ten,half_mean,,,5,0,H,5H,b,0,41,820.4103335869022,6,4,4,13.983098844202553
svm,occupancy,full,6,unith,Nielsen,top_ten,half_mean,,,5,0,H,5H,b,0,41,820.4103335869022,6,5,5,83.82270068657107
svm,occupancy,full,6,unith,Nielsen,top_ten,half_mean,,,5,1,S,5S,a,0,400,760.1464288425447,6,0,0,48.77564787864685
svm,occupancy,full,6,unith,Nielsen,top_ten,half_mean,,,5,1,S,5S,a,0,400,760.1464288425447,6,1,1,494.1011483001709
svm,occupancy,full,6,unith,Nielsen,top_ten,half_mean,,,5,1,S,5S,a,0,400,760.1464288425447,6,2,2,57.39788845062256
svm,occupancy,full,6,unith,Nielsen,top_ten,half_mean,,,5,1,S,5S,a,0,400,760.1464288425447,6,3,3,56.320350589752195
svm,occupancy,full,6,unith,Nielsen,top_ten,half_mean,,,5,1,S,5S,a,0,400,760.1464288425447,6,4,4,16.076957054138184
svm,occupancy,full,6,unith,Nielsen,top_ten,half_mean,,,5,1,S,5S,a,0,400,760.1464288425447,6,5,5,87.47443656921386
svm,occupancy,full,6,unith,Nielsen,top_ten,half_mean,,,5,1,S,5S,b,0,400,785.852679452896,6,0,0,67.03445872306824
svm,occupancy,full,6,unith,Nielsen,top_ten,half_mean,,,5,1,S,5S,b,0,400,785.852679452896,6,1,1,465.97982805252076
svm,occupancy,full,6,unith,Nielsen,top_ten,half_mean,,,5,1,S,5S,b,0,400,785.852679452896,6,2,2,56.32856822013855
svm,occupancy,full,6,unith,Nielsen,top_ten,half_mean,,,5,1,S,5S,b,0,400,785.852679452896,6,3,3,64.73259152412415
svm,occupancy,full,6,unith,Nielsen,top_ten,half_mean,,,5,1,S,5S,b,0,400,785.852679452896,6,4,4,19.76869550704956
svm,occupancy,full,6,unith,Nielsen,top_ten,half_mean,,,5,1,S,5S,b,0,400,785.852679452896,6,5,5,112.00853742599487
svm,occupancy,full,6,unith,Nielsen,top_ten,half_mean,,,6,0,H,6H,a,0,17,757.061746933881,6,0,0,45.830779131721044
svm,occupancy,full,6,unith,Nielsen,top_ten,half_mean,,,6,0,H,6H,a,0,17,757.061746933881,6,1,1,532.4116390452665
svm,occupancy,full,6,unith,Nielsen,top_ten,half_mean,,,6,0,H,6H,a,0,17,757.061746933881,6,2,2,32.99215069939108
svm,occupancy,full,6,unith,Nielsen,top_ten,half_mean,,,6,0,H,6H,a,0,17,757.061746933881,6,3,3,99.71709172865924
svm,occupancy,full,6,unith,Nielsen,top_ten,half_mean,,,6,0,H,6H,a,0,17,757.061746933881,6,4,4,3.283296024098116
svm,occupancy,full,6,unith,Nielsen,top_ten,half_mean,,,6,0,H,6H,a,0,17,757.061746933881,6,5,5,42.82679030474495
svm,occupancy,full,6,unith,Nielsen,top_ten,half_mean,,,6,0,H,6H,b,0,17,656.9426861931296,6,0,0,52.81674732881434
svm,occupancy,full,6,unith,Nielsen,top_ten,half_mean,,,6,0,H,6H,b,0,17,656.9426861931296,6,1,1,433.35159930060894
svm,occupancy,full,6,unith,Nielsen,top_ten,half_mean,,,6,0,H,6H,b,0,17,656.9426861931296,6,2,2,10.202481438131894
svm,occupancy,full,6,unith,Nielsen,top_ten,half_mean,,,6,0,H,6H,b,0,17,656.9426861931296,6,3,3,51.64361931295956
svm,occupancy,full,6,unith,Nielsen,top_ten,half_mean,,,6,0,H,6H,b,0,17,656.9426861931296,6,4,4,46.973015280330884
svm,occupancy,full,6,unith,Nielsen,top_ten,half_mean,,,6,0,H,6H,b,0,17,656.9426861931296,6,5,5,61.95522353228401
svm,occupancy,full,6,unith,Nielsen,top_ten,half_mean,,,6,1,S,6S,a,0,416,729.191754570374,6,0,0,35.27315797255589
svm,occupancy,full,6,unith,Nielsen,top_ten,half_mean,,,6,1,S,6S,a,0,416,729.191754570374,6,1,1,488.76977717876434
svm,occupancy,full,6,unith,Nielsen,top_ten,half_mean,,,6,1,S,6S,a,0,416,729.191754570374,6,2,2,54.04576151187603
svm,occupancy,full,6,unith,Nielsen,top_ten,half_mean,,,6,1,S,6S,a,0,416,729.191754570374,6,3,3,105.45235424775343
svm,occupancy,full,6,unith,Nielsen,top_ten,half_mean,,,6,1,S,6S,a,0,416,729.191754570374,6,4,4,10.537744577114399
svm,occupancy,full,6,unith,Nielsen,top_ten,half_mean,,,6,1,S,6S,a,0,416,729.191754570374,6,5,5,35.11295908231001
svm,occupancy,full,6,unith,Nielsen,top_ten,half_mean,,,6,1,S,6S,b,0,416,736.3648439737467,6,0,0,41.06041786303887
svm,occupancy,full,6,unith,Nielsen,top_ten,half_mean,,,6,1,S,6S,b,0,416,736.3648439737467,6,1,1,489.9210984798578
svm,occupancy,full,6,unith,Nielsen,top_ten,half_mean,,,6,1,S,6S,b,0,416,736.3648439737467,6,2,2,58.53156182399163
svm,occupancy,full,6,unith,Nielsen,top_ten,half_mean,,,6,1,S,6S,b,0,416,736.3648439737467,6,3,3,104.67640696122096
svm,occupancy,full,6,unith,Nielsen,top_ten,half_mean,,,6,1,S,6S,b,0,416,736.3648439737467,6,4,4,8.087656800563519
svm,occupancy,full,6,unith,Nielsen,top_ten,half_mean,,,6,1,S,6S,b,0,416,736.3648439737467,6,5,5,34.087702045073875
