scope,label_source,feature,variant,k,space,dim,monkey,session,snr_auc,svm_auc,oof_balanced_acc,dendro_agreement_2345,half_i,half_j,n_splits,min_trials,min_stable,seed,cell_i,cell_j,maze_i,strategy_i,maze_j,strategy_j,name_i,name_j,r,n_trials_i,n_trials_j,present_i,present_j,stable_i,stable_j,n_degenerate
publication,dendro,occupancy,full,12,unith,12,Faure,june_24_g0,0.999341238471673,,,,5,5,20,4,8,0,0,0,1,0,1,0,1H,1H,0.6870051679604341,43,43,True,True,True,True,0
publication,dendro,occupancy,full,12,unith,12,Faure,june_24_g0,0.999341238471673,,,,5,5,20,4,8,0,0,1,1,0,2,0,1H,2H,0.6670084678745114,43,35,True,True,True,True,0
publication,dendro,occupancy,full,12,unith,12,Faure,june_24_g0,0.999341238471673,,,,5,5,20,4,8,0,0,2,1,0,3,0,1H,3H,0.655490156874657,43,48,True,True,True,True,0
publication,dendro,occupancy,full,12,unith,12,Faure,june_24_g0,0.999341238471673,,,,5,5,20,4,8,0,0,3,1,0,4,0,1H,4H,0.6844235432614321,43,12,True,True,True,True,0
publication,dendro,occupancy,full,12,unith,12,Faure,june_24_g0,0.999341238471673,,,,5,5,20,4,8,0,0,4,1,0,5,0,1H,5H,0.7031305191333489,43,18,True,True,True,True,0
publication,dendro,occupancy,full,12,unith,12,Faure,june_24_g0,0.999341238471673,,,,5,5,20,4,8,0,0,5,1,0,6,0,1H,6H,0.5317869235217778,43,11,True,True,True,True,0
publication,dendro,occupancy,full,12,unith,12,Faure,june_24_g0,0.999341238471673,,,,5,,20,4,8,0,0,6,1,0,1,1,1H,1S,,43,0,True,False,True,False,0
publication,dendro,occupancy,full,12,unith,12,Faure,june_24_g0,0.999341238471673,,,,5,5,20,4,8,0,0,7,1,0,2,1,1H,2S,0.5289792263371325,43,15,True,True,True,True,0
publication,dendro,occupancy,full,12,unith,12,Faure,june_24_g0,0.999341238471673,,,,5,2,20,4,8,0,0,8,1,0,3,1,1H,3S,0.22416521557687955,43,4,True,True,True,False,0
publication,dendro,occupancy,full,12,unith,12,Faure,june_24_g0,0.999341238471673,,,,5,5,20,4,8,0,0,9,1,0,4,1,1H,4S,0.5526733833934165,43,50,True,True,True,True,0
publication,dendro,occupancy,full,12,unith,12,Faure,june_24_g0,0.999341238471673,,,,5,5,20,4,8,0,0,10,1,0,5,1,1H,5S,0.6061207334011662,43,72,True,True,True,True,0
publication,dendro,occupancy,full,12,unith,12,Faure,june_24_g0,0.999341238471673,,,,5,5,20,4,8,0,0,11,1,0,6,1,1H,6S,0.5714666306641749,43,58,True,True,True,True,0
publication,dendro,occupancy,full,12,unith,12,Faure,june_24_g0,0.999341238471673,,,,5,5,20,4,8,0,1,0,2,0,1,0,2H,1H,0.6670084678745114,35,43,True,True,True,True,0
publication,dendro,occupancy,full,12,unith,12,Faure,june_24_g0,0.999341238471673,,,,5,5,20,4,8,0,1,1,2,0,2,0,2H,2H,0.7625878964448889,35,35,True,True,True,True,0
publication,dendro,occupancy,full,12,unith,12,Faure,june_24_g0,0.999341238471673,,,,5,5,20,4,8,0,1,2,2,0,3,0,2H,3H,0.6280262186282666,35,48,True,True,True,True,0
publication,dendro,occupancy,full,12,unith,12,Faure,june_24_g0,0.999341238471673,,,,5,5,20,4,8,0,1,3,2,0,4,0,2H,4H,0.6665206794827727,35,12,True,True,True,True,0
publication,dendro,occupancy,full,12,unith,12,Faure,june_24_g0,0.999341238471673,,,,5,5,20,4,8,0,1,4,2,0,5,0,2H,5H,0.5176952897205785,35,18,True,True,True,True,0
publication,dendro,occupancy,full,12,unith,12,Faure,june_24_g0,0.999341238471673,,,,5,5,20,4,8,0,1,5,2,0,6,0,2H,6H,0.5490455421161501,35,11,True,True,True,True,0
publication,dendro,occupancy,full,12,unith,12,Faure,june_24_g0,0.999341238471673,,,,5,,20,4,8,0,1,6,2,0,1,1,2H,1S,,35,0,True,False,True,False,0
publication,dendro,occupancy,full,12,unith,12,Faure,june_24_g0,0.999341238471673,,,,5,5,20,4,8,0,1,7,2,0,2,1,2H,2S,0.49472470426361187,35,15,True,True,True,True,0
publication,dendro,occupancy,full,12,unith,12,Faure,june_24_g0,0.999341238471673,,,,5,2,20,4,8,0,1,8,2,0,3,1,2H,3S,0.12716386459261653,35,4,True,True,True,False,0
publication,dendro,occupancy,full,12,unith,12,Faure,june_24_g0,0.999341238471673,,,,5,5,20,4,8,0,1,9,2,0,4,1,2H,4S,0.4830277597871812,35,50,True,True,True,True,0
publication,dendro,occupancy,full,12,unith,12,Faure,june_24_g0,0.999341238471673,,,,5,5,20,4,8,0,1,10,2,0,5,1,2H,5S,0.5006405691370691,35,72,True,True,True,True,0
publication,dendro,occupancy,full,12,unith,12,Faure,june_24_g0,0.999341238471673,,,,5,5,20,4,8,0,1,11,2,0,6,1,2H,6S,0.455411856334243,35,58,True,True,True,True,0
publication,dendro,occupancy,full,12,unith,12,Faure,june_24_g0,0.999341238471673,,,,5,5,20,4,8,0,2,0,3,0,1,0,3H,1H,0.655490156874657,48,43,True,True,True,True,0
publication,dendro,occupancy,full,12,unith,12,Faure,june_24_g0,0.999341238471673,,,,5,5,20,4,8,0,2,1,3,0,2,0,3H,2H,0.6280262186282666,48,35,True,True,True,True,0
publication,dendro,occupancy,full,12,unith,12,Faure,june_24_g0,0.999341238471673,,,,5,5,20,4,8,0,2,2,3,0,3,0,3H,3H,0.5792396414717412,48,48,True,True,True,True,0
publication,dendro,occupancy,full,12,unith,12,Faure,june_24_g0,0.999341238471673,,,,5,5,20,4,8,0,2,3,3,0,4,0,3H,4H,0.6778871910363591,48,12,True,True,True,True,0
publication,dendro,occupancy,full,12,unith,12,Faure,june_24_g0,0.999341238471673,,,,5,5,20,4,8,0,2,4,3,0,5,0,3H,5H,0.6766454646686065,48,18,True,True,True,True,0
publication,dendro,occupancy,full,12,unith,12,Faure,june_24_g0,0.999341238471673,,,,5,5,20,4,8,0,2,5,3,0,6,0,3H,6H,0.6075519032865527,48,11,True,True,True,True,0
publication,dendro,occupancy,full,12,unith,12,Faure,june_24_g0,0.999341238471673,,,,5,,20,4,8,0,2,6,3,0,1,1,3H,1S,,48,0,True,False,True,False,0
publication,dendro,occupancy,full,12,unith,12,Faure,june_24_g0,0.999341238471673,,,,5,5,20,4,8,0,2,7,3,0,2,1,3H,2S,0.5235740095950743,48,15,True,True,True,True,0
publication,dendro,occupancy,full,12,unith,12,Faure,june_24_g0,0.999341238471673,,,,5,2,20,4,8,0,2,8,3,0,3,1,3H,3S,0.29416294263369275,48,4,True,True,True,False,0
publication,dendro,occupancy,full,12,unith,12,Faure,june_24_g0,0.999341238471673,,,,5,5,20,4,8,0,2,9,3,0,4,1,3H,4S,0.506905156719868,48,50,True,True,True,True,0
publication,dendro,occupancy,full,12,unith,12,Faure,june_24_g0,0.999341238471673,,,,5,5,20,4,8,0,2,10,3,0,5,1,3H,5S,0.6141313886439687,48,72,True,True,True,True,0
publication,dendro,occupancy,full,12,unith,12,Faure,june_24_g0,0.999341238471673,,,,5,5,20,4,8,0,2,11,3,0,6,1,3H,6S,0.6345519055535922,48,58,True,True,True,True,0
publication,dendro,occupancy,full,12,unith,12,Faure,june_24_g0,0.999341238471673,,,,5,5,20,4,8,0,3,0,4,0,1,0,4H,1H,0.6844235432614321,12,43,True,True,True,True,0
publication,dendro,occupancy,full,12,unith,12,Faure,june_24_g0,0.999341238471673,,,,5,5,20,4,8,0,3,1,4,0,2,0,4H,2H,0.6665206794827727,12,35,True,True,True,True,0
publication,dendro,occupancy,full,12,unith,12,Faure,june_24_g0,0.999341238471673,,,,5,5,20,4,8,0,3,2,4,0,3,0,4H,3H,0.6778871910363591,12,48,True,True,True,True,0
publication,dendro,occupancy,full,12,unith,12,Faure,june_24_g0,0.999341238471673,,,,5,5,20,4,8,0,3,3,4,0,4,0,4H,4H,0.6487481803279886,12,12,True,True,True,True,0
publication,dendro,occupancy,full,12,unith,12,Faure,june_24_g0,0.999341238471673,,,,5,5,20,4,8,0,3,4,4,0,5,0,4H,5H,0.6570850992725281,12,18,True,True,True,True,0
publication,dendro,occupancy,full,12,unith,12,Faure,june_24_g0,0.999341238471673,,,,5,5,20,4,8,0,3,5,4,0,6,0,4H,6H,0.638171340769065,12,11,True,True,True,True,0
publication,dendro,occupancy,full,12,unith,12,Faure,june_24_g0,0.999341238471673,,,,5,,20,4,8,0,3,6,4,0,1,1,4H,1S,,12,0,True,False,True,False,0
publication,dendro,occupancy,full,12,unith,12,Faure,june_24_g0,0.999341238471673,,,,5,5,20,4,8,0,3,7,4,0,2,1,4H,2S,0.5560992821836312,12,15,True,True,True,True,0
publication,dendro,occupancy,full,12,unith,12,Faure,june_24_g0,0.999341238471673,,,,5,2,20,4,8,0,3,8,4,0,3,1,4H,3S,0.1747092615836284,12,4,True,True,True,False,0
publication,dendro,occupancy,full,12,unith,12,Faure,june_24_g0,0.999341238471673,,,,5,5,20,4,8,0,3,9,4,0,4,1,4H,4S,0.5451714836227947,12,50,True,True,True,True,0
publication,dendro,occupancy,full,12,unith,12,Faure,june_24_g0,0.999341238471673,,,,5,5,20,4,8,0,3,10,4,0,5,1,4H,5S,0.6236533805013753,12,72,True,True,True,True,0
publication,dendro,occupancy,full,12,unith,12,Faure,june_24_g0,0.999341238471673,,,,5,5,20,4,8,0,3,11,4,0,6,1,4H,6S,0.5771394944147553,12,58,True,True,True,True,0
publication,dendro,occupancy,full,12,unith,12,Faure,june_24_g0,0.999341238471673,,,,5,5,20,4,8,0,4,0,5,0,1,0,5H,1H,0.7031305191333489,18,43,True,True,True,True,0
publication,dendro,occupancy,full,12,unith,12,Faure,june_24_g0,0.999341238471673,,,,5,5,20,4,8,0,4,1,5,0,2,0,5H,2H,0.5176952897205785,18,35,True,True,True,True,0
publication,dendro,occupancy,full,12,unith,12,Faure,june_24_g0,0.999341238471673,,,,5,5,20,4,8,0,4,2,5,0,3,0,5H,3H,0.6766454646686065,18,48,True,True,True,True,0
publication,dendro,occupancy,full,12,unith,12,Faure,june_24_g0,0.999341238471673,,,,5,5,20,4,8,0,4,3,5,0,4,0,5H,4H,0.6570850992725281,18,12,True,True,True,True,0
publication,dendro,occupancy,full,12,unith,12,Faure,june_24_g0,0.999341238471673,,,,5,5,20,4,8,0,4,4,5,0,5,0,5H,5H,0.8504738835752945,18,18,True,True,True,True,0
publication,dendro,occupancy,full,12,unith,12,Faure,june_24_g0,0.999341238471673,,,,5,5,20,4,8,0,4,5,5,0,6,0,5H,6H,0.5534666459358376,18,11,True,True,True,True,0
publication,dendro,occupancy,full,12,unith,12,Faure,june_24_g0,0.999341238471673,,,,5,,20,4,8,0,4,6,5,0,1,1,5H,1S,,18,0,True,False,True,False,0
publication,dendro,occupancy,full,12,unith,12,Faure,june_24_g0,0.999341238471673,,,,5,5,20,4,8,0,4,7,5,0,2,1,5H,2S,0.5364743839126014,18,15,True,True,True,True,0
publication,dendro,occupancy,full,12,unith,12,Faure,june_24_g0,0.999341238471673,,,,5,2,20,4,8,0,4,8,5,0,3,1,5H,3S,0.39663882963056973,18,4,True,True,True,False,0
publication,dendro,occupancy,full,12,unith,12,Faure,june_24_g0,0.999341238471673,,,,5,5,20,4,8,0,4,9,5,0,4,1,5H,4S,0.5985988933643698,18,50,True,True,True,True,0
publication,dendro,occupancy,full,12,unith,12,Faure,june_24_g0,0.999341238471673,,,,5,5,20,4,8,0,4,10,5,0,5,1,5H,5S,0.7569757204533831,18,72,True,True,True,True,0
publication,dendro,occupancy,full,12,unith,12,Faure,june_24_g0,0.999341238471673,,,,5,5,20,4,8,0,4,11,5,0,6,1,5H,6S,0.643747789963436,18,58,True,True,True,True,0
publication,dendro,occupancy,full,12,unith,12,Faure,june_24_g0,0.999341238471673,,,,5,5,20,4,8,0,5,0,6,0,1,0,6H,1H,0.5317869235217778,11,43,True,True,True,True,0
publication,dendro,occupancy,full,12,unith,12,Faure,june_24_g0,0.999341238471673,,,,5,5,20,4,8,0,5,1,6,0,2,0,6H,2H,0.5490455421161501,11,35,True,True,True,True,0
publication,dendro,occupancy,full,12,unith,12,Faure,june_24_g0,0.999341238471673,,,,5,5,20,4,8,0,5,2,6,0,3,0,6H,3H,0.6075519032865527,11,48,True,True,True,True,0
publication,dendro,occupancy,full,12,unith,12,Faure,june_24_g0,0.999341238471673,,,,5,5,20,4,8,0,5,3,6,0,4,0,6H,4H,0.638171340769065,11,12,True,True,True,True,0
publication,dendro,occupancy,full,12,unith,12,Faure,june_24_g0,0.999341238471673,,,,5,5,20,4,8,0,5,4,6,0,5,0,6H,5H,0.5534666459358376,11,18,True,True,True,True,0
publication,dendro,occupancy,full,12,unith,12,Faure,june_24_g0,0.999341238471673,,,,5,5,20,4,8,0,5,5,6,0,6,0,6H,6H,0.4918665626786276,11,11,True,True,True,True,0
publication,dendro,occupancy,full,12,unith,12,Faure,june_24_g0,0.999341238471673,,,,5,,20,4,8,0,5,6,6,0,1,1,6H,1S,,11,0,True,False,True,False,0
publication,dendro,occupancy,full,12,unith,12,Faure,june_24_g0,0.999341238471673,,,,5,5,20,4,8,0,5,7,6,0,2,1,6H,2S,0.4983184948908595,11,15,True,True,True,True,0
publication,dendro,occupancy,full,12,unith,12,Faure,june_24_g0,0.999341238471673,,,,5,2,20,4,8,0,5,8,6,0,3,1,6H,3S,0.10728937702158066,11,4,True,True,True,False,0
publication,dendro,occupancy,full,12,unith,12,Faure,june_24_g0,0.999341238471673,,,,5,5,20,4,8,0,5,9,6,0,4,1,6H,4S,0.4346744633556641,11,50,True,True,True,True,0
publication,dendro,occupancy,full,12,unith,12,Faure,june_24_g0,0.999341238471673,,,,5,5,20,4,8,0,5,10,6,0,5,1,6H,5S,0.562243034845291,11,72,True,True,True,True,0
publication,dendro,occupancy,full,12,unith,12,Faure,june_24_g0,0.999341238471673,,,,5,5,20,4,8,0,5,11,6,0,6,1,6H,6S,0.504036996152313,11,58,True,True,True,True,0
publication,dendro,occupancy,full,12,unith,12,Faure,june_24_g0,0.999341238471673,,,,,5,20,4,8,0,6,0,1,1,1,0,1S,1H,,0,43,False,True,False,True,0
publication,dendro,occupancy,full,12,unith,12,Faure,june_24_g0,0.999341238471673,,,,,5,20,4,8,0,6,1,1,1,2,0,1S,2H,,0,35,False,True,False,True,0
publication,dendro,occupancy,full,12,unith,12,Faure,june_24_g0,0.999341238471673,,,,,5,20,4,8,0,6,2,1,1,3,0,1S,3H,,0,48,False,True,False,True,0
publication,dendro,occupancy,full,12,unith,12,Faure,june_24_g0,0.999341238471673,,,,,5,20,4,8,0,6,3,1,1,4,0,1S,4H,,0,12,False,True,False,True,0
publication,dendro,occupancy,full,12,unith,12,Faure,june_24_g0,0.999341238471673,,,,,5,20,4,8,0,6,4,1,1,5,0,1S,5H,,0,18,False,True,False,True,0
publication,dendro,occupancy,full,12,unith,12,Faure,june_24_g0,0.999341238471673,,,,,5,20,4,8,0,6,5,1,1,6,0,1S,6H,,0,11,False,True,False,True,0
publication,dendro,occupancy,full,12,unith,12,Faure,june_24_g0,0.999341238471673,,,,,,20,4,8,0,6,6,1,1,1,1,1S,1S,,0,0,False,False,False,False,0
publication,dendro,occupancy,full,12,unith,12,Faure,june_24_g0,0.999341238471673,,,,,5,20,4,8,0,6,7,1,1,2,1,1S,2S,,0,15,False,True,False,True,0
publication,dendro,occupancy,full,12,unith,12,Faure,june_24_g0,0.999341238471673,,,,,2,20,4,8,0,6,8,1,1,3,1,1S,3S,,0,4,False,True,False,False,0
publication,dendro,occupancy,full,12,unith,12,Faure,june_24_g0,0.999341238471673,,,,,5,20,4,8,0,6,9,1,1,4,1,1S,4S,,0,50,False,True,False,True,0
publication,dendro,occupancy,full,12,unith,12,Faure,june_24_g0,0.999341238471673,,,,,5,20,4,8,0,6,10,1,1,5,1,1S,5S,,0,72,False,True,False,True,0
publication,dendro,occupancy,full,12,unith,12,Faure,june_24_g0,0.999341238471673,,,,,5,20,4,8,0,6,11,1,1,6,1,1S,6S,,0,58,False,True,False,True,0
publication,dendro,occupancy,full,12,unith,12,Faure,june_24_g0,0.999341238471673,,,,5,5,20,4,8,0,7,0,2,1,1,0,2S,1H,0.5289792263371325,15,43,True,True,True,True,0
publication,dendro,occupancy,full,12,unith,12,Faure,june_24_g0,0.999341238471673,,,,5,5,20,4,8,0,7,1,2,1,2,0,2S,2H,0.49472470426361187,15,35,True,True,True,True,0
publication,dendro,occupancy,full,12,unith,12,Faure,june_24_g0,0.999341238471673,,,,5,5,20,4,8,0,7,2,2,1,3,0,2S,3H,0.5235740095950743,15,48,True,True,True,True,0
publication,dendro,occupancy,full,12,unith,12,Faure,june_24_g0,0.999341238471673,,,,5,5,20,4,8,0,7,3,2,1,4,0,2S,4H,0.5560992821836312,15,12,True,True,True,True,0
publication,dendro,occupancy,full,12,unith,12,Faure,june_24_g0,0.999341238471673,,,,5,5,20,4,8,0,7,4,2,1,5,0,2S,5H,0.5364743839126014,15,18,True,True,True,True,0
publication,dendro,occupancy,full,12,unith,12,Faure,june_24_g0,0.999341238471673,,,,5,5,20,4,8,0,7,5,2,1,6,0,2S,6H,0.4983184948908595,15,11,True,True,True,True,0
publication,dendro,occupancy,full,12,unith,12,Faure,june_24_g0,0.999341238471673,,,,5,,20,4,8,0,7,6,2,1,1,1,2S,1S,,15,0,True,False,True,False,0
publication,dendro,occupancy,full,12,unith,12,Faure,june_24_g0,0.999341238471673,,,,5,5,20,4,8,0,7,7,2,1,2,1,2S,2S,0.3237696944700893,15,15,True,True,True,True,0
publication,dendro,occupancy,full,12,unith,12,Faure,june_24_g0,0.999341238471673,,,,5,2,20,4,8,0,7,8,2,1,3,1,2S,3S,0.37201821544421504,15,4,True,True,True,False,0
publication,dendro,occupancy,full,12,unith,12,Faure,june_24_g0,0.999341238471673,,,,5,5,20,4,8,0,7,9,2,1,4,1,2S,4S,0.4566357195470207,15,50,True,True,True,True,0
publication,dendro,occupancy,full,12,unith,12,Faure,june_24_g0,0.999341238471673,,,,5,5,20,4,8,0,7,10,2,1,5,1,2S,5S,0.5207577762024578,15,72,True,True,True,True,0
publication,dendro,occupancy,full,12,unith,12,Faure,june_24_g0,0.999341238471673,,,,5,5,20,4,8,0,7,11,2,1,6,1,2S,6S,0.47584250076999846,15,58,True,True,True,True,0
publication,dendro,occupancy,full,12,unith,12,Faure,june_24_g0,0.999341238471673,,,,2,5,20,4,8,0,8,0,3,1,1,0,3S,1H,0.22416521557687955,4,43,True,True,False,True,0
publication,dendro,occupancy,full,12,unith,12,Faure,june_24_g0,0.999341238471673,,,,2,5,20,4,8,0,8,1,3,1,2,0,3S,2H,0.12716386459261653,4,35,True,True,False,True,0
publication,dendro,occupancy,full,12,unith,12,Faure,june_24_g0,0.999341238471673,,,,2,5,20,4,8,0,8,2,3,1,3,0,3S,3H,0.29416294263369275,4,48,True,True,False,True,0
publication,dendro,occupancy,full,12,unith,12,Faure,june_24_g0,0.999341238471673,,,,2,5,20,4,8,0,8,3,3,1,4,0,3S,4H,0.1747092615836284,4,12,True,True,False,True,0
publication,dendro,occupancy,full,12,unith,12,Faure,june_24_g0,0.999341238471673,,,,2,5,20,4,8,0,8,4,3,1,5,0,3S,5H,0.39663882963056973,4,18,True,True,False,True,0
publication,dendro,occupancy,full,12,unith,12,Faure,june_24_g0,0.999341238471673,,,,2,5,20,4,8,0,8,5,3,1,6,0,3S,6H,0.10728937702158066,4,11,True,True,False,True,0
publication,dendro,occupancy,full,12,unith,12,Faure,june_24_g0,0.999341238471673,,,,2,,20,4,8,0,8,6,3,1,1,1,3S,1S,,4,0,True,False,False,False,0
publication,dendro,occupancy,full,12,unith,12,Faure,june_24_g0,0.999341238471673,,,,2,5,20,4,8,0,8,7,3,1,2,1,3S,2S,0.37201821544421504,4,15,True,True,False,True,0
publication,dendro,occupancy,full,12,unith,12,Faure,june_24_g0,0.999341238471673,,,,2,2,20,4,8,0,8,8,3,1,3,1,3S,3S,0.33283221231851307,4,4,True,True,False,False,0
publication,dendro,occupancy,full,12,unith,12,Faure,june_24_g0,0.999341238471673,,,,2,5,20,4,8,0,8,9,3,1,4,1,3S,4S,0.3780215988965513,4,50,True,True,False,True,0
publication,dendro,occupancy,full,12,unith,12,Faure,june_24_g0,0.999341238471673,,,,2,5,20,4,8,0,8,10,3,1,5,1,3S,5S,0.3699092818503216,4,72,True,True,False,True,0
publication,dendro,occupancy,full,12,unith,12,Faure,june_24_g0,0.999341238471673,,,,2,5,20,4,8,0,8,11,3,1,6,1,3S,6S,0.28293888753741797,4,58,True,True,False,True,0
publication,dendro,occupancy,full,12,unith,12,Faure,june_24_g0,0.999341238471673,,,,5,5,20,4,8,0,9,0,4,1,1,0,4S,1H,0.5526733833934165,50,43,True,True,True,True,0
publication,dendro,occupancy,full,12,unith,12,Faure,june_24_g0,0.999341238471673,,,,5,5,20,4,8,0,9,1,4,1,2,0,4S,2H,0.4830277597871812,50,35,True,True,True,True,0
publication,dendro,occupancy,full,12,unith,12,Faure,june_24_g0,0.999341238471673,,,,5,5,20,4,8,0,9,2,4,1,3,0,4S,3H,0.506905156719868,50,48,True,True,True,True,0
publication,dendro,occupancy,full,12,unith,12,Faure,june_24_g0,0.999341238471673,,,,5,5,20,4,8,0,9,3,4,1,4,0,4S,4H,0.5451714836227947,50,12,True,True,True,True,0
publication,dendro,occupancy,full,12,unith,12,Faure,june_24_g0,0.999341238471673,,,,5,5,20,4,8,0,9,4,4,1,5,0,4S,5H,0.5985988933643698,50,18,True,True,True,True,0
publication,dendro,occupancy,full,12,unith,12,Faure,june_24_g0,0.999341238471673,,,,5,5,20,4,8,0,9,5,4,1,6,0,4S,6H,0.4346744633556641,50,11,True,True,True,True,0
publication,dendro,occupancy,full,12,unith,12,Faure,june_24_g0,0.999341238471673,,,,5,,20,4,8,0,9,6,4,1,1,1,4S,1S,,50,0,True,False,True,False,0
publication,dendro,occupancy,full,12,unith,12,Faure,june_24_g0,0.999341238471673,,,,5,5,20,4,8,0,9,7,4,1,2,1,4S,2S,0.4566357195470207,50,15,True,True,True,True,0
publication,dendro,occupancy,full,12,unith,12,Faure,june_24_g0,0.999341238471673,,,,5,2,20,4,8,0,9,8,4,1,3,1,4S,3S,0.3780215988965513,50,4,True,True,True,False,0
publication,dendro,occupancy,full,12,unith,12,Faure,june_24_g0,0.999341238471673,,,,5,5,20,4,8,0,9,9,4,1,4,1,4S,4S,0.3995287822672802,50,50,True,True,True,True,0
publication,dendro,occupancy,full,12,unith,12,Faure,june_24_g0,0.999341238471673,,,,5,5,20,4,8,0,9,10,4,1,5,1,4S,5S,0.5835251811916027,50,72,True,True,True,True,0
publication,dendro,occupancy,full,12,unith,12,Faure,june_24_g0,0.999341238471673,,,,5,5,20,4,8,0,9,11,4,1,6,1,4S,6S,0.5312945591301395,50,58,True,True,True,True,0
publication,dendro,occupancy,full,12,unith,12,Faure,june_24_g0,0.999341238471673,,,,5,5,20,4,8,0,10,0,5,1,1,0,5S,1H,0.6061207334011662,72,43,True,True,True,True,0
publication,dendro,occupancy,full,12,unith,12,Faure,june_24_g0,0.999341238471673,,,,5,5,20,4,8,0,10,1,5,1,2,0,5S,2H,0.5006405691370691,72,35,True,True,True,True,0
publication,dendro,occupancy,full,12,unith,12,Faure,june_24_g0,0.999341238471673,,,,5,5,20,4,8,0,10,2,5,1,3,0,5S,3H,0.6141313886439687,72,48,True,True,True,True,0
publication,dendro,occupancy,full,12,unith,12,Faure,june_24_g0,0.999341238471673,,,,5,5,20,4,8,0,10,3,5,1,4,0,5S,4H,0.6236533805013753,72,12,True,True,True,True,0
publication,dendro,occupancy,full,12,unith,12,Faure,june_24_g0,0.999341238471673,,,,5,5,20,4,8,0,10,4,5,1,5,0,5S,5H,0.7569757204533831,72,18,True,True,True,True,0
publication,dendro,occupancy,full,12,unith,12,Faure,june_24_g0,0.999341238471673,,,,5,5,20,4,8,0,10,5,5,1,6,0,5S,6H,0.562243034845291,72,11,True,True,True,True,0
publication,dendro,occupancy,full,12,unith,12,Faure,june_24_g0,0.999341238471673,,,,5,,20,4,8,0,10,6,5,1,1,1,5S,1S,,72,0,True,False,True,False,0
publication,dendro,occupancy,full,12,unith,12,Faure,june_24_g0,0.999341238471673,,,,5,5,20,4,8,0,10,7,5,1,2,1,5S,2S,0.5207577762024578,72,15,True,True,True,True,0
publication,dendro,occupancy,full,12,unith,12,Faure,june_24_g0,0.999341238471673,,,,5,2,20,4,8,0,10,8,5,1,3,1,5S,3S,0.3699092818503216,72,4,True,True,True,False,0
publication,dendro,occupancy,full,12,unith,12,Faure,june_24_g0,0.999341238471673,,,,5,5,20,4,8,0,10,9,5,1,4,1,5S,4S,0.5835251811916027,72,50,True,True,True,True,0
publication,dendro,occupancy,full,12,unith,12,Faure,june_24_g0,0.999341238471673,,,,5,5,20,4,8,0,10,10,5,1,5,1,5S,5S,0.7121841367601304,72,72,True,True,True,True,0
publication,dendro,occupancy,full,12,unith,12,Faure,june_24_g0,0.999341238471673,,,,5,5,20,4,8,0,10,11,5,1,6,1,5S,6S,0.6211541564060508,72,58,True,True,True,True,0
publication,dendro,occupancy,full,12,unith,12,Faure,june_24_g0,0.999341238471673,,,,5,5,20,4,8,0,11,0,6,1,1,0,6S,1H,0.5714666306641749,58,43,True,True,True,True,0
publication,dendro,occupancy,full,12,unith,12,Faure,june_24_g0,0.999341238471673,,,,5,5,20,4,8,0,11,1,6,1,2,0,6S,2H,0.455411856334243,58,35,True,True,True,True,0
publication,dendro,occupancy,full,12,unith,12,Faure,june_24_g0,0.999341238471673,,,,5,5,20,4,8,0,11,2,6,1,3,0,6S,3H,0.6345519055535922,58,48,True,True,True,True,0
publication,dendro,occupancy,full,12,unith,12,Faure,june_24_g0,0.999341238471673,,,,5,5,20,4,8,0,11,3,6,1,4,0,6S,4H,0.5771394944147553,58,12,True,True,True,True,0
publication,dendro,occupancy,full,12,unith,12,Faure,june_24_g0,0.999341238471673,,,,5,5,20,4,8,0,11,4,6,1,5,0,6S,5H,0.643747789963436,58,18,True,True,True,True,0
publication,dendro,occupancy,full,12,unith,12,Faure,june_24_g0,0.999341238471673,,,,5,5,20,4,8,0,11,5,6,1,6,0,6S,6H,0.504036996152313,58,11,True,True,True,True,0
publication,dendro,occupancy,full,12,unith,12,Faure,june_24_g0,0.999341238471673,,,,5,,20,4,8,0,11,6,6,1,1,1,6S,1S,,58,0,True,False,True,False,0
publication,dendro,occupancy,full,12,unith,12,Faure,june_24_g0,0.999341238471673,,,,5,5,20,4,8,0,11,7,6,1,2,1,6S,2S,0.47584250076999846,58,15,True,True,True,True,0
publication,dendro,occupancy,full,12,unith,12,Faure,june_24_g0,0.999341238471673,,,,5,2,20,4,8,0,11,8,6,1,3,1,6S,3S,0.28293888753741797,58,4,True,True,True,False,0
publication,dendro,occupancy,full,12,unith,12,Faure,june_24_g0,0.999341238471673,,,,5,5,20,4,8,0,11,9,6,1,4,1,6S,4S,0.5312945591301395,58,50,True,True,True,True,0
publication,dendro,occupancy,full,12,unith,12,Faure,june_24_g0,0.999341238471673,,,,5,5,20,4,8,0,11,10,6,1,5,1,6S,5S,0.6211541564060508,58,72,True,True,True,True,0
publication,dendro,occupancy,full,12,unith,12,Faure,june_24_g0,0.999341238471673,,,,5,5,20,4,8,0,11,11,6,1,6,1,6S,6S,0.509212922258172,58,58,True,True,True,True,0
publication,dendro,occupancy,full,12,unith,12,Faure,june_8_g0,0.998737373737374,,,,17,17,20,4,8,0,0,0,1,0,1,0,1H,1H,0.8945530636570498,44,44,True,True,True,True,0
publication,dendro,occupancy,full,12,unith,12,Faure,june_8_g0,0.998737373737374,,,,17,17,20,4,8,0,0,1,1,0,2,0,1H,2H,0.8993474148217852,44,34,True,True,True,True,0
publication,dendro,occupancy,full,12,unith,12,Faure,june_8_g0,0.998737373737374,,,,17,17,20,4,8,0,0,2,1,0,3,0,1H,3H,0.8849963794985312,44,43,True,True,True,True,0
publication,dendro,occupancy,full,12,unith,12,Faure,june_8_g0,0.998737373737374,,,,17,,20,4,8,0,0,3,1,0,4,0,1H,4H,,44,0,True,False,True,False,0
publication,dendro,occupancy,full,12,unith,12,Faure,june_8_g0,0.998737373737374,,,,17,,20,4,8,0,0,4,1,0,5,0,1H,5H,,44,0,True,False,True,False,0
publication,dendro,occupancy,full,12,unith,12,Faure,june_8_g0,0.998737373737374,,,,17,,20,4,8,0,0,5,1,0,6,0,1H,6H,,44,0,True,False,True,False,0
publication,dendro,occupancy,full,12,unith,12,Faure,june_8_g0,0.998737373737374,,,,17,,20,4,8,0,0,6,1,0,1,1,1H,1S,,44,0,True,False,True,False,0
publication,dendro,occupancy,full,12,unith,12,Faure,june_8_g0,0.998737373737374,,,,17,3,20,4,8,0,0,7,1,0,2,1,1H,2S,0.8206749454546486,44,7,True,True,True,False,0
publication,dendro,occupancy,full,12,unith,12,Faure,june_8_g0,0.998737373737374,,,,17,,20,4,8,0,0,8,1,0,3,1,1H,3S,,44,0,True,False,True,False,0
publication,dendro,occupancy,full,12,unith,12,Faure,june_8_g0,0.998737373737374,,,,17,17,20,4,8,0,0,9,1,0,4,1,1H,4S,0.9115014769787873,44,48,True,True,True,True,0
publication,dendro,occupancy,full,12,unith,12,Faure,june_8_g0,0.998737373737374,,,,17,17,20,4,8,0,0,10,1,0,5,1,1H,5S,0.7790165490108609,44,60,True,True,True,True,0
publication,dendro,occupancy,full,12,unith,12,Faure,june_8_g0,0.998737373737374,,,,17,17,20,4,8,0,0,11,1,0,6,1,1H,6S,0.8654868014272376,44,54,True,True,True,True,0
publication,dendro,occupancy,full,12,unith,12,Faure,june_8_g0,0.998737373737374,,,,17,17,20,4,8,0,1,0,2,0,1,0,2H,1H,0.8993474148217852,34,44,True,True,True,True,0
publication,dendro,occupancy,full,12,unith,12,Faure,june_8_g0,0.998737373737374,,,,17,17,20,4,8,0,1,1,2,0,2,0,2H,2H,0.9484014360795895,34,34,True,True,True,True,0
publication,dendro,occupancy,full,12,unith,12,Faure,june_8_g0,0.998737373737374,,,,17,17,20,4,8,0,1,2,2,0,3,0,2H,3H,0.8657201822662838,34,43,True,True,True,True,0
publication,dendro,occupancy,full,12,unith,12,Faure,june_8_g0,0.998737373737374,,,,17,,20,4,8,0,1,3,2,0,4,0,2H,4H,,34,0,True,False,True,False,0
publication,dendro,occupancy,full,12,unith,12,Faure,june_8_g0,0.998737373737374,,,,17,,20,4,8,0,1,4,2,0,5,0,2H,5H,,34,0,True,False,True,False,0
publication,dendro,occupancy,full,12,unith,12,Faure,june_8_g0,0.998737373737374,,,,17,,20,4,8,0,1,5,2,0,6,0,2H,6H,,34,0,True,False,True,False,0
publication,dendro,occupancy,full,12,unith,12,Faure,june_8_g0,0.998737373737374,,,,17,,20,4,8,0,1,6,2,0,1,1,2H,1S,,34,0,True,False,True,False,0
publication,dendro,occupancy,full,12,unith,12,Faure,june_8_g0,0.998737373737374,,,,17,3,20,4,8,0,1,7,2,0,2,1,2H,2S,0.8549707578625849,34,7,True,True,True,False,0
publication,dendro,occupancy,full,12,unith,12,Faure,june_8_g0,0.998737373737374,,,,17,,20,4,8,0,1,8,2,0,3,1,2H,3S,,34,0,True,False,True,False,0
publication,dendro,occupancy,full,12,unith,12,Faure,june_8_g0,0.998737373737374,,,,17,17,20,4,8,0,1,9,2,0,4,1,2H,4S,0.9215023430321077,34,48,True,True,True,True,0
publication,dendro,occupancy,full,12,unith,12,Faure,june_8_g0,0.998737373737374,,,,17,17,20,4,8,0,1,10,2,0,5,1,2H,5S,0.7131809395148332,34,60,True,True,True,True,0
publication,dendro,occupancy,full,12,unith,12,Faure,june_8_g0,0.998737373737374,,,,17,17,20,4,8,0,1,11,2,0,6,1,2H,6S,0.8350540600634473,34,54,True,True,True,True,0
publication,dendro,occupancy,full,12,unith,12,Faure,june_8_g0,0.998737373737374,,,,17,17,20,4,8,0,2,0,3,0,1,0,3H,1H,0.8849963794985312,43,44,True,True,True,True,0
publication,dendro,occupancy,full,12,unith,12,Faure,june_8_g0,0.998737373737374,,,,17,17,20,4,8,0,2,1,3,0,2,0,3H,2H,0.8657201822662838,43,34,True,True,True,True,0
publication,dendro,occupancy,full,12,unith,12,Faure,june_8_g0,0.998737373737374,,,,17,17,20,4,8,0,2,2,3,0,3,0,3H,3H,0.8885515052320778,43,43,True,True,True,True,0
publication,dendro,occupancy,full,12,unith,12,Faure,june_8_g0,0.998737373737374,,,,17,,20,4,8,0,2,3,3,0,4,0,3H,4H,,43,0,True,False,True,False,0
publication,dendro,occupancy,full,12,unith,12,Faure,june_8_g0,0.998737373737374,,,,17,,20,4,8,0,2,4,3,0,5,0,3H,5H,,43,0,True,False,True,False,0
publication,dendro,occupancy,full,12,unith,12,Faure,june_8_g0,0.998737373737374,,,,17,,20,4,8,0,2,5,3,0,6,0,3H,6H,,43,0,True,False,True,False,0
publication,dendro,occupancy,full,12,unith,12,Faure,june_8_g0,0.998737373737374,,,,17,,20,4,8,0,2,6,3,0,1,1,3H,1S,,43,0,True,False,True,False,0
publication,dendro,occupancy,full,12,unith,12,Faure,june_8_g0,0.998737373737374,,,,17,3,20,4,8,0,2,7,3,0,2,1,3H,2S,0.7840020799473815,43,7,True,True,True,False,0
publication,dendro,occupancy,full,12,unith,12,Faure,june_8_g0,0.998737373737374,,,,17,,20,4,8,0,2,8,3,0,3,1,3H,3S,,43,0,True,False,True,False,0
publication,dendro,occupancy,full,12,unith,12,Faure,june_8_g0,0.998737373737374,,,,17,17,20,4,8,0,2,9,3,0,4,1,3H,4S,0.8797716170694535,43,48,True,True,True,True,0
publication,dendro,occupancy,full,12,unith,12,Faure,june_8_g0,0.998737373737374,,,,17,17,20,4,8,0,2,10,3,0,5,1,3H,5S,0.6939522887185279,43,60,True,True,True,True,0
publication,dendro,occupancy,full,12,unith,12,Faure,june_8_g0,0.998737373737374,,,,17,17,20,4,8,0,2,11,3,0,6,1,3H,6S,0.7576989028174922,43,54,True,True,True,True,0
publication,dendro,occupancy,full,12,unith,12,Faure,june_8_g0,0.998737373737374,,,,,17,20,4,8,0,3,0,4,0,1,0,4H,1H,,0,44,False,True,False,True,0
publication,dendro,occupancy,full,12,unith,12,Faure,june_8_g0,0.998737373737374,,,,,17,20,4,8,0,3,1,4,0,2,0,4H,2H,,0,34,False,True,False,True,0
publication,dendro,occupancy,full,12,unith,12,Faure,june_8_g0,0.998737373737374,,,,,17,20,4,8,0,3,2,4,0,3,0,4H,3H,,0,43,False,True,False,True,0
publication,dendro,occupancy,full,12,unith,12,Faure,june_8_g0,0.998737373737374,,,,,,20,4,8,0,3,3,4,0,4,0,4H,4H,,0,0,False,False,False,False,0
publication,dendro,occupancy,full,12,unith,12,Faure,june_8_g0,0.998737373737374,,,,,,20,4,8,0,3,4,4,0,5,0,4H,5H,,0,0,False,False,False,False,0
publication,dendro,occupancy,full,12,unith,12,Faure,june_8_g0,0.998737373737374,,,,,,20,4,8,0,3,5,4,0,6,0,4H,6H,,0,0,False,False,False,False,0
publication,dendro,occupancy,full,12,unith,12,Faure,june_8_g0,0.998737373737374,,,,,,20,4,8,0,3,6,4,0,1,1,4H,1S,,0,0,False,False,False,False,0
publication,dendro,occupancy,full,12,unith,12,Faure,june_8_g0,0.998737373737374,,,,,3,20,4,8,0,3,7,4,0,2,1,4H,2S,,0,7,False,True,False,False,0
publication,dendro,occupancy,full,12,unith,12,Faure,june_8_g0,0.998737373737374,,,,,,20,4,8,0,3,8,4,0,3,1,4H,3S,,0,0,False,False,False,False,0
publication,dendro,occupancy,full,12,unith,12,Faure,june_8_g0,0.998737373737374,,,,,17,20,4,8,0,3,9,4,0,4,1,4H,4S,,0,48,False,True,False,True,0
publication,dendro,occupancy,full,12,unith,12,Faure,june_8_g0,0.998737373737374,,,,,17,20,4,8,0,3,10,4,0,5,1,4H,5S,,0,60,False,True,False,True,0
publication,dendro,occupancy,full,12,unith,12,Faure,june_8_g0,0.998737373737374,,,,,17,20,4,8,0,3,11,4,0,6,1,4H,6S,,0,54,False,True,False,True,0
publication,dendro,occupancy,full,12,unith,12,Faure,june_8_g0,0.998737373737374,,,,,17,20,4,8,0,4,0,5,0,1,0,5H,1H,,0,44,False,True,False,True,0
publication,dendro,occupancy,full,12,unith,12,Faure,june_8_g0,0.998737373737374,,,,,17,20,4,8,0,4,1,5,0,2,0,5H,2H,,0,34,False,True,False,True,0
publication,dendro,occupancy,full,12,unith,12,Faure,june_8_g0,0.998737373737374,,,,,17,20,4,8,0,4,2,5,0,3,0,5H,3H,,0,43,False,True,False,True,0
publication,dendro,occupancy,full,12,unith,12,Faure,june_8_g0,0.998737373737374,,,,,,20,4,8,0,4,3,5,0,4,0,5H,4H,,0,0,False,False,False,False,0
publication,dendro,occupancy,full,12,unith,12,Faure,june_8_g0,0.998737373737374,,,,,,20,4,8,0,4,4,5,0,5,0,5H,5H,,0,0,False,False,False,False,0
publication,dendro,occupancy,full,12,unith,12,Faure,june_8_g0,0.998737373737374,,,,,,20,4,8,0,4,5,5,0,6,0,5H,6H,,0,0,False,False,False,False,0
publication,dendro,occupancy,full,12,unith,12,Faure,june_8_g0,0.998737373737374,,,,,,20,4,8,0,4,6,5,0,1,1,5H,1S,,0,0,False,False,False,False,0
publication,dendro,occupancy,full,12,unith,12,Faure,june_8_g0,0.998737373737374,,,,,3,20,4,8,0,4,7,5,0,2,1,5H,2S,,0,7,False,True,False,False,0
publication,dendro,occupancy,full,12,unith,12,Faure,june_8_g0,0.998737373737374,,,,,,20,4,8,0,4,8,5,0,3,1,5H,3S,,0,0,False,False,False,False,0
publication,dendro,occupancy,full,12,unith,12,Faure,june_8_g0,0.998737373737374,,,,,17,20,4,8,0,4,9,5,0,4,1,5H,4S,,0,48,False,True,False,True,0
publication,dendro,occupancy,full,12,unith,12,Faure,june_8_g0,0.998737373737374,,,,,17,20,4,8,0,4,10,5,0,5,1,5H,5S,,0,60,False,True,False,True,0
publication,dendro,occupancy,full,12,unith,12,Faure,june_8_g0,0.998737373737374,,,,,17,20,4,8,0,4,11,5,0,6,1,5H,6S,,0,54,False,True,False,True,0
publication,dendro,occupancy,full,12,unith,12,Faure,june_8_g0,0.998737373737374,,,,,17,20,4,8,0,5,0,6,0,1,0,6H,1H,,0,44,False,True,False,True,0
publication,dendro,occupancy,full,12,unith,12,Faure,june_8_g0,0.998737373737374,,,,,17,20,4,8,0,5,1,6,0,2,0,6H,2H,,0,34,False,True,False,True,0
publication,dendro,occupancy,full,12,unith,12,Faure,june_8_g0,0.998737373737374,,,,,17,20,4,8,0,5,2,6,0,3,0,6H,3H,,0,43,False,True,False,True,0
publication,dendro,occupancy,full,12,unith,12,Faure,june_8_g0,0.998737373737374,,,,,,20,4,8,0,5,3,6,0,4,0,6H,4H,,0,0,False,False,False,False,0
publication,dendro,occupancy,full,12,unith,12,Faure,june_8_g0,0.998737373737374,,,,,,20,4,8,0,5,4,6,0,5,0,6H,5H,,0,0,False,False,False,False,0
publication,dendro,occupancy,full,12,unith,12,Faure,june_8_g0,0.998737373737374,,,,,,20,4,8,0,5,5,6,0,6,0,6H,6H,,0,0,False,False,False,False,0
publication,dendro,occupancy,full,12,unith,12,Faure,june_8_g0,0.998737373737374,,,,,,20,4,8,0,5,6,6,0,1,1,6H,1S,,0,0,False,False,False,False,0
publication,dendro,occupancy,full,12,unith,12,Faure,june_8_g0,0.998737373737374,,,,,3,20,4,8,0,5,7,6,0,2,1,6H,2S,,0,7,False,True,False,False,0
publication,dendro,occupancy,full,12,unith,12,Faure,june_8_g0,0.998737373737374,,,,,,20,4,8,0,5,8,6,0,3,1,6H,3S,,0,0,False,False,False,False,0
publication,dendro,occupancy,full,12,unith,12,Faure,june_8_g0,0.998737373737374,,,,,17,20,4,8,0,5,9,6,0,4,1,6H,4S,,0,48,False,True,False,True,0
publication,dendro,occupancy,full,12,unith,12,Faure,june_8_g0,0.998737373737374,,,,,17,20,4,8,0,5,10,6,0,5,1,6H,5S,,0,60,False,True,False,True,0
publication,dendro,occupancy,full,12,unith,12,Faure,june_8_g0,0.998737373737374,,,,,17,20,4,8,0,5,11,6,0,6,1,6H,6S,,0,54,False,True,False,True,0
publication,dendro,occupancy,full,12,unith,12,Faure,june_8_g0,0.998737373737374,,,,,17,20,4,8,0,6,0,1,1,1,0,1S,1H,,0,44,False,True,False,True,0
publication,dendro,occupancy,full,12,unith,12,Faure,june_8_g0,0.998737373737374,,,,,17,20,4,8,0,6,1,1,1,2,0,1S,2H,,0,34,False,True,False,True,0
publication,dendro,occupancy,full,12,unith,12,Faure,june_8_g0,0.998737373737374,,,,,17,20,4,8,0,6,2,1,1,3,0,1S,3H,,0,43,False,True,False,True,0
publication,dendro,occupancy,full,12,unith,12,Faure,june_8_g0,0.998737373737374,,,,,,20,4,8,0,6,3,1,1,4,0,1S,4H,,0,0,False,False,False,False,0
publication,dendro,occupancy,full,12,unith,12,Faure,june_8_g0,0.998737373737374,,,,,,20,4,8,0,6,4,1,1,5,0,1S,5H,,0,0,False,False,False,False,0
publication,dendro,occupancy,full,12,unith,12,Faure,june_8_g0,0.998737373737374,,,,,,20,4,8,0,6,5,1,1,6,0,1S,6H,,0,0,False,False,False,False,0
publication,dendro,occupancy,full,12,unith,12,Faure,june_8_g0,0.998737373737374,,,,,,20,4,8,0,6,6,1,1,1,1,1S,1S,,0,0,False,False,False,False,0
publication,dendro,occupancy,full,12,unith,12,Faure,june_8_g0,0.998737373737374,,,,,3,20,4,8,0,6,7,1,1,2,1,1S,2S,,0,7,False,True,False,False,0
publication,dendro,occupancy,full,12,unith,12,Faure,june_8_g0,0.998737373737374,,,,,,20,4,8,0,6,8,1,1,3,1,1S,3S,,0,0,False,False,False,False,0
publication,dendro,occupancy,full,12,unith,12,Faure,june_8_g0,0.998737373737374,,,,,17,20,4,8,0,6,9,1,1,4,1,1S,4S,,0,48,False,True,False,True,0
publication,dendro,occupancy,full,12,unith,12,Faure,june_8_g0,0.998737373737374,,,,,17,20,4,8,0,6,10,1,1,5,1,1S,5S,,0,60,False,True,False,True,0
publication,dendro,occupancy,full,12,unith,12,Faure,june_8_g0,0.998737373737374,,,,,17,20,4,8,0,6,11,1,1,6,1,1S,6S,,0,54,False,True,False,True,0
publication,dendro,occupancy,full,12,unith,12,Faure,june_8_g0,0.998737373737374,,,,3,17,20,4,8,0,7,0,2,1,1,0,2S,1H,0.8206749454546486,7,44,True,True,False,True,0
publication,dendro,occupancy,full,12,unith,12,Faure,june_8_g0,0.998737373737374,,,,3,17,20,4,8,0,7,1,2,1,2,0,2S,2H,0.8549707578625849,7,34,True,True,False,True,0
publication,dendro,occupancy,full,12,unith,12,Faure,june_8_g0,0.998737373737374,,,,3,17,20,4,8,0,7,2,2,1,3,0,2S,3H,0.7840020799473815,7,43,True,True,False,True,0
publication,dendro,occupancy,full,12,unith,12,Faure,june_8_g0,0.998737373737374,,,,3,,20,4,8,0,7,3,2,1,4,0,2S,4H,,7,0,True,False,False,False,0
publication,dendro,occupancy,full,12,unith,12,Faure,june_8_g0,0.998737373737374,,,,3,,20,4,8,0,7,4,2,1,5,0,2S,5H,,7,0,True,False,False,False,0
publication,dendro,occupancy,full,12,unith,12,Faure,june_8_g0,0.998737373737374,,,,3,,20,4,8,0,7,5,2,1,6,0,2S,6H,,7,0,True,False,False,False,0
publication,dendro,occupancy,full,12,unith,12,Faure,june_8_g0,0.998737373737374,,,,3,,20,4,8,0,7,6,2,1,1,1,2S,1S,,7,0,True,False,False,False,0
publication,dendro,occupancy,full,12,unith,12,Faure,june_8_g0,0.998737373737374,,,,3,3,20,4,8,0,7,7,2,1,2,1,2S,2S,0.7750457086049592,7,7,True,True,False,False,0
publication,dendro,occupancy,full,12,unith,12,Faure,june_8_g0,0.998737373737374,,,,3,,20,4,8,0,7,8,2,1,3,1,2S,3S,,7,0,True,False,False,False,0
publication,dendro,occupancy,full,12,unith,12,Faure,june_8_g0,0.998737373737374,,,,3,17,20,4,8,0,7,9,2,1,4,1,2S,4S,0.8902506685373316,7,48,True,True,False,True,0
publication,dendro,occupancy,full,12,unith,12,Faure,june_8_g0,0.998737373737374,,,,3,17,20,4,8,0,7,10,2,1,5,1,2S,5S,0.7250014179900655,7,60,True,True,False,True,0
publication,dendro,occupancy,full,12,unith,12,Faure,june_8_g0,0.998737373737374,,,,3,17,20,4,8,0,7,11,2,1,6,1,2S,6S,0.8353609315021732,7,54,True,True,False,True,0
publication,dendro,occupancy,full,12,unith,12,Faure,june_8_g0,0.998737373737374,,,,,17,20,4,8,0,8,0,3,1,1,0,3S,1H,,0,44,False,True,False,True,0
publication,dendro,occupancy,full,12,unith,12,Faure,june_8_g0,0.998737373737374,,,,,17,20,4,8,0,8,1,3,1,2,0,3S,2H,,0,34,False,True,False,True,0
publication,dendro,occupancy,full,12,unith,12,Faure,june_8_g0,0.998737373737374,,,,,17,20,4,8,0,8,2,3,1,3,0,3S,3H,,0,43,False,True,False,True,0
publication,dendro,occupancy,full,12,unith,12,Faure,june_8_g0,0.998737373737374,,,,,,20,4,8,0,8,3,3,1,4,0,3S,4H,,0,0,False,False,False,False,0
publication,dendro,occupancy,full,12,unith,12,Faure,june_8_g0,0.998737373737374,,,,,,20,4,8,0,8,4,3,1,5,0,3S,5H,,0,0,False,False,False,False,0
publication,dendro,occupancy,full,12,unith,12,Faure,june_8_g0,0.998737373737374,,,,,,20,4,8,0,8,5,3,1,6,0,3S,6H,,0,0,False,False,False,False,0
publication,dendro,occupancy,full,12,unith,12,Faure,june_8_g0,0.998737373737374,,,,,,20,4,8,0,8,6,3,1,1,1,3S,1S,,0,0,False,False,False,False,0
publication,dendro,occupancy,full,12,unith,12,Faure,june_8_g0,0.998737373737374,,,,,3,20,4,8,0,8,7,3,1,2,1,3S,2S,,0,7,False,True,False,False,0
publication,dendro,occupancy,full,12,unith,12,Faure,june_8_g0,0.998737373737374,,,,,,20,4,8,0,8,8,3,1,3,1,3S,3S,,0,0,False,False,False,False,0
publication,dendro,occupancy,full,12,unith,12,Faure,june_8_g0,0.998737373737374,,,,,17,20,4,8,0,8,9,3,1,4,1,3S,4S,,0,48,False,True,False,True,0
publication,dendro,occupancy,full,12,unith,12,Faure,june_8_g0,0.998737373737374,,,,,17,20,4,8,0,8,10,3,1,5,1,3S,5S,,0,60,False,True,False,True,0
publication,dendro,occupancy,full,12,unith,12,Faure,june_8_g0,0.998737373737374,,,,,17,20,4,8,0,8,11,3,1,6,1,3S,6S,,0,54,False,True,False,True,0
publication,dendro,occupancy,full,12,unith,12,Faure,june_8_g0,0.998737373737374,,,,17,17,20,4,8,0,9,0,4,1,1,0,4S,1H,0.9115014769787873,48,44,True,True,True,True,0
publication,dendro,occupancy,full,12,unith,12,Faure,june_8_g0,0.998737373737374,,,,17,17,20,4,8,0,9,1,4,1,2,0,4S,2H,0.9215023430321077,48,34,True,True,True,True,0
publication,dendro,occupancy,full,12,unith,12,Faure,june_8_g0,0.998737373737374,,,,17,17,20,4,8,0,9,2,4,1,3,0,4S,3H,0.8797716170694535,48,43,True,True,True,True,0
publication,dendro,occupancy,full,12,unith,12,Faure,june_8_g0,0.998737373737374,,,,17,,20,4,8,0,9,3,4,1,4,0,4S,4H,,48,0,True,False,True,False,0
publication,dendro,occupancy,full,12,unith,12,Faure,june_8_g0,0.998737373737374,,,,17,,20,4,8,0,9,4,4,1,5,0,4S,5H,,48,0,True,False,True,False,0
publication,dendro,occupancy,full,12,unith,12,Faure,june_8_g0,0.998737373737374,,,,17,,20,4,8,0,9,5,4,1,6,0,4S,6H,,48,0,True,False,True,False,0
publication,dendro,occupancy,full,12,unith,12,Faure,june_8_g0,0.998737373737374,,,,17,,20,4,8,0,9,6,4,1,1,1,4S,1S,,48,0,True,False,True,False,0
publication,dendro,occupancy,full,12,unith,12,Faure,june_8_g0,0.998737373737374,,,,17,3,20,4,8,0,9,7,4,1,2,1,4S,2S,0.8902506685373316,48,7,True,True,True,False,0
publication,dendro,occupancy,full,12,unith,12,Faure,june_8_g0,0.998737373737374,,,,17,,20,4,8,0,9,8,4,1,3,1,4S,3S,,48,0,True,False,True,False,0
publication,dendro,occupancy,full,12,unith,12,Faure,june_8_g0,0.998737373737374,,,,17,17,20,4,8,0,9,9,4,1,4,1,4S,4S,0.9442433889627061,48,48,True,True,True,True,0
publication,dendro,occupancy,full,12,unith,12,Faure,june_8_g0,0.998737373737374,,,,17,17,20,4,8,0,9,10,4,1,5,1,4S,5S,0.7752753543008242,48,60,True,True,True,True,0
publication,dendro,occupancy,full,12,unith,12,Faure,june_8_g0,0.998737373737374,,,,17,17,20,4,8,0,9,11,4,1,6,1,4S,6S,0.8892239001742835,48,54,True,True,True,True,0
publication,dendro,occupancy,full,12,unith,12,Faure,june_8_g0,0.998737373737374,,,,17,17,20,4,8,0,10,0,5,1,1,0,5S,1H,0.7790165490108609,60,44,True,True,True,True,0
publication,dendro,occupancy,full,12,unith,12,Faure,june_8_g0,0.998737373737374,,,,17,17,20,4,8,0,10,1,5,1,2,0,5S,2H,0.7131809395148332,60,34,True,True,True,True,0
publication,dendro,occupancy,full,12,unith,12,Faure,june_8_g0,0.998737373737374,,,,17,17,20,4,8,0,10,2,5,1,3,0,5S,3H,0.6939522887185279,60,43,True,True,True,True,0
publication,dendro,occupancy,full,12,unith,12,Faure,june_8_g0,0.998737373737374,,,,17,,20,4,8,0,10,3,5,1,4,0,5S,4H,,60,0,True,False,True,False,0
publication,dendro,occupancy,full,12,unith,12,Faure,june_8_g0,0.998737373737374,,,,17,,20,4,8,0,10,4,5,1,5,0,5S,5H,,60,0,True,False,True,False,0
publication,dendro,occupancy,full,12,unith,12,Faure,june_8_g0,0.998737373737374,,,,17,,20,4,8,0,10,5,5,1,6,0,5S,6H,,60,0,True,False,True,False,0
publication,dendro,occupancy,full,12,unith,12,Faure,june_8_g0,0.998737373737374,,,,17,,20,4,8,0,10,6,5,1,1,1,5S,1S,,60,0,True,False,True,False,0
publication,dendro,occupancy,full,12,unith,12,Faure,june_8_g0,0.998737373737374,,,,17,3,20,4,8,0,10,7,5,1,2,1,5S,2S,0.7250014179900655,60,7,True,True,True,False,0
publication,dendro,occupancy,full,12,unith,12,Faure,june_8_g0,0.998737373737374,,,,17,,20,4,8,0,10,8,5,1,3,1,5S,3S,,60,0,True,False,True,False,0
publication,dendro,occupancy,full,12,unith,12,Faure,june_8_g0,0.998737373737374,,,,17,17,20,4,8,0,10,9,5,1,4,1,5S,4S,0.7752753543008242,60,48,True,True,True,True,0
publication,dendro,occupancy,full,12,unith,12,Faure,june_8_g0,0.998737373737374,,,,17,17,20,4,8,0,10,10,5,1,5,1,5S,5S,0.79010623468286,60,60,True,True,True,True,0
publication,dendro,occupancy,full,12,unith,12,Faure,june_8_g0,0.998737373737374,,,,17,17,20,4,8,0,10,11,5,1,6,1,5S,6S,0.8374471719788742,60,54,True,True,True,True,0
publication,dendro,occupancy,full,12,unith,12,Faure,june_8_g0,0.998737373737374,,,,17,17,20,4,8,0,11,0,6,1,1,0,6S,1H,0.8654868014272376,54,44,True,True,True,True,0
publication,dendro,occupancy,full,12,unith,12,Faure,june_8_g0,0.998737373737374,,,,17,17,20,4,8,0,11,1,6,1,2,0,6S,2H,0.8350540600634473,54,34,True,True,True,True,0
publication,dendro,occupancy,full,12,unith,12,Faure,june_8_g0,0.998737373737374,,,,17,17,20,4,8,0,11,2,6,1,3,0,6S,3H,0.7576989028174922,54,43,True,True,True,True,0
publication,dendro,occupancy,full,12,unith,12,Faure,june_8_g0,0.998737373737374,,,,17,,20,4,8,0,11,3,6,1,4,0,6S,4H,,54,0,True,False,True,False,0
publication,dendro,occupancy,full,12,unith,12,Faure,june_8_g0,0.998737373737374,,,,17,,20,4,8,0,11,4,6,1,5,0,6S,5H,,54,0,True,False,True,False,0
publication,dendro,occupancy,full,12,unith,12,Faure,june_8_g0,0.998737373737374,,,,17,,20,4,8,0,11,5,6,1,6,0,6S,6H,,54,0,True,False,True,False,0
publication,dendro,occupancy,full,12,unith,12,Faure,june_8_g0,0.998737373737374,,,,17,,20,4,8,0,11,6,6,1,1,1,6S,1S,,54,0,True,False,True,False,0
publication,dendro,occupancy,full,12,unith,12,Faure,june_8_g0,0.998737373737374,,,,17,3,20,4,8,0,11,7,6,1,2,1,6S,2S,0.8353609315021732,54,7,True,True,True,False,0
publication,dendro,occupancy,full,12,unith,12,Faure,june_8_g0,0.998737373737374,,,,17,,20,4,8,0,11,8,6,1,3,1,6S,3S,,54,0,True,False,True,False,0
publication,dendro,occupancy,full,12,unith,12,Faure,june_8_g0,0.998737373737374,,,,17,17,20,4,8,0,11,9,6,1,4,1,6S,4S,0.8892239001742835,54,48,True,True,True,True,0
publication,dendro,occupancy,full,12,unith,12,Faure,june_8_g0,0.998737373737374,,,,17,17,20,4,8,0,11,10,6,1,5,1,6S,5S,0.8374471719788742,54,60,True,True,True,True,0
publication,dendro,occupancy,full,12,unith,12,Faure,june_8_g0,0.998737373737374,,,,17,17,20,4,8,0,11,11,6,1,6,1,6S,6S,0.9029232691995951,54,54,True,True,True,True,0
publication,dendro,occupancy,full,12,unith,12,Nielsen,Nov_3_g0,0.999725274725275,,,,20,20,20,4,8,0,0,0,1,0,1,0,1H,1H,0.9201010133760231,65,65,True,True,True,True,0
publication,dendro,occupancy,full,12,unith,12,Nielsen,Nov_3_g0,0.999725274725275,,,,20,20,20,4,8,0,0,1,1,0,2,0,1H,2H,0.8806954051487426,65,85,True,True,True,True,0
publication,dendro,occupancy,full,12,unith,12,Nielsen,Nov_3_g0,0.999725274725275,,,,20,20,20,4,8,0,0,2,1,0,3,0,1H,3H,0.9027433148671538,65,82,True,True,True,True,0
publication,dendro,occupancy,full,12,unith,12,Nielsen,Nov_3_g0,0.999725274725275,,,,20,20,20,4,8,0,0,3,1,0,4,0,1H,4H,0.8924302909358632,65,44,True,True,True,True,0
publication,dendro,occupancy,full,12,unith,12,Nielsen,Nov_3_g0,0.999725274725275,,,,20,,20,4,8,0,0,4,1,0,5,0,1H,5H,,65,0,True,False,True,False,0
publication,dendro,occupancy,full,12,unith,12,Nielsen,Nov_3_g0,0.999725274725275,,,,20,,20,4,8,0,0,5,1,0,6,0,1H,6H,,65,0,True,False,True,False,0
publication,dendro,occupancy,full,12,unith,12,Nielsen,Nov_3_g0,0.999725274725275,,,,20,,20,4,8,0,0,6,1,0,1,1,1H,1S,,65,0,True,False,True,False,0
publication,dendro,occupancy,full,12,unith,12,Nielsen,Nov_3_g0,0.999725274725275,,,,20,,20,4,8,0,0,7,1,0,2,1,1H,2S,,65,0,True,False,True,False,0
publication,dendro,occupancy,full,12,unith,12,Nielsen,Nov_3_g0,0.999725274725275,,,,20,,20,4,8,0,0,8,1,0,3,1,1H,3S,,65,0,True,False,True,False,0
publication,dendro,occupancy,full,12,unith,12,Nielsen,Nov_3_g0,0.999725274725275,,,,20,20,20,4,8,0,0,9,1,0,4,1,1H,4S,0.8787162060009939,65,41,True,True,True,True,0
publication,dendro,occupancy,full,12,unith,12,Nielsen,Nov_3_g0,0.999725274725275,,,,20,20,20,4,8,0,0,10,1,0,5,1,1H,5S,0.9058799332894288,65,95,True,True,True,True,0
publication,dendro,occupancy,full,12,unith,12,Nielsen,Nov_3_g0,0.999725274725275,,,,20,20,20,4,8,0,0,11,1,0,6,1,1H,6S,0.8507858615840764,65,84,True,True,True,True,0
publication,dendro,occupancy,full,12,unith,12,Nielsen,Nov_3_g0,0.999725274725275,,,,20,20,20,4,8,0,1,0,2,0,1,0,2H,1H,0.8806954051487426,85,65,True,True,True,True,0
publication,dendro,occupancy,full,12,unith,12,Nielsen,Nov_3_g0,0.999725274725275,,,,20,20,20,4,8,0,1,1,2,0,2,0,2H,2H,0.9340910514195018,85,85,True,True,True,True,0
publication,dendro,occupancy,full,12,unith,12,Nielsen,Nov_3_g0,0.999725274725275,,,,20,20,20,4,8,0,1,2,2,0,3,0,2H,3H,0.9111088474744232,85,82,True,True,True,True,0
publication,dendro,occupancy,full,12,unith,12,Nielsen,Nov_3_g0,0.999725274725275,,,,20,20,20,4,8,0,1,3,2,0,4,0,2H,4H,0.9465562442808864,85,44,True,True,True,True,0
publication,dendro,occupancy,full,12,unith,12,Nielsen,Nov_3_g0,0.999725274725275,,,,20,,20,4,8,0,1,4,2,0,5,0,2H,5H,,85,0,True,False,True,False,0
publication,dendro,occupancy,full,12,unith,12,Nielsen,Nov_3_g0,0.999725274725275,,,,20,,20,4,8,0,1,5,2,0,6,0,2H,6H,,85,0,True,False,True,False,0
publication,dendro,occupancy,full,12,unith,12,Nielsen,Nov_3_g0,0.999725274725275,,,,20,,20,4,8,0,1,6,2,0,1,1,2H,1S,,85,0,True,False,True,False,0
publication,dendro,occupancy,full,12,unith,12,Nielsen,Nov_3_g0,0.999725274725275,,,,20,,20,4,8,0,1,7,2,0,2,1,2H,2S,,85,0,True,False,True,False,0
publication,dendro,occupancy,full,12,unith,12,Nielsen,Nov_3_g0,0.999725274725275,,,,20,,20,4,8,0,1,8,2,0,3,1,2H,3S,,85,0,True,False,True,False,0
publication,dendro,occupancy,full,12,unith,12,Nielsen,Nov_3_g0,0.999725274725275,,,,20,20,20,4,8,0,1,9,2,0,4,1,2H,4S,0.9135934846907261,85,41,True,True,True,True,0
publication,dendro,occupancy,full,12,unith,12,Nielsen,Nov_3_g0,0.999725274725275,,,,20,20,20,4,8,0,1,10,2,0,5,1,2H,5S,0.8891374278498674,85,95,True,True,True,True,0
publication,dendro,occupancy,full,12,unith,12,Nielsen,Nov_3_g0,0.999725274725275,,,,20,20,20,4,8,0,1,11,2,0,6,1,2H,6S,0.8785659221414666,85,84,True,True,True,True,0
publication,dendro,occupancy,full,12,unith,12,Nielsen,Nov_3_g0,0.999725274725275,,,,20,20,20,4,8,0,2,0,3,0,1,0,3H,1H,0.9027433148671538,82,65,True,True,True,True,0
publication,dendro,occupancy,full,12,unith,12,Nielsen,Nov_3_g0,0.999725274725275,,,,20,20,20,4,8,0,2,1,3,0,2,0,3H,2H,0.9111088474744232,82,85,True,True,True,True,0
publication,dendro,occupancy,full,12,unith,12,Nielsen,Nov_3_g0,0.999725274725275,,,,20,20,20,4,8,0,2,2,3,0,3,0,3H,3H,0.9264959029050999,82,82,True,True,True,True,0
publication,dendro,occupancy,full,12,unith,12,Nielsen,Nov_3_g0,0.999725274725275,,,,20,20,20,4,8,0,2,3,3,0,4,0,3H,4H,0.9359352029460636,82,44,True,True,True,True,0
publication,dendro,occupancy,full,12,unith,12,Nielsen,Nov_3_g0,0.999725274725275,,,,20,,20,4,8,0,2,4,3,0,5,0,3H,5H,,82,0,True,False,True,False,0
publication,dendro,occupancy,full,12,unith,12,Nielsen,Nov_3_g0,0.999725274725275,,,,20,,20,4,8,0,2,5,3,0,6,0,3H,6H,,82,0,True,False,True,False,0
publication,dendro,occupancy,full,12,unith,12,Nielsen,Nov_3_g0,0.999725274725275,,,,20,,20,4,8,0,2,6,3,0,1,1,3H,1S,,82,0,True,False,True,False,0
publication,dendro,occupancy,full,12,unith,12,Nielsen,Nov_3_g0,0.999725274725275,,,,20,,20,4,8,0,2,7,3,0,2,1,3H,2S,,82,0,True,False,True,False,0
publication,dendro,occupancy,full,12,unith,12,Nielsen,Nov_3_g0,0.999725274725275,,,,20,,20,4,8,0,2,8,3,0,3,1,3H,3S,,82,0,True,False,True,False,0
publication,dendro,occupancy,full,12,unith,12,Nielsen,Nov_3_g0,0.999725274725275,,,,20,20,20,4,8,0,2,9,3,0,4,1,3H,4S,0.9007178047235559,82,41,True,True,True,True,0
publication,dendro,occupancy,full,12,unith,12,Nielsen,Nov_3_g0,0.999725274725275,,,,20,20,20,4,8,0,2,10,3,0,5,1,3H,5S,0.9267525485220076,82,95,True,True,True,True,0
publication,dendro,occupancy,full,12,unith,12,Nielsen,Nov_3_g0,0.999725274725275,,,,20,20,20,4,8,0,2,11,3,0,6,1,3H,6S,0.9017628855623994,82,84,True,True,True,True,0
publication,dendro,occupancy,full,12,unith,12,Nielsen,Nov_3_g0,0.999725274725275,,,,20,20,20,4,8,0,3,0,4,0,1,0,4H,1H,0.8924302909358632,44,65,True,True,True,True,0
publication,dendro,occupancy,full,12,unith,12,Nielsen,Nov_3_g0,0.999725274725275,,,,20,20,20,4,8,0,3,1,4,0,2,0,4H,2H,0.9465562442808864,44,85,True,True,True,True,0
publication,dendro,occupancy,full,12,unith,12,Nielsen,Nov_3_g0,0.999725274725275,,,,20,20,20,4,8,0,3,2,4,0,3,0,4H,3H,0.9359352029460636,44,82,True,True,True,True,0
publication,dendro,occupancy,full,12,unith,12,Nielsen,Nov_3_g0,0.999725274725275,,,,20,20,20,4,8,0,3,3,4,0,4,0,4H,4H,0.9295160585385489,44,44,True,True,True,True,0
publication,dendro,occupancy,full,12,unith,12,Nielsen,Nov_3_g0,0.999725274725275,,,,20,,20,4,8,0,3,4,4,0,5,0,4H,5H,,44,0,True,False,True,False,0
publication,dendro,occupancy,full,12,unith,12,Nielsen,Nov_3_g0,0.999725274725275,,,,20,,20,4,8,0,3,5,4,0,6,0,4H,6H,,44,0,True,False,True,False,0
publication,dendro,occupancy,full,12,unith,12,Nielsen,Nov_3_g0,0.999725274725275,,,,20,,20,4,8,0,3,6,4,0,1,1,4H,1S,,44,0,True,False,True,False,0
publication,dendro,occupancy,full,12,unith,12,Nielsen,Nov_3_g0,0.999725274725275,,,,20,,20,4,8,0,3,7,4,0,2,1,4H,2S,,44,0,True,False,True,False,0
publication,dendro,occupancy,full,12,unith,12,Nielsen,Nov_3_g0,0.999725274725275,,,,20,,20,4,8,0,3,8,4,0,3,1,4H,3S,,44,0,True,False,True,False,0
publication,dendro,occupancy,full,12,unith,12,Nielsen,Nov_3_g0,0.999725274725275,,,,20,20,20,4,8,0,3,9,4,0,4,1,4H,4S,0.9257003203965232,44,41,True,True,True,True,0
publication,dendro,occupancy,full,12,unith,12,Nielsen,Nov_3_g0,0.999725274725275,,,,20,20,20,4,8,0,3,10,4,0,5,1,4H,5S,0.9291653011212981,44,95,True,True,True,True,0
publication,dendro,occupancy,full,12,unith,12,Nielsen,Nov_3_g0,0.999725274725275,,,,20,20,20,4,8,0,3,11,4,0,6,1,4H,6S,0.9103694390322797,44,84,True,True,True,True,0
publication,dendro,occupancy,full,12,unith,12,Nielsen,Nov_3_g0,0.999725274725275,,,,,20,20,4,8,0,4,0,5,0,1,0,5H,1H,,0,65,False,True,False,True,0
publication,dendro,occupancy,full,12,unith,12,Nielsen,Nov_3_g0,0.999725274725275,,,,,20,20,4,8,0,4,1,5,0,2,0,5H,2H,,0,85,False,True,False,True,0
publication,dendro,occupancy,full,12,unith,12,Nielsen,Nov_3_g0,0.999725274725275,,,,,20,20,4,8,0,4,2,5,0,3,0,5H,3H,,0,82,False,True,False,True,0
publication,dendro,occupancy,full,12,unith,12,Nielsen,Nov_3_g0,0.999725274725275,,,,,20,20,4,8,0,4,3,5,0,4,0,5H,4H,,0,44,False,True,False,True,0
publication,dendro,occupancy,full,12,unith,12,Nielsen,Nov_3_g0,0.999725274725275,,,,,,20,4,8,0,4,4,5,0,5,0,5H,5H,,0,0,False,False,False,False,0
publication,dendro,occupancy,full,12,unith,12,Nielsen,Nov_3_g0,0.999725274725275,,,,,,20,4,8,0,4,5,5,0,6,0,5H,6H,,0,0,False,False,False,False,0
publication,dendro,occupancy,full,12,unith,12,Nielsen,Nov_3_g0,0.999725274725275,,,,,,20,4,8,0,4,6,5,0,1,1,5H,1S,,0,0,False,False,False,False,0
publication,dendro,occupancy,full,12,unith,12,Nielsen,Nov_3_g0,0.999725274725275,,,,,,20,4,8,0,4,7,5,0,2,1,5H,2S,,0,0,False,False,False,False,0
publication,dendro,occupancy,full,12,unith,12,Nielsen,Nov_3_g0,0.999725274725275,,,,,,20,4,8,0,4,8,5,0,3,1,5H,3S,,0,0,False,False,False,False,0
publication,dendro,occupancy,full,12,unith,12,Nielsen,Nov_3_g0,0.999725274725275,,,,,20,20,4,8,0,4,9,5,0,4,1,5H,4S,,0,41,False,True,False,True,0
publication,dendro,occupancy,full,12,unith,12,Nielsen,Nov_3_g0,0.999725274725275,,,,,20,20,4,8,0,4,10,5,0,5,1,5H,5S,,0,95,False,True,False,True,0
publication,dendro,occupancy,full,12,unith,12,Nielsen,Nov_3_g0,0.999725274725275,,,,,20,20,4,8,0,4,11,5,0,6,1,5H,6S,,0,84,False,True,False,True,0
publication,dendro,occupancy,full,12,unith,12,Nielsen,Nov_3_g0,0.999725274725275,,,,,20,20,4,8,0,5,0,6,0,1,0,6H,1H,,0,65,False,True,False,True,0
publication,dendro,occupancy,full,12,unith,12,Nielsen,Nov_3_g0,0.999725274725275,,,,,20,20,4,8,0,5,1,6,0,2,0,6H,2H,,0,85,False,True,False,True,0
publication,dendro,occupancy,full,12,unith,12,Nielsen,Nov_3_g0,0.999725274725275,,,,,20,20,4,8,0,5,2,6,0,3,0,6H,3H,,0,82,False,True,False,True,0
publication,dendro,occupancy,full,12,unith,12,Nielsen,Nov_3_g0,0.999725274725275,,,,,20,20,4,8,0,5,3,6,0,4,0,6H,4H,,0,44,False,True,False,True,0
publication,dendro,occupancy,full,12,unith,12,Nielsen,Nov_3_g0,0.999725274725275,,,,,,20,4,8,0,5,4,6,0,5,0,6H,5H,,0,0,False,False,False,False,0
publication,dendro,occupancy,full,12,unith,12,Nielsen,Nov_3_g0,0.999725274725275,,,,,,20,4,8,0,5,5,6,0,6,0,6H,6H,,0,0,False,False,False,False,0
publication,dendro,occupancy,full,12,unith,12,Nielsen,Nov_3_g0,0.999725274725275,,,,,,20,4,8,0,5,6,6,0,1,1,6H,1S,,0,0,False,False,False,False,0
publication,dendro,occupancy,full,12,unith,12,Nielsen,Nov_3_g0,0.999725274725275,,,,,,20,4,8,0,5,7,6,0,2,1,6H,2S,,0,0,False,False,False,False,0
publication,dendro,occupancy,full,12,unith,12,Nielsen,Nov_3_g0,0.999725274725275,,,,,,20,4,8,0,5,8,6,0,3,1,6H,3S,,0,0,False,False,False,False,0
publication,dendro,occupancy,full,12,unith,12,Nielsen,Nov_3_g0,0.999725274725275,,,,,20,20,4,8,0,5,9,6,0,4,1,6H,4S,,0,41,False,True,False,True,0
publication,dendro,occupancy,full,12,unith,12,Nielsen,Nov_3_g0,0.999725274725275,,,,,20,20,4,8,0,5,10,6,0,5,1,6H,5S,,0,95,False,True,False,True,0
publication,dendro,occupancy,full,12,unith,12,Nielsen,Nov_3_g0,0.999725274725275,,,,,20,20,4,8,0,5,11,6,0,6,1,6H,6S,,0,84,False,True,False,True,0
publication,dendro,occupancy,full,12,unith,12,Nielsen,Nov_3_g0,0.999725274725275,,,,,20,20,4,8,0,6,0,1,1,1,0,1S,1H,,0,65,False,True,False,True,0
publication,dendro,occupancy,full,12,unith,12,Nielsen,Nov_3_g0,0.999725274725275,,,,,20,20,4,8,0,6,1,1,1,2,0,1S,2H,,0,85,False,True,False,True,0
publication,dendro,occupancy,full,12,unith,12,Nielsen,Nov_3_g0,0.999725274725275,,,,,20,20,4,8,0,6,2,1,1,3,0,1S,3H,,0,82,False,True,False,True,0
publication,dendro,occupancy,full,12,unith,12,Nielsen,Nov_3_g0,0.999725274725275,,,,,20,20,4,8,0,6,3,1,1,4,0,1S,4H,,0,44,False,True,False,True,0
publication,dendro,occupancy,full,12,unith,12,Nielsen,Nov_3_g0,0.999725274725275,,,,,,20,4,8,0,6,4,1,1,5,0,1S,5H,,0,0,False,False,False,False,0
publication,dendro,occupancy,full,12,unith,12,Nielsen,Nov_3_g0,0.999725274725275,,,,,,20,4,8,0,6,5,1,1,6,0,1S,6H,,0,0,False,False,False,False,0
publication,dendro,occupancy,full,12,unith,12,Nielsen,Nov_3_g0,0.999725274725275,,,,,,20,4,8,0,6,6,1,1,1,1,1S,1S,,0,0,False,False,False,False,0
publication,dendro,occupancy,full,12,unith,12,Nielsen,Nov_3_g0,0.999725274725275,,,,,,20,4,8,0,6,7,1,1,2,1,1S,2S,,0,0,False,False,False,False,0
publication,dendro,occupancy,full,12,unith,12,Nielsen,Nov_3_g0,0.999725274725275,,,,,,20,4,8,0,6,8,1,1,3,1,1S,3S,,0,0,False,False,False,False,0
publication,dendro,occupancy,full,12,unith,12,Nielsen,Nov_3_g0,0.999725274725275,,,,,20,20,4,8,0,6,9,1,1,4,1,1S,4S,,0,41,False,True,False,True,0
publication,dendro,occupancy,full,12,unith,12,Nielsen,Nov_3_g0,0.999725274725275,,,,,20,20,4,8,0,6,10,1,1,5,1,1S,5S,,0,95,False,True,False,True,0
publication,dendro,occupancy,full,12,unith,12,Nielsen,Nov_3_g0,0.999725274725275,,,,,20,20,4,8,0,6,11,1,1,6,1,1S,6S,,0,84,False,True,False,True,0
publication,dendro,occupancy,full,12,unith,12,Nielsen,Nov_3_g0,0.999725274725275,,,,,20,20,4,8,0,7,0,2,1,1,0,2S,1H,,0,65,False,True,False,True,0
publication,dendro,occupancy,full,12,unith,12,Nielsen,Nov_3_g0,0.999725274725275,,,,,20,20,4,8,0,7,1,2,1,2,0,2S,2H,,0,85,False,True,False,True,0
publication,dendro,occupancy,full,12,unith,12,Nielsen,Nov_3_g0,0.999725274725275,,,,,20,20,4,8,0,7,2,2,1,3,0,2S,3H,,0,82,False,True,False,True,0
publication,dendro,occupancy,full,12,unith,12,Nielsen,Nov_3_g0,0.999725274725275,,,,,20,20,4,8,0,7,3,2,1,4,0,2S,4H,,0,44,False,True,False,True,0
publication,dendro,occupancy,full,12,unith,12,Nielsen,Nov_3_g0,0.999725274725275,,,,,,20,4,8,0,7,4,2,1,5,0,2S,5H,,0,0,False,False,False,False,0
publication,dendro,occupancy,full,12,unith,12,Nielsen,Nov_3_g0,0.999725274725275,,,,,,20,4,8,0,7,5,2,1,6,0,2S,6H,,0,0,False,False,False,False,0
publication,dendro,occupancy,full,12,unith,12,Nielsen,Nov_3_g0,0.999725274725275,,,,,,20,4,8,0,7,6,2,1,1,1,2S,1S,,0,0,False,False,False,False,0
publication,dendro,occupancy,full,12,unith,12,Nielsen,Nov_3_g0,0.999725274725275,,,,,,20,4,8,0,7,7,2,1,2,1,2S,2S,,0,0,False,False,False,False,0
publication,dendro,occupancy,full,12,unith,12,Nielsen,Nov_3_g0,0.999725274725275,,,,,,20,4,8,0,7,8,2,1,3,1,2S,3S,,0,0,False,False,False,False,0
publication,dendro,occupancy,full,12,unith,12,Nielsen,Nov_3_g0,0.999725274725275,,,,,20,20,4,8,0,7,9,2,1,4,1,2S,4S,,0,41,False,True,False,True,0
publication,dendro,occupancy,full,12,unith,12,Nielsen,Nov_3_g0,0.999725274725275,,,,,20,20,4,8,0,7,10,2,1,5,1,2S,5S,,0,95,False,True,False,True,0
publication,dendro,occupancy,full,12,unith,12,Nielsen,Nov_3_g0,0.999725274725275,,,,,20,20,4,8,0,7,11,2,1,6,1,2S,6S,,0,84,False,True,False,True,0
publication,dendro,occupancy,full,12,unith,12,Nielsen,Nov_3_g0,0.999725274725275,,,,,20,20,4,8,0,8,0,3,1,1,0,3S,1H,,0,65,False,True,False,True,0
publication,dendro,occupancy,full,12,unith,12,Nielsen,Nov_3_g0,0.999725274725275,,,,,20,20,4,8,0,8,1,3,1,2,0,3S,2H,,0,85,False,True,False,True,0
publication,dendro,occupancy,full,12,unith,12,Nielsen,Nov_3_g0,0.999725274725275,,,,,20,20,4,8,0,8,2,3,1,3,0,3S,3H,,0,82,False,True,False,True,0
publication,dendro,occupancy,full,12,unith,12,Nielsen,Nov_3_g0,0.999725274725275,,,,,20,20,4,8,0,8,3,3,1,4,0,3S,4H,,0,44,False,True,False,True,0
publication,dendro,occupancy,full,12,unith,12,Nielsen,Nov_3_g0,0.999725274725275,,,,,,20,4,8,0,8,4,3,1,5,0,3S,5H,,0,0,False,False,False,False,0
publication,dendro,occupancy,full,12,unith,12,Nielsen,Nov_3_g0,0.999725274725275,,,,,,20,4,8,0,8,5,3,1,6,0,3S,6H,,0,0,False,False,False,False,0
publication,dendro,occupancy,full,12,unith,12,Nielsen,Nov_3_g0,0.999725274725275,,,,,,20,4,8,0,8,6,3,1,1,1,3S,1S,,0,0,False,False,False,False,0
publication,dendro,occupancy,full,12,unith,12,Nielsen,Nov_3_g0,0.999725274725275,,,,,,20,4,8,0,8,7,3,1,2,1,3S,2S,,0,0,False,False,False,False,0
publication,dendro,occupancy,full,12,unith,12,Nielsen,Nov_3_g0,0.999725274725275,,,,,,20,4,8,0,8,8,3,1,3,1,3S,3S,,0,0,False,False,False,False,0
publication,dendro,occupancy,full,12,unith,12,Nielsen,Nov_3_g0,0.999725274725275,,,,,20,20,4,8,0,8,9,3,1,4,1,3S,4S,,0,41,False,True,False,True,0
publication,dendro,occupancy,full,12,unith,12,Nielsen,Nov_3_g0,0.999725274725275,,,,,20,20,4,8,0,8,10,3,1,5,1,3S,5S,,0,95,False,True,False,True,0
publication,dendro,occupancy,full,12,unith,12,Nielsen,Nov_3_g0,0.999725274725275,,,,,20,20,4,8,0,8,11,3,1,6,1,3S,6S,,0,84,False,True,False,True,0
publication,dendro,occupancy,full,12,unith,12,Nielsen,Nov_3_g0,0.999725274725275,,,,20,20,20,4,8,0,9,0,4,1,1,0,4S,1H,0.8787162060009939,41,65,True,True,True,True,0
publication,dendro,occupancy,full,12,unith,12,Nielsen,Nov_3_g0,0.999725274725275,,,,20,20,20,4,8,0,9,1,4,1,2,0,4S,2H,0.9135934846907261,41,85,True,True,True,True,0
publication,dendro,occupancy,full,12,unith,12,Nielsen,Nov_3_g0,0.999725274725275,,,,20,20,20,4,8,0,9,2,4,1,3,0,4S,3H,0.9007178047235559,41,82,True,True,True,True,0
publication,dendro,occupancy,full,12,unith,12,Nielsen,Nov_3_g0,0.999725274725275,,,,20,20,20,4,8,0,9,3,4,1,4,0,4S,4H,0.9257003203965232,41,44,True,True,True,True,0
publication,dendro,occupancy,full,12,unith,12,Nielsen,Nov_3_g0,0.999725274725275,,,,20,,20,4,8,0,9,4,4,1,5,0,4S,5H,,41,0,True,False,True,False,0
publication,dendro,occupancy,full,12,unith,12,Nielsen,Nov_3_g0,0.999725274725275,,,,20,,20,4,8,0,9,5,4,1,6,0,4S,6H,,41,0,True,False,True,False,0
publication,dendro,occupancy,full,12,unith,12,Nielsen,Nov_3_g0,0.999725274725275,,,,20,,20,4,8,0,9,6,4,1,1,1,4S,1S,,41,0,True,False,True,False,0
publication,dendro,occupancy,full,12,unith,12,Nielsen,Nov_3_g0,0.999725274725275,,,,20,,20,4,8,0,9,7,4,1,2,1,4S,2S,,41,0,True,False,True,False,0
publication,dendro,occupancy,full,12,unith,12,Nielsen,Nov_3_g0,0.999725274725275,,,,20,,20,4,8,0,9,8,4,1,3,1,4S,3S,,41,0,True,False,True,False,0
publication,dendro,occupancy,full,12,unith,12,Nielsen,Nov_3_g0,0.999725274725275,,,,20,20,20,4,8,0,9,9,4,1,4,1,4S,4S,0.9548061285040987,41,41,True,True,True,True,0
publication,dendro,occupancy,full,12,unith,12,Nielsen,Nov_3_g0,0.999725274725275,,,,20,20,20,4,8,0,9,10,4,1,5,1,4S,5S,0.9550817395067597,41,95,True,True,True,True,0
publication,dendro,occupancy,full,12,unith,12,Nielsen,Nov_3_g0,0.999725274725275,,,,20,20,20,4,8,0,9,11,4,1,6,1,4S,6S,0.9637030833319835,41,84,True,True,True,True,0
publication,dendro,occupancy,full,12,unith,12,Nielsen,Nov_3_g0,0.999725274725275,,,,20,20,20,4,8,0,10,0,5,1,1,0,5S,1H,0.9058799332894288,95,65,True,True,True,True,0
publication,dendro,occupancy,full,12,unith,12,Nielsen,Nov_3_g0,0.999725274725275,,,,20,20,20,4,8,0,10,1,5,1,2,0,5S,2H,0.8891374278498674,95,85,True,True,True,True,0
publication,dendro,occupancy,full,12,unith,12,Nielsen,Nov_3_g0,0.999725274725275,,,,20,20,20,4,8,0,10,2,5,1,3,0,5S,3H,0.9267525485220076,95,82,True,True,True,True,0
publication,dendro,occupancy,full,12,unith,12,Nielsen,Nov_3_g0,0.999725274725275,,,,20,20,20,4,8,0,10,3,5,1,4,0,5S,4H,0.9291653011212981,95,44,True,True,True,True,0
publication,dendro,occupancy,full,12,unith,12,Nielsen,Nov_3_g0,0.999725274725275,,,,20,,20,4,8,0,10,4,5,1,5,0,5S,5H,,95,0,True,False,True,False,0
publication,dendro,occupancy,full,12,unith,12,Nielsen,Nov_3_g0,0.999725274725275,,,,20,,20,4,8,0,10,5,5,1,6,0,5S,6H,,95,0,True,False,True,False,0
publication,dendro,occupancy,full,12,unith,12,Nielsen,Nov_3_g0,0.999725274725275,,,,20,,20,4,8,0,10,6,5,1,1,1,5S,1S,,95,0,True,False,True,False,0
publication,dendro,occupancy,full,12,unith,12,Nielsen,Nov_3_g0,0.999725274725275,,,,20,,20,4,8,0,10,7,5,1,2,1,5S,2S,,95,0,True,False,True,False,0
publication,dendro,occupancy,full,12,unith,12,Nielsen,Nov_3_g0,0.999725274725275,,,,20,,20,4,8,0,10,8,5,1,3,1,5S,3S,,95,0,True,False,True,False,0
publication,dendro,occupancy,full,12,unith,12,Nielsen,Nov_3_g0,0.999725274725275,,,,20,20,20,4,8,0,10,9,5,1,4,1,5S,4S,0.9550817395067597,95,41,True,True,True,True,0
publication,dendro,occupancy,full,12,unith,12,Nielsen,Nov_3_g0,0.999725274725275,,,,20,20,20,4,8,0,10,10,5,1,5,1,5S,5S,0.9745998884449147,95,95,True,True,True,True,0
publication,dendro,occupancy,full,12,unith,12,Nielsen,Nov_3_g0,0.999725274725275,,,,20,20,20,4,8,0,10,11,5,1,6,1,5S,6S,0.9406327572475643,95,84,True,True,True,True,0
publication,dendro,occupancy,full,12,unith,12,Nielsen,Nov_3_g0,0.999725274725275,,,,20,20,20,4,8,0,11,0,6,1,1,0,6S,1H,0.8507858615840764,84,65,True,True,True,True,0
publication,dendro,occupancy,full,12,unith,12,Nielsen,Nov_3_g0,0.999725274725275,,,,20,20,20,4,8,0,11,1,6,1,2,0,6S,2H,0.8785659221414666,84,85,True,True,True,True,0
publication,dendro,occupancy,full,12,unith,12,Nielsen,Nov_3_g0,0.999725274725275,,,,20,20,20,4,8,0,11,2,6,1,3,0,6S,3H,0.9017628855623994,84,82,True,True,True,True,0
publication,dendro,occupancy,full,12,unith,12,Nielsen,Nov_3_g0,0.999725274725275,,,,20,20,20,4,8,0,11,3,6,1,4,0,6S,4H,0.9103694390322797,84,44,True,True,True,True,0
publication,dendro,occupancy,full,12,unith,12,Nielsen,Nov_3_g0,0.999725274725275,,,,20,,20,4,8,0,11,4,6,1,5,0,6S,5H,,84,0,True,False,True,False,0
publication,dendro,occupancy,full,12,unith,12,Nielsen,Nov_3_g0,0.999725274725275,,,,20,,20,4,8,0,11,5,6,1,6,0,6S,6H,,84,0,True,False,True,False,0
publication,dendro,occupancy,full,12,unith,12,Nielsen,Nov_3_g0,0.999725274725275,,,,20,,20,4,8,0,11,6,6,1,1,1,6S,1S,,84,0,True,False,True,False,0
publication,dendro,occupancy,full,12,unith,12,Nielsen,Nov_3_g0,0.999725274725275,,,,20,,20,4,8,0,11,7,6,1,2,1,6S,2S,,84,0,True,False,True,False,0
publication,dendro,occupancy,full,12,unith,12,Nielsen,Nov_3_g0,0.999725274725275,,,,20,,20,4,8,0,11,8,6,1,3,1,6S,3S,,84,0,True,False,True,False,0
publication,dendro,occupancy,full,12,unith,12,Nielsen,Nov_3_g0,0.999725274725275,,,,20,20,20,4,8,0,11,9,6,1,4,1,6S,4S,0.9637030833319835,84,41,True,True,True,True,0
publication,dendro,occupancy,full,12,unith,12,Nielsen,Nov_3_g0,0.999725274725275,,,,20,20,20,4,8,0,11,10,6,1,5,1,6S,5S,0.9406327572475643,84,95,True,True,True,True,0
publication,dendro,occupancy,full,12,unith,12,Nielsen,Nov_3_g0,0.999725274725275,,,,20,20,20,4,8,0,11,11,6,1,6,1,6S,6S,0.9766554127990184,84,84,True,True,True,True,0
publication,dendro,occupancy,full,12,unith,12,Nielsen,Oct_22_g0,0.999896608767576,,,,9,9,20,4,8,0,0,0,1,0,1,0,1H,1H,0.806206169959071,44,44,True,True,True,True,0
publication,dendro,occupancy,full,12,unith,12,Nielsen,Oct_22_g0,0.999896608767576,,,,9,9,20,4,8,0,0,1,1,0,2,0,1H,2H,0.7832815741369055,44,44,True,True,True,True,0
publication,dendro,occupancy,full,12,unith,12,Nielsen,Oct_22_g0,0.999896608767576,,,,9,9,20,4,8,0,0,2,1,0,3,0,1H,3H,0.7988476305551145,44,57,True,True,True,True,0
publication,dendro,occupancy,full,12,unith,12,Nielsen,Oct_22_g0,0.999896608767576,,,,9,9,20,4,8,0,0,3,1,0,4,0,1H,4H,0.77948155740227,44,21,True,True,True,True,0
publication,dendro,occupancy,full,12,unith,12,Nielsen,Oct_22_g0,0.999896608767576,,,,9,,20,4,8,0,0,4,1,0,5,0,1H,5H,,44,0,True,False,True,False,0
publication,dendro,occupancy,full,12,unith,12,Nielsen,Oct_22_g0,0.999896608767576,,,,9,,20,4,8,0,0,5,1,0,6,0,1H,6H,,44,0,True,False,True,False,0
publication,dendro,occupancy,full,12,unith,12,Nielsen,Oct_22_g0,0.999896608767576,,,,9,9,20,4,8,0,0,6,1,0,1,1,1H,1S,0.8048029496941667,44,18,True,True,True,True,0
publication,dendro,occupancy,full,12,unith,12,Nielsen,Oct_22_g0,0.999896608767576,,,,9,9,20,4,8,0,0,7,1,0,2,1,1H,2S,0.8188124540143578,44,25,True,True,True,True,0
publication,dendro,occupancy,full,12,unith,12,Nielsen,Oct_22_g0,0.999896608767576,,,,9,9,20,4,8,0,0,8,1,0,3,1,1H,3S,0.8001032269449642,44,20,True,True,True,True,0
publication,dendro,occupancy,full,12,unith,12,Nielsen,Oct_22_g0,0.999896608767576,,,,9,9,20,4,8,0,0,9,1,0,4,1,1H,4S,0.8058258592724583,44,61,True,True,True,True,0
publication,dendro,occupancy,full,12,unith,12,Nielsen,Oct_22_g0,0.999896608767576,,,,9,9,20,4,8,0,0,10,1,0,5,1,1H,5S,0.803867325056364,44,88,True,True,True,True,0
publication,dendro,occupancy,full,12,unith,12,Nielsen,Oct_22_g0,0.999896608767576,,,,9,9,20,4,8,0,0,11,1,0,6,1,1H,6S,0.785320372505903,44,77,True,True,True,True,0
publication,dendro,occupancy,full,12,unith,12,Nielsen,Oct_22_g0,0.999896608767576,,,,9,9,20,4,8,0,1,0,2,0,1,0,2H,1H,0.7832815741369055,44,44,True,True,True,True,0
publication,dendro,occupancy,full,12,unith,12,Nielsen,Oct_22_g0,0.999896608767576,,,,9,9,20,4,8,0,1,1,2,0,2,0,2H,2H,0.8394405053322671,44,44,True,True,True,True,0
publication,dendro,occupancy,full,12,unith,12,Nielsen,Oct_22_g0,0.999896608767576,,,,9,9,20,4,8,0,1,2,2,0,3,0,2H,3H,0.8095671200150422,44,57,True,True,True,True,0
publication,dendro,occupancy,full,12,unith,12,Nielsen,Oct_22_g0,0.999896608767576,,,,9,9,20,4,8,0,1,3,2,0,4,0,2H,4H,0.8103851223294288,44,21,True,True,True,True,0
publication,dendro,occupancy,full,12,unith,12,Nielsen,Oct_22_g0,0.999896608767576,,,,9,,20,4,8,0,1,4,2,0,5,0,2H,5H,,44,0,True,False,True,False,0
publication,dendro,occupancy,full,12,unith,12,Nielsen,Oct_22_g0,0.999896608767576,,,,9,,20,4,8,0,1,5,2,0,6,0,2H,6H,,44,0,True,False,True,False,0
publication,dendro,occupancy,full,12,unith,12,Nielsen,Oct_22_g0,0.999896608767576,,,,9,9,20,4,8,0,1,6,2,0,1,1,2H,1S,0.8492203612522747,44,18,True,True,True,True,0
publication,dendro,occupancy,full,12,unith,12,Nielsen,Oct_22_g0,0.999896608767576,,,,9,9,20,4,8,0,1,7,2,0,2,1,2H,2S,0.8738934574884901,44,25,True,True,True,True,0
publication,dendro,occupancy,full,12,unith,12,Nielsen,Oct_22_g0,0.999896608767576,,,,9,9,20,4,8,0,1,8,2,0,3,1,2H,3S,0.7973756289925414,44,20,True,True,True,True,0
publication,dendro,occupancy,full,12,unith,12,Nielsen,Oct_22_g0,0.999896608767576,,,,9,9,20,4,8,0,1,9,2,0,4,1,2H,4S,0.8457458704853803,44,61,True,True,True,True,0
publication,dendro,occupancy,full,12,unith,12,Nielsen,Oct_22_g0,0.999896608767576,,,,9,9,20,4,8,0,1,10,2,0,5,1,2H,5S,0.8450063514684778,44,88,True,True,True,True,0
publication,dendro,occupancy,full,12,unith,12,Nielsen,Oct_22_g0,0.999896608767576,,,,9,9,20,4,8,0,1,11,2,0,6,1,2H,6S,0.8372631742984934,44,77,True,True,True,True,0
publication,dendro,occupancy,full,12,unith,12,Nielsen,Oct_22_g0,0.999896608767576,,,,9,9,20,4,8,0,2,0,3,0,1,0,3H,1H,0.7988476305551145,57,44,True,True,True,True,0
publication,dendro,occupancy,full,12,unith,12,Nielsen,Oct_22_g0,0.999896608767576,,,,9,9,20,4,8,0,2,1,3,0,2,0,3H,2H,0.8095671200150422,57,44,True,True,True,True,0
publication,dendro,occupancy,full,12,unith,12,Nielsen,Oct_22_g0,0.999896608767576,,,,9,9,20,4,8,0,2,2,3,0,3,0,3H,3H,0.8319117361061386,57,57,True,True,True,True,0
publication,dendro,occupancy,full,12,unith,12,Nielsen,Oct_22_g0,0.999896608767576,,,,9,9,20,4,8,0,2,3,3,0,4,0,3H,4H,0.8962800166670583,57,21,True,True,True,True,0
publication,dendro,occupancy,full,12,unith,12,Nielsen,Oct_22_g0,0.999896608767576,,,,9,,20,4,8,0,2,4,3,0,5,0,3H,5H,,57,0,True,False,True,False,0
publication,dendro,occupancy,full,12,unith,12,Nielsen,Oct_22_g0,0.999896608767576,,,,9,,20,4,8,0,2,5,3,0,6,0,3H,6H,,57,0,True,False,True,False,0
publication,dendro,occupancy,full,12,unith,12,Nielsen,Oct_22_g0,0.999896608767576,,,,9,9,20,4,8,0,2,6,3,0,1,1,3H,1S,0.7640921595631325,57,18,True,True,True,True,0
publication,dendro,occupancy,full,12,unith,12,Nielsen,Oct_22_g0,0.999896608767576,,,,9,9,20,4,8,0,2,7,3,0,2,1,3H,2S,0.8557404169700658,57,25,True,True,True,True,0
publication,dendro,occupancy,full,12,unith,12,Nielsen,Oct_22_g0,0.999896608767576,,,,9,9,20,4,8,0,2,8,3,0,3,1,3H,3S,0.827593966259961,57,20,True,True,True,True,0
publication,dendro,occupancy,full,12,unith,12,Nielsen,Oct_22_g0,0.999896608767576,,,,9,9,20,4,8,0,2,9,3,0,4,1,3H,4S,0.8444289251816827,57,61,True,True,True,True,0
publication,dendro,occupancy,full,12,unith,12,Nielsen,Oct_22_g0,0.999896608767576,,,,9,9,20,4,8,0,2,10,3,0,5,1,3H,5S,0.876259514398015,57,88,True,True,True,True,0
publication,dendro,occupancy,full,12,unith,12,Nielsen,Oct_22_g0,0.999896608767576,,,,9,9,20,4,8,0,2,11,3,0,6,1,3H,6S,0.8634962780391197,57,77,True,True,True,True,0
publication,dendro,occupancy,full,12,unith,12,Nielsen,Oct_22_g0,0.999896608767576,,,,9,9,20,4,8,0,3,0,4,0,1,0,4H,1H,0.77948155740227,21,44,True,True,True,True,0
publication,dendro,occupancy,full,12,unith,12,Nielsen,Oct_22_g0,0.999896608767576,,,,9,9,20,4,8,0,3,1,4,0,2,0,4H,2H,0.8103851223294288,21,44,True,True,True,True,0
publication,dendro,occupancy,full,12,unith,12,Nielsen,Oct_22_g0,0.999896608767576,,,,9,9,20,4,8,0,3,2,4,0,3,0,4H,3H,0.8962800166670583,21,57,True,True,True,True,0
publication,dendro,occupancy,full,12,unith,12,Nielsen,Oct_22_g0,0.999896608767576,,,,9,9,20,4,8,0,3,3,4,0,4,0,4H,4H,0.9127120215750131,21,21,True,True,True,True,0
publication,dendro,occupancy,full,12,unith,12,Nielsen,Oct_22_g0,0.999896608767576,,,,9,,20,4,8,0,3,4,4,0,5,0,4H,5H,,21,0,True,False,True,False,0
publication,dendro,occupancy,full,12,unith,12,Nielsen,Oct_22_g0,0.999896608767576,,,,9,,20,4,8,0,3,5,4,0,6,0,4H,6H,,21,0,True,False,True,False,0
publication,dendro,occupancy,full,12,unith,12,Nielsen,Oct_22_g0,0.999896608767576,,,,9,9,20,4,8,0,3,6,4,0,1,1,4H,1S,0.776996258859916,21,18,True,True,True,True,0
publication,dendro,occupancy,full,12,unith,12,Nielsen,Oct_22_g0,0.999896608767576,,,,9,9,20,4,8,0,3,7,4,0,2,1,4H,2S,0.8485941221083755,21,25,True,True,True,True,0
publication,dendro,occupancy,full,12,unith,12,Nielsen,Oct_22_g0,0.999896608767576,,,,9,9,20,4,8,0,3,8,4,0,3,1,4H,3S,0.8505002019672562,21,20,True,True,True,True,0
publication,dendro,occupancy,full,12,unith,12,Nielsen,Oct_22_g0,0.999896608767576,,,,9,9,20,4,8,0,3,9,4,0,4,1,4H,4S,0.8677615570466821,21,61,True,True,True,True,0
publication,dendro,occupancy,full,12,unith,12,Nielsen,Oct_22_g0,0.999896608767576,,,,9,9,20,4,8,0,3,10,4,0,5,1,4H,5S,0.8963811934129742,21,88,True,True,True,True,0
publication,dendro,occupancy,full,12,unith,12,Nielsen,Oct_22_g0,0.999896608767576,,,,9,9,20,4,8,0,3,11,4,0,6,1,4H,6S,0.8877619368008887,21,77,True,True,True,True,0
publication,dendro,occupancy,full,12,unith,12,Nielsen,Oct_22_g0,0.999896608767576,,,,,9,20,4,8,0,4,0,5,0,1,0,5H,1H,,0,44,False,True,False,True,0
publication,dendro,occupancy,full,12,unith,12,Nielsen,Oct_22_g0,0.999896608767576,,,,,9,20,4,8,0,4,1,5,0,2,0,5H,2H,,0,44,False,True,False,True,0
publication,dendro,occupancy,full,12,unith,12,Nielsen,Oct_22_g0,0.999896608767576,,,,,9,20,4,8,0,4,2,5,0,3,0,5H,3H,,0,57,False,True,False,True,0
publication,dendro,occupancy,full,12,unith,12,Nielsen,Oct_22_g0,0.999896608767576,,,,,9,20,4,8,0,4,3,5,0,4,0,5H,4H,,0,21,False,True,False,True,0
publication,dendro,occupancy,full,12,unith,12,Nielsen,Oct_22_g0,0.999896608767576,,,,,,20,4,8,0,4,4,5,0,5,0,5H,5H,,0,0,False,False,False,False,0
publication,dendro,occupancy,full,12,unith,12,Nielsen,Oct_22_g0,0.999896608767576,,,,,,20,4,8,0,4,5,5,0,6,0,5H,6H,,0,0,False,False,False,False,0
publication,dendro,occupancy,full,12,unith,12,Nielsen,Oct_22_g0,0.999896608767576,,,,,9,20,4,8,0,4,6,5,0,1,1,5H,1S,,0,18,False,True,False,True,0
publication,dendro,occupancy,full,12,unith,12,Nielsen,Oct_22_g0,0.999896608767576,,,,,9,20,4,8,0,4,7,5,0,2,1,5H,2S,,0,25,False,True,False,True,0
publication,dendro,occupancy,full,12,unith,12,Nielsen,Oct_22_g0,0.999896608767576,,,,,9,20,4,8,0,4,8,5,0,3,1,5H,3S,,0,20,False,True,False,True,0
publication,dendro,occupancy,full,12,unith,12,Nielsen,Oct_22_g0,0.999896608767576,,,,,9,20,4,8,0,4,9,5,0,4,1,5H,4S,,0,61,False,True,False,True,0
publication,dendro,occupancy,full,12,unith,12,Nielsen,Oct_22_g0,0.999896608767576,,,,,9,20,4,8,0,4,10,5,0,5,1,5H,5S,,0,88,False,True,False,True,0
publication,dendro,occupancy,full,12,unith,12,Nielsen,Oct_22_g0,0.999896608767576,,,,,9,20,4,8,0,4,11,5,0,6,1,5H,6S,,0,77,False,True,False,True,0
publication,dendro,occupancy,full,12,unith,12,Nielsen,Oct_22_g0,0.999896608767576,,,,,9,20,4,8,0,5,0,6,0,1,0,6H,1H,,0,44,False,True,False,True,0
publication,dendro,occupancy,full,12,unith,12,Nielsen,Oct_22_g0,0.999896608767576,,,,,9,20,4,8,0,5,1,6,0,2,0,6H,2H,,0,44,False,True,False,True,0
publication,dendro,occupancy,full,12,unith,12,Nielsen,Oct_22_g0,0.999896608767576,,,,,9,20,4,8,0,5,2,6,0,3,0,6H,3H,,0,57,False,True,False,True,0
publication,dendro,occupancy,full,12,unith,12,Nielsen,Oct_22_g0,0.999896608767576,,,,,9,20,4,8,0,5,3,6,0,4,0,6H,4H,,0,21,False,True,False,True,0
publication,dendro,occupancy,full,12,unith,12,Nielsen,Oct_22_g0,0.999896608767576,,,,,,20,4,8,0,5,4,6,0,5,0,6H,5H,,0,0,False,False,False,False,0
publication,dendro,occupancy,full,12,unith,12,Nielsen,Oct_22_g0,0.999896608767576,,,,,,20,4,8,0,5,5,6,0,6,0,6H,6H,,0,0,False,False,False,False,0
publication,dendro,occupancy,full,12,unith,12,Nielsen,Oct_22_g0,0.999896608767576,,,,,9,20,4,8,0,5,6,6,0,1,1,6H,1S,,0,18,False,True,False,True,0
publication,dendro,occupancy,full,12,unith,12,Nielsen,Oct_22_g0,0.999896608767576,,,,,9,20,4,8,0,5,7,6,0,2,1,6H,2S,,0,25,False,True,False,True,0
publication,dendro,occupancy,full,12,unith,12,Nielsen,Oct_22_g0,0.999896608767576,,,,,9,20,4,8,0,5,8,6,0,3,1,6H,3S,,0,20,False,True,False,True,0
publication,dendro,occupancy,full,12,unith,12,Nielsen,Oct_22_g0,0.999896608767576,,,,,9,20,4,8,0,5,9,6,0,4,1,6H,4S,,0,61,False,True,False,True,0
publication,dendro,occupancy,full,12,unith,12,Nielsen,Oct_22_g0,0.999896608767576,,,,,9,20,4,8,0,5,10,6,0,5,1,6H,5S,,0,88,False,True,False,True,0
publication,dendro,occupancy,full,12,unith,12,Nielsen,Oct_22_g0,0.999896608767576,,,,,9,20,4,8,0,5,11,6,0,6,1,6H,6S,,0,77,False,True,False,True,0
publication,dendro,occupancy,full,12,unith,12,Nielsen,Oct_22_g0,0.999896608767576,,,,9,9,20,4,8,0,6,0,1,1,1,0,1S,1H,0.8048029496941667,18,44,True,True,True,True,0
publication,dendro,occupancy,full,12,unith,12,Nielsen,Oct_22_g0,0.999896608767576,,,,9,9,20,4,8,0,6,1,1,1,2,0,1S,2H,0.8492203612522747,18,44,True,True,True,True,0
publication,dendro,occupancy,full,12,unith,12,Nielsen,Oct_22_g0,0.999896608767576,,,,9,9,20,4,8,0,6,2,1,1,3,0,1S,3H,0.7640921595631325,18,57,True,True,True,True,0
publication,dendro,occupancy,full,12,unith,12,Nielsen,Oct_22_g0,0.999896608767576,,,,9,9,20,4,8,0,6,3,1,1,4,0,1S,4H,0.776996258859916,18,21,True,True,True,True,0
publication,dendro,occupancy,full,12,unith,12,Nielsen,Oct_22_g0,0.999896608767576,,,,9,,20,4,8,0,6,4,1,1,5,0,1S,5H,,18,0,True,False,True,False,0
publication,dendro,occupancy,full,12,unith,12,Nielsen,Oct_22_g0,0.999896608767576,,,,9,,20,4,8,0,6,5,1,1,6,0,1S,6H,,18,0,True,False,True,False,0
publication,dendro,occupancy,full,12,unith,12,Nielsen,Oct_22_g0,0.999896608767576,,,,9,9,20,4,8,0,6,6,1,1,1,1,1S,1S,0.846237930575233,18,18,True,True,True,True,0
publication,dendro,occupancy,full,12,unith,12,Nielsen,Oct_22_g0,0.999896608767576,,,,9,9,20,4,8,0,6,7,1,1,2,1,1S,2S,0.83551479208634,18,25,True,True,True,True,0
publication,dendro,occupancy,full,12,unith,12,Nielsen,Oct_22_g0,0.999896608767576,,,,9,9,20,4,8,0,6,8,1,1,3,1,1S,3S,0.7714494497545143,18,20,True,True,True,True,0
publication,dendro,occupancy,full,12,unith,12,Nielsen,Oct_22_g0,0.999896608767576,,,,9,9,20,4,8,0,6,9,1,1,4,1,1S,4S,0.8266453873268986,18,61,True,True,True,True,0
publication,dendro,occupancy,full,12,unith,12,Nielsen,Oct_22_g0,0.999896608767576,,,,9,9,20,4,8,0,6,10,1,1,5,1,1S,5S,0.7803226837670889,18,88,True,True,True,True,0
publication,dendro,occupancy,full,12,unith,12,Nielsen,Oct_22_g0,0.999896608767576,,,,9,9,20,4,8,0,6,11,1,1,6,1,1S,6S,0.7646013685734038,18,77,True,True,True,True,0
publication,dendro,occupancy,full,12,unith,12,Nielsen,Oct_22_g0,0.999896608767576,,,,9,9,20,4,8,0,7,0,2,1,1,0,2S,1H,0.8188124540143578,25,44,True,True,True,True,0
publication,dendro,occupancy,full,12,unith,12,Nielsen,Oct_22_g0,0.999896608767576,,,,9,9,20,4,8,0,7,1,2,1,2,0,2S,2H,0.8738934574884901,25,44,True,True,True,True,0
publication,dendro,occupancy,full,12,unith,12,Nielsen,Oct_22_g0,0.999896608767576,,,,9,9,20,4,8,0,7,2,2,1,3,0,2S,3H,0.8557404169700658,25,57,True,True,True,True,0
publication,dendro,occupancy,full,12,unith,12,Nielsen,Oct_22_g0,0.999896608767576,,,,9,9,20,4,8,0,7,3,2,1,4,0,2S,4H,0.8485941221083755,25,21,True,True,True,True,0
publication,dendro,occupancy,full,12,unith,12,Nielsen,Oct_22_g0,0.999896608767576,,,,9,,20,4,8,0,7,4,2,1,5,0,2S,5H,,25,0,True,False,True,False,0
publication,dendro,occupancy,full,12,unith,12,Nielsen,Oct_22_g0,0.999896608767576,,,,9,,20,4,8,0,7,5,2,1,6,0,2S,6H,,25,0,True,False,True,False,0
publication,dendro,occupancy,full,12,unith,12,Nielsen,Oct_22_g0,0.999896608767576,,,,9,9,20,4,8,0,7,6,2,1,1,1,2S,1S,0.83551479208634,25,18,True,True,True,True,0
publication,dendro,occupancy,full,12,unith,12,Nielsen,Oct_22_g0,0.999896608767576,,,,9,9,20,4,8,0,7,7,2,1,2,1,2S,2S,0.8752648047764046,25,25,True,True,True,True,0
publication,dendro,occupancy,full,12,unith,12,Nielsen,Oct_22_g0,0.999896608767576,,,,9,9,20,4,8,0,7,8,2,1,3,1,2S,3S,0.8282316024554423,25,20,True,True,True,True,0
publication,dendro,occupancy,full,12,unith,12,Nielsen,Oct_22_g0,0.999896608767576,,,,9,9,20,4,8,0,7,9,2,1,4,1,2S,4S,0.8825867541376555,25,61,True,True,True,True,0
publication,dendro,occupancy,full,12,unith,12,Nielsen,Oct_22_g0,0.999896608767576,,,,9,9,20,4,8,0,7,10,2,1,5,1,2S,5S,0.8940858181900351,25,88,True,True,True,True,0
publication,dendro,occupancy,full,12,unith,12,Nielsen,Oct_22_g0,0.999896608767576,,,,9,9,20,4,8,0,7,11,2,1,6,1,2S,6S,0.8989269167155749,25,77,True,True,True,True,0
publication,dendro,occupancy,full,12,unith,12,Nielsen,Oct_22_g0,0.999896608767576,,,,9,9,20,4,8,0,8,0,3,1,1,0,3S,1H,0.8001032269449642,20,44,True,True,True,True,0
publication,dendro,occupancy,full,12,unith,12,Nielsen,Oct_22_g0,0.999896608767576,,,,9,9,20,4,8,0,8,1,3,1,2,0,3S,2H,0.7973756289925414,20,44,True,True,True,True,0
publication,dendro,occupancy,full,12,unith,12,Nielsen,Oct_22_g0,0.999896608767576,,,,9,9,20,4,8,0,8,2,3,1,3,0,3S,3H,0.827593966259961,20,57,True,True,True,True,0
publication,dendro,occupancy,full,12,unith,12,Nielsen,Oct_22_g0,0.999896608767576,,,,9,9,20,4,8,0,8,3,3,1,4,0,3S,4H,0.8505002019672562,20,21,True,True,True,True,0
publication,dendro,occupancy,full,12,unith,12,Nielsen,Oct_22_g0,0.999896608767576,,,,9,,20,4,8,0,8,4,3,1,5,0,3S,5H,,20,0,True,False,True,False,0
publication,dendro,occupancy,full,12,unith,12,Nielsen,Oct_22_g0,0.999896608767576,,,,9,,20,4,8,0,8,5,3,1,6,0,3S,6H,,20,0,True,False,True,False,0
publication,dendro,occupancy,full,12,unith,12,Nielsen,Oct_22_g0,0.999896608767576,,,,9,9,20,4,8,0,8,6,3,1,1,1,3S,1S,0.7714494497545143,20,18,True,True,True,True,0
publication,dendro,occupancy,full,12,unith,12,Nielsen,Oct_22_g0,0.999896608767576,,,,9,9,20,4,8,0,8,7,3,1,2,1,3S,2S,0.8282316024554423,20,25,True,True,True,True,0
publication,dendro,occupancy,full,12,unith,12,Nielsen,Oct_22_g0,0.999896608767576,,,,9,9,20,4,8,0,8,8,3,1,3,1,3S,3S,0.8282137982635962,20,20,True,True,True,True,0
publication,dendro,occupancy,full,12,unith,12,Nielsen,Oct_22_g0,0.999896608767576,,,,9,9,20,4,8,0,8,9,3,1,4,1,3S,4S,0.8249148199585761,20,61,True,True,True,True,0
publication,dendro,occupancy,full,12,unith,12,Nielsen,Oct_22_g0,0.999896608767576,,,,9,9,20,4,8,0,8,10,3,1,5,1,3S,5S,0.8174876341116942,20,88,True,True,True,True,0
publication,dendro,occupancy,full,12,unith,12,Nielsen,Oct_22_g0,0.999896608767576,,,,9,9,20,4,8,0,8,11,3,1,6,1,3S,6S,0.7842344487422741,20,77,True,True,True,True,0
publication,dendro,occupancy,full,12,unith,12,Nielsen,Oct_22_g0,0.999896608767576,,,,9,9,20,4,8,0,9,0,4,1,1,0,4S,1H,0.8058258592724583,61,44,True,True,True,True,0
publication,dendro,occupancy,full,12,unith,12,Nielsen,Oct_22_g0,0.999896608767576,,,,9,9,20,4,8,0,9,1,4,1,2,0,4S,2H,0.8457458704853803,61,44,True,True,True,True,0
publication,dendro,occupancy,full,12,unith,12,Nielsen,Oct_22_g0,0.999896608767576,,,,9,9,20,4,8,0,9,2,4,1,3,0,4S,3H,0.8444289251816827,61,57,True,True,True,True,0
publication,dendro,occupancy,full,12,unith,12,Nielsen,Oct_22_g0,0.999896608767576,,,,9,9,20,4,8,0,9,3,4,1,4,0,4S,4H,0.8677615570466821,61,21,True,True,True,True,0
publication,dendro,occupancy,full,12,unith,12,Nielsen,Oct_22_g0,0.999896608767576,,,,9,,20,4,8,0,9,4,4,1,5,0,4S,5H,,61,0,True,False,True,False,0
publication,dendro,occupancy,full,12,unith,12,Nielsen,Oct_22_g0,0.999896608767576,,,,9,,20,4,8,0,9,5,4,1,6,0,4S,6H,,61,0,True,False,True,False,0
publication,dendro,occupancy,full,12,unith,12,Nielsen,Oct_22_g0,0.999896608767576,,,,9,9,20,4,8,0,9,6,4,1,1,1,4S,1S,0.8266453873268986,61,18,True,True,True,True,0
publication,dendro,occupancy,full,12,unith,12,Nielsen,Oct_22_g0,0.999896608767576,,,,9,9,20,4,8,0,9,7,4,1,2,1,4S,2S,0.8825867541376555,61,25,True,True,True,True,0
publication,dendro,occupancy,full,12,unith,12,Nielsen,Oct_22_g0,0.999896608767576,,,,9,9,20,4,8,0,9,8,4,1,3,1,4S,3S,0.8249148199585761,61,20,True,True,True,True,0
publication,dendro,occupancy,full,12,unith,12,Nielsen,Oct_22_g0,0.999896608767576,,,,9,9,20,4,8,0,9,9,4,1,4,1,4S,4S,0.8313963671895934,61,61,True,True,True,True,0
publication,dendro,occupancy,full,12,unith,12,Nielsen,Oct_22_g0,0.999896608767576,,,,9,9,20,4,8,0,9,10,4,1,5,1,4S,5S,0.8655102959928875,61,88,True,True,True,True,0
publication,dendro,occupancy,full,12,unith,12,Nielsen,Oct_22_g0,0.999896608767576,,,,9,9,20,4,8,0,9,11,4,1,6,1,4S,6S,0.865646650915509,61,77,True,True,True,True,0
publication,dendro,occupancy,full,12,unith,12,Nielsen,Oct_22_g0,0.999896608767576,,,,9,9,20,4,8,0,10,0,5,1,1,0,5S,1H,0.803867325056364,88,44,True,True,True,True,0
publication,dendro,occupancy,full,12,unith,12,Nielsen,Oct_22_g0,0.999896608767576,,,,9,9,20,4,8,0,10,1,5,1,2,0,5S,2H,0.8450063514684778,88,44,True,True,True,True,0
publication,dendro,occupancy,full,12,unith,12,Nielsen,Oct_22_g0,0.999896608767576,,,,9,9,20,4,8,0,10,2,5,1,3,0,5S,3H,0.876259514398015,88,57,True,True,True,True,0
publication,dendro,occupancy,full,12,unith,12,Nielsen,Oct_22_g0,0.999896608767576,,,,9,9,20,4,8,0,10,3,5,1,4,0,5S,4H,0.8963811934129742,88,21,True,True,True,True,0
publication,dendro,occupancy,full,12,unith,12,Nielsen,Oct_22_g0,0.999896608767576,,,,9,,20,4,8,0,10,4,5,1,5,0,5S,5H,,88,0,True,False,True,False,0
publication,dendro,occupancy,full,12,unith,12,Nielsen,Oct_22_g0,0.999896608767576,,,,9,,20,4,8,0,10,5,5,1,6,0,5S,6H,,88,0,True,False,True,False,0
publication,dendro,occupancy,full,12,unith,12,Nielsen,Oct_22_g0,0.999896608767576,,,,9,9,20,4,8,0,10,6,5,1,1,1,5S,1S,0.7803226837670889,88,18,True,True,True,True,0
publication,dendro,occupancy,full,12,unith,12,Nielsen,Oct_22_g0,0.999896608767576,,,,9,9,20,4,8,0,10,7,5,1,2,1,5S,2S,0.8940858181900351,88,25,True,True,True,True,0
publication,dendro,occupancy,full,12,unith,12,Nielsen,Oct_22_g0,0.999896608767576,,,,9,9,20,4,8,0,10,8,5,1,3,1,5S,3S,0.8174876341116942,88,20,True,True,True,True,0
publication,dendro,occupancy,full,12,unith,12,Nielsen,Oct_22_g0,0.999896608767576,,,,9,9,20,4,8,0,10,9,5,1,4,1,5S,4S,0.8655102959928875,88,61,True,True,True,True,0
publication,dendro,occupancy,full,12,unith,12,Nielsen,Oct_22_g0,0.999896608767576,,,,9,9,20,4,8,0,10,10,5,1,5,1,5S,5S,0.9374432027356929,88,88,True,True,True,True,0
publication,dendro,occupancy,full,12,unith,12,Nielsen,Oct_22_g0,0.999896608767576,,,,9,9,20,4,8,0,10,11,5,1,6,1,5S,6S,0.9393654835076587,88,77,True,True,True,True,0
publication,dendro,occupancy,full,12,unith,12,Nielsen,Oct_22_g0,0.999896608767576,,,,9,9,20,4,8,0,11,0,6,1,1,0,6S,1H,0.785320372505903,77,44,True,True,True,True,0
publication,dendro,occupancy,full,12,unith,12,Nielsen,Oct_22_g0,0.999896608767576,,,,9,9,20,4,8,0,11,1,6,1,2,0,6S,2H,0.8372631742984934,77,44,True,True,True,True,0
publication,dendro,occupancy,full,12,unith,12,Nielsen,Oct_22_g0,0.999896608767576,,,,9,9,20,4,8,0,11,2,6,1,3,0,6S,3H,0.8634962780391197,77,57,True,True,True,True,0
publication,dendro,occupancy,full,12,unith,12,Nielsen,Oct_22_g0,0.999896608767576,,,,9,9,20,4,8,0,11,3,6,1,4,0,6S,4H,0.8877619368008887,77,21,True,True,True,True,0
publication,dendro,occupancy,full,12,unith,12,Nielsen,Oct_22_g0,0.999896608767576,,,,9,,20,4,8,0,11,4,6,1,5,0,6S,5H,,77,0,True,False,True,False,0
publication,dendro,occupancy,full,12,unith,12,Nielsen,Oct_22_g0,0.999896608767576,,,,9,,20,4,8,0,11,5,6,1,6,0,6S,6H,,77,0,True,False,True,False,0
publication,dendro,occupancy,full,12,unith,12,Nielsen,Oct_22_g0,0.999896608767576,,,,9,9,20,4,8,0,11,6,6,1,1,1,6S,1S,0.7646013685734038,77,18,True,True,True,True,0
publication,dendro,occupancy,full,12,unith,12,Nielsen,Oct_22_g0,0.999896608767576,,,,9,9,20,4,8,0,11,7,6,1,2,1,6S,2S,0.8989269167155749,77,25,True,True,True,True,0
publication,dendro,occupancy,full,12,unith,12,Nielsen,Oct_22_g0,0.999896608767576,,,,9,9,20,4,8,0,11,8,6,1,3,1,6S,3S,0.7842344487422741,77,20,True,True,True,True,0
publication,dendro,occupancy,full,12,unith,12,Nielsen,Oct_22_g0,0.999896608767576,,,,9,9,20,4,8,0,11,9,6,1,4,1,6S,4S,0.865646650915509,77,61,True,True,True,True,0
publication,dendro,occupancy,full,12,unith,12,Nielsen,Oct_22_g0,0.999896608767576,,,,9,9,20,4,8,0,11,10,6,1,5,1,6S,5S,0.9393654835076587,77,88,True,True,True,True,0
publication,dendro,occupancy,full,12,unith,12,Nielsen,Oct_22_g0,0.999896608767576,,,,9,9,20,4,8,0,11,11,6,1,6,1,6S,6S,0.9456519446385812,77,77,True,True,True,True,0
