method,monkey,source,scope,variant,feature,maze,k,r_HH,r_SS,r_HS,r_SH,delta,z,p,p_at_floor,null_mean,null_sd,n_H,n_S,m,d,n_sessions,n_degenerate,n_rounds,n_perm,reason_skipped
trial_by_trial,Nielsen,svm,top_ten,full,occupancy,2,2,0.4000101088783384,0.351332853341239,0.37544013166191254,0.3795473854651504,-0.0018222774537428044,-0.3577869187389599,0.7262737262737263,0,-0.00033468219095268253,0.004157768730151552,552,111,55,2,10,7,100,1000,
trial_by_trial,Nielsen,svm,top_ten,mean_removed,occupancy,2,2,0.005778512396694214,-0.008846280991735537,0.004991735537190084,-0.0009586776859504131,-0.0035504132231404966,-0.4179457945071441,0.6343656343656343,0,-0.0006503404958677687,0.0069388728523817125,552,111,55,2,10,0,100,1000,
trial_by_trial,Nielsen,svm,top_ten,no_origin,occupancy,2,2,nan,nan,nan,nan,nan,nan,0.000999000999000999,1,nan,nan,552,111,55,1,10,663,100,1000,
trial_by_trial,Nielsen,svm,top_ten,full,occupancy_bin,2,2,0.7802296343712238,0.6876853333809053,0.7379776820009245,0.7304668037149065,-0.00026475898185096547,-0.07684437746092251,0.9500499500499501,0,-6.203756580825515e-05,0.0026380774071050254,552,111,55,2,10,251,100,1000,
trial_by_trial,Nielsen,svm,top_ten,mean_removed,occupancy_bin,2,2,0.023722314049586767,0.019299173553718994,0.030433057851239655,0.023854545454545444,-0.005633057851239666,-0.7226216881005393,0.2897102897102897,0,-0.0005811371900826445,0.006991100245602013,552,111,55,2,10,0,100,1000,
trial_by_trial,Nielsen,svm,top_ten,no_origin,occupancy_bin,2,2,nan,nan,nan,nan,nan,nan,0.000999000999000999,1,nan,nan,552,111,55,1,10,663,100,1000,
trial_by_trial,Nielsen,svm,top_ten,full,occupancy,2,3,0.571812124750937,0.48320361264776374,0.5257342542412258,0.5294842903861987,-0.00010140361436183909,0.05218497587361627,0.958041958041958,0,-0.0002258170648824034,0.0023840856192378804,552,111,55,3,10,4,100,1000,
trial_by_trial,Nielsen,svm,top_ten,mean_removed,occupancy,2,3,0.025617212445889513,0.04153684467344226,0.03146328611986071,0.028534329038109527,0.0035782209806807658,0.9151940549101543,0.2597402597402597,0,-0.0008269386654661136,0.004813361300275644,552,111,55,3,10,0,100,1000,
trial_by_trial,Nielsen,svm,top_ten,no_origin,occupancy,2,3,0.22918261831572517,0.11168451083338247,0.16657007127929774,0.1732465085163045,0.0005252746767527294,0.0691717957633857,0.9470529470529471,0,-0.00029912915664013134,0.011918207765096618,552,111,55,2,10,320,100,1000,
trial_by_trial,Nielsen,svm,top_ten,full,occupancy_bin,2,3,0.5613120406165895,0.464262994372409,0.5139938097689228,0.510041146345408,0.0007700394373338915,0.386308812416314,0.6793206793206793,0,-0.00026540321479605686,0.002680349551576062,552,111,55,3,10,48,100,1000,
trial_by_trial,Nielsen,svm,top_ten,mean_removed,occupancy_bin,2,3,0.05485171842800241,0.021255760669550084,0.037262263426246084,0.029110317178275818,0.004867449246515297,1.0708890947735612,0.13786213786213786,0,-0.0006563482825658051,0.005158141544292321,552,111,55,3,10,0,100,1000,
trial_by_trial,Nielsen,svm,top_ten,no_origin,occupancy_bin,2,3,0.2873578524491673,0.09278898653141204,0.17265128077957498,0.18795262200974722,0.009771468095628566,0.7744217402068255,0.25374625374625376,0,-0.00028936317798095035,0.012991411205633975,552,111,55,2,10,367,100,1000,
trial_by_trial,Nielsen,svm,top_ten,full,occupancy,2,4,0.4710904587759417,0.34724499037168216,0.3978811055536835,0.40248851723403317,0.008982913179953589,3.240676637703065,0.013986013986013986,0,7.119403977665473e-06,0.002769728294254563,552,111,55,4,10,3,100,1000,
trial_by_trial,Nielsen,svm,top_ten,mean_removed,occupancy,2,4,0.018293896355867142,0.017139228609073996,0.010734844017781318,0.009104666460148871,0.007796807243505474,1.730778622088828,0.061938061938061936,0,-0.0001938279419799195,0.004616786389377586,552,111,55,4,10,0,100,1000,
trial_by_trial,Nielsen,svm,top_ten,no_origin,occupancy,2,4,0.09732255396682232,0.06305310840062144,0.0699401222757428,0.06855659928753141,0.010939470402084789,1.269316092441673,0.08891108891108891,0,0.0004619586705878762,0.00825445434268641,552,111,55,3,10,199,100,1000,
trial_by_trial,Nielsen,svm,top_ten,full,occupancy_bin,2,4,0.41228265307506606,0.30209354458547627,0.352752219667789,0.3493506979240086,0.006136640034372309,2.2188017755095086,0.04295704295704296,0,-0.0002505377333773417,0.0028786608331800834,552,111,55,4,10,10,100,1000,
trial_by_trial,Nielsen,svm,top_ten,mean_removed,occupancy_bin,2,4,0.030373238917847694,0.012227075691977486,0.012134489306929125,0.008857130675970213,0.01080434731346292,2.3775699966737,0.027972027972027972,0,-0.0003623001384669543,0.004696664017274944,552,111,55,4,10,0,100,1000,
trial_by_trial,Nielsen,svm,top_ten,no_origin,occupancy_bin,2,4,0.10744331870536251,0.0631080625767486,0.07415900358198897,0.07447156572854605,0.010960405985788041,1.549733796807319,0.07192807192807193,0,-0.00035875062776362317,0.007303936093328288,552,111,55,3,10,207,100,1000,
trial_by_trial,Nielsen,svm,top_ten,full,occupancy,2,5,0.451761478289611,0.3691516394609248,0.39964368521711174,0.4049615470347958,0.008153942749314136,3.03036523815661,0.011988011988011988,0,0.00022393270793738163,0.002616849593417534,552,111,55,5,10,3,100,1000,
trial_by_trial,Nielsen,svm,top_ten,mean_removed,occupancy,2,5,0.01523315258966455,0.011315270697338939,0.0038515035442675417,0.0034303999020105264,0.009633259920362711,2.2130676691033786,0.03696303696303696,0,4.8215457063496336e-05,0.004331112237152053,552,111,55,5,10,0,100,1000,
trial_by_trial,Nielsen,svm,top_ten,no_origin,occupancy,2,5,0.056689816967474105,0.06255099626927545,0.046531317701855056,0.046066094262414564,0.013321700636239962,1.9418634598316282,0.057942057942057944,0,0.0009886033899261643,0.006351166032746275,552,111,55,4,10,126,100,1000,
trial_by_trial,Nielsen,svm,top_ten,full,occupancy_bin,2,5,0.3352543489378867,0.2900941222152857,0.306087409771792,0.3009098258361873,0.009175617772596512,2.9321930838262187,0.016983016983016984,0,0.00031621016450759655,0.0030214270871031026,552,111,55,5,10,3,100,1000,
trial_by_trial,Nielsen,svm,top_ten,mean_removed,occupancy_bin,2,5,0.016043925645917126,0.0191357329581168,0.008246508033727274,0.004995875043992169,0.01096863776315724,2.394458868847175,0.028971028971028972,0,0.00039309719095491233,0.004416672472346113,552,111,55,5,10,0,100,1000,
trial_by_trial,Nielsen,svm,top_ten,no_origin,occupancy_bin,2,5,0.055372624688537625,0.052174896584175345,0.037325522955209786,0.03557940173505409,0.017321298291224543,2.6714918996552286,0.01998001998001998,0,0.0009180316988329807,0.00614011466570739,552,111,55,4,10,127,100,1000,
trial_by_trial,Nielsen,svm,top_ten,full,occupancy,2,6,0.44196047239019215,0.35243264080017084,0.3884201911941958,0.3929826944632272,0.006495113766469995,2.8297275543811584,0.016983016983016984,0,9.70393672288905e-05,0.002261021344381798,552,111,55,6,10,2,100,1000,
trial_by_trial,Nielsen,svm,top_ten,mean_removed,occupancy,2,6,0.011570962600037695,0.006047719859706142,0.0029849062268756926,0.0030278671364591257,0.0058029545482045095,1.4652367627143879,0.08791208791208792,0,7.000514461810981e-05,0.003912643710198731,552,111,55,6,10,0,100,1000,
trial_by_trial,Nielsen,svm,top_ten,no_origin,occupancy,2,6,0.049246978279187274,0.04511513258285201,0.03427570860085924,0.03335024905104718,0.013368076605066434,2.629582247828693,0.02097902097902098,0,0.00045014277682714016,0.004912542225635243,552,111,55,5,10,104,100,1000,
trial_by_trial,Nielsen,svm,top_ten,full,occupancy_bin,2,6,0.33371473993753087,0.28710519565518505,0.3028188182226773,0.29850778207998707,0.009746667645025797,3.5855650770369842,0.007992007992007992,0,0.00019516910428188998,0.0026638753824089036,552,111,55,6,10,2,100,1000,
trial_by_trial,Nielsen,svm,top_ten,mean_removed,occupancy_bin,2,6,0.013512100638473398,0.02192047347836296,0.007035237449762385,0.005222142457062224,0.011587597105005874,2.879017400219333,0.013986013986013986,0,0.0002685042363636507,0.003931581958407024,552,111,55,6,10,0,100,1000,
trial_by_trial,Nielsen,svm,top_ten,no_origin,occupancy_bin,2,6,0.0508419393665787,0.04273098892804821,0.029963475634218494,0.027668109874514638,0.017970671392946887,3.5311288181676184,0.00999000999000999,0,0.0005204943718290051,0.004941812638309007,552,111,55,5,10,104,100,1000,
trial_by_trial,Nielsen,svm,top_ten,full,occupancy,2,8,0.4296940027386691,0.3323962718785393,0.37168566950931314,0.3754033438099477,0.007500630648973772,3.3579370180521044,0.012987012987012988,0,0.00013426473373716064,0.002193717712880078,552,111,55,8,10,2,100,1000,
trial_by_trial,Nielsen,svm,top_ten,mean_removed,occupancy,2,8,0.012031382034866376,0.00521219187690509,0.0036195539599858245,0.0029679170354230595,0.005328051458181291,1.5730744969264228,0.07292707292707293,0,-0.00011364430742138776,0.003459274037075183,552,111,55,8,10,0,100,1000,
trial_by_trial,Nielsen,svm,top_ten,no_origin,occupancy,2,8,0.05488467640316232,0.03210443395785141,0.03227317423665277,0.03194810404065874,0.011383916041851114,2.8451271975374977,0.017982017982017984,0,0.00029739670234483773,0.0038966691363049896,552,111,55,7,10,78,100,1000,
trial_by_trial,Nielsen,svm,top_ten,full,occupancy_bin,2,8,0.3355553864953999,0.2595983495014627,0.2895392737309941,0.2885418998972166,0.008536281184325922,3.6077711776853127,0.006993006993006993,0,0.00022421918913190125,0.00230393270133249,552,111,55,8,10,2,100,1000,
trial_by_trial,Nielsen,svm,top_ten,mean_removed,occupancy_bin,2,8,0.010383269546380646,0.01625493206482925,0.0034370170767581572,0.0022044552333656056,0.010498364650543067,2.998191790594138,0.012987012987012988,0,0.0003001370423920062,0.0034014593863356973,552,111,55,8,10,0,100,1000,
trial_by_trial,Nielsen,svm,top_ten,no_origin,occupancy_bin,2,8,0.06202557950924884,0.02884790689824436,0.032338299809618526,0.0320574711072262,0.01323885774532424,3.1871474759622562,0.01098901098901099,0,0.0005139632633077448,0.00399256531992597,552,111,55,7,10,78,100,1000,
trial_by_trial,Nielsen,svm,top_ten,full,occupancy,2,10,0.28838233251317585,0.2396768945604789,0.2575059894662124,0.2590367651046783,0.0057582362513819985,2.517394807904936,0.024975024975024976,0,0.00012304637646113237,0.0022385006345550813,552,111,55,10,10,2,100,1000,
trial_by_trial,Nielsen,svm,top_ten,mean_removed,occupancy,2,10,0.008202484264919332,0.0011742829239412007,-6.025494391877483e-05,-0.0007585141239431969,0.005097768128361252,1.6870490462851742,0.06993006993006994,0,-6.373971923772143e-05,0.003059488909919034,552,111,55,10,10,0,100,1000,
trial_by_trial,Nielsen,svm,top_ten,no_origin,occupancy,2,10,0.09194522470802628,0.057541944369526137,0.06454532191411753,0.06463141924728152,0.010155213958076684,3.1191202766385624,0.015984015984015984,0,0.000338296690783404,0.0031473352729676878,552,111,55,9,10,41,100,1000,
trial_by_trial,Nielsen,svm,top_ten,full,occupancy_bin,2,10,0.2753614164523713,0.2153054237680877,0.2366802759792362,0.2378259715367196,0.008080296352251576,3.7585974566819798,0.003996003996003996,0,0.00010044940862052267,0.002123091667995624,552,111,55,10,10,2,100,1000,
trial_by_trial,Nielsen,svm,top_ten,mean_removed,occupancy_bin,2,10,0.004194504996888137,0.011809712312185732,-0.0008125131693661322,-0.0021963900366506854,0.009506560257545343,3.2819484949122706,0.006993006993006993,0,5.3191678214835386e-05,0.002880413447677583,552,111,55,10,10,0,100,1000,
trial_by_trial,Nielsen,svm,top_ten,no_origin,occupancy_bin,2,10,0.11466178155515241,0.05595682728029597,0.073400227780295,0.07369544041164708,0.011761470321753148,3.834477145228531,0.005994005994005994,0,0.0002353994511776465,0.003005904177814198,552,111,55,9,10,41,100,1000,
trial_by_trial,Nielsen,svm,top_ten,full,occupancy,2,12,0.28397256242569097,0.22982467855377284,0.25236851730134624,0.2548474708907653,0.0032906263936761104,1.8090115197447865,0.057942057942057944,0,-3.872753822069952e-05,0.0018404271590080929,552,111,55,12,10,1,100,1000,
trial_by_trial,Nielsen,svm,top_ten,mean_removed,occupancy,2,12,0.0047562392624014745,0.0006253407121718091,0.001582009306474934,0.0014501280433552957,0.0011747213123715267,0.5442765104220814,0.5754245754245755,0,-0.00025066359230832384,0.0026188616950867088,552,111,55,12,10,0,100,1000,
trial_by_trial,Nielsen,svm,top_ten,no_origin,occupancy,2,12,0.07354373999549328,0.03263947740684378,0.047412241315551336,0.04829619550974065,0.005237390288522541,1.9714209534501317,0.05094905094905095,0,3.2342489319210825e-05,0.002640251839716989,552,111,55,11,10,38,100,1000,
trial_by_trial,Nielsen,svm,top_ten,full,occupancy_bin,2,12,0.2715113654183221,0.21040843831905737,0.23574385086629907,0.23665866305385005,0.004758644908615189,2.475820623490498,0.026973026973026972,0,4.0994352708332485e-05,0.0019054896429676514,552,111,55,12,10,1,100,1000,
trial_by_trial,Nielsen,svm,top_ten,mean_removed,occupancy_bin,2,12,0.003446666209345933,0.004993103973072906,-0.00011111846366964089,-0.000538908966862778,0.00454489880647563,1.7716658798918448,0.06493506493506493,0,-4.028814805371984e-05,0.002588065281704958,552,111,55,12,10,0,100,1000,
trial_by_trial,Nielsen,svm,top_ten,no_origin,occupancy_bin,2,12,0.09946210378073203,0.03868729066486756,0.06155822457381319,0.06272527893335744,0.006932945469214483,2.503002538420811,0.026973026973026972,0,0.00015946867833794082,0.002706140599901289,552,111,55,11,10,38,100,1000,
trial_by_trial,Nielsen,svm,top_ten,full,occupancy,2,14,0.2906159277197221,0.24504113524592028,0.2629394684806904,0.26511254974387916,0.0038025223705364097,2.1199825606685274,0.03996003996003996,0,1.639624571787418e-05,0.0017859232406254308,552,111,55,14,10,1,100,1000,
trial_by_trial,Nielsen,svm,top_ten,mean_removed,occupancy,2,14,0.0043915707382008,-3.977367054933869e-06,-0.00015736016677519646,-0.0004945710339142129,0.0025197622859176377,1.0301955782675167,0.23676323676323677,0,-0.00015359755610363534,0.0025950022485216554,552,111,55,14,10,0,100,1000,
trial_by_trial,Nielsen,svm,top_ten,no_origin,occupancy,2,14,0.07667061394933118,0.050769111314441596,0.05683184404676056,0.05821792486100033,0.006194978178005947,2.4433044819398,0.025974025974025976,0,0.00013412860142857745,0.0024805952845326548,552,111,55,13,10,34,100,1000,
trial_by_trial,Nielsen,svm,top_ten,full,occupancy_bin,2,14,0.2813615316764052,0.23078616237746064,0.2505295031294026,0.25088214749635357,0.005368021714054816,2.981420248440385,0.013986013986013986,0,6.10601857562571e-05,0.00178001123158491,552,111,55,14,10,1,100,1000,
trial_by_trial,Nielsen,svm,top_ten,mean_removed,occupancy_bin,2,14,0.0031098662294071788,0.005974910377514073,-0.0007279826553766658,-0.001553877766318815,0.005683318514308366,2.2999562465445997,0.026973026973026972,0,1.8835362245273503e-05,0.0024628656134538557,552,111,55,14,10,0,100,1000,
trial_by_trial,Nielsen,svm,top_ten,no_origin,occupancy_bin,2,14,0.10717089257708035,0.060198995049570526,0.07572108654286011,0.07663061741590821,0.007509091833941273,2.959095628543536,0.017982017982017984,0,0.00019699706706658877,0.0024710572704518137,552,111,55,13,10,34,100,1000,
trial_by_trial,Nielsen,svm,top_ten,full,occupancy,2,16,0.2991040797598394,0.26308086507519035,0.2766818585877864,0.27805224695689534,0.003725419645174033,2.234324913464641,0.03396603396603397,0,-2.1747432594468707e-05,0.0016770913913133532,552,111,55,16,10,1,100,1000,
trial_by_trial,Nielsen,svm,top_ten,mean_removed,occupancy,2,16,0.004323247353297931,0.001093962704883668,-0.00040425376057896665,-0.0006895489747540287,0.003255506396757297,1.3693563355472391,0.1258741258741259,0,-0.00014809044439323307,0.002485545035135316,552,111,55,16,10,0,100,1000,
trial_by_trial,Nielsen,svm,top_ten,no_origin,occupancy,2,16,0.08627374763180037,0.0690423315202735,0.07043754968106417,0.07190799075551611,0.006485269357746806,2.74444658859484,0.017982017982017984,0,0.00010478585977365155,0.0023248707132755573,552,111,55,15,10,31,100,1000,
trial_by_trial,Nielsen,svm,top_ten,full,occupancy_bin,2,16,0.291802897370709,0.2534393785343399,0.2668077722978648,0.2669840213850059,0.00572524111108913,3.2882630935668242,0.008991008991008992,0,8.773948315700797e-05,0.0017144314391878681,552,111,55,16,10,1,100,1000,
trial_by_trial,Nielsen,svm,top_ten,mean_removed,occupancy_bin,2,16,0.0027426687939564364,0.006959958770288943,-0.001363190074322222,-0.0019197010830650828,0.006492759360816343,2.6207857987596808,0.01898101898101898,0,8.107697491206832e-05,0.002446473263453535,552,111,55,16,10,0,100,1000,
trial_by_trial,Nielsen,svm,top_ten,no_origin,occupancy_bin,2,16,0.11578173365522108,0.0807038536478696,0.08998575310014621,0.09104631996292151,0.007726757120011474,3.19077635891363,0.015984015984015984,0,0.00018738111349354136,0.0023628656973893585,552,111,55,15,10,31,100,1000,
trial_by_trial,Nielsen,svm,top_ten,full,occupancy,2,20,0.1621480866974839,0.14049458174880133,0.14998992898352392,0.15166029877386683,0.0004962203444472402,0.30889346262649453,0.7552447552447552,0,-3.7010087712651934e-05,0.001726260010897866,552,111,55,20,10,1,100,1000,
trial_by_trial,Nielsen,svm,top_ten,mean_removed,occupancy,2,20,0.0015674960817161862,-0.001333348801962634,0.00015863839265086412,0.00025315119901968866,-8.882115595850029e-05,0.022116782534839837,0.9790209790209791,0,-0.00013576361013319314,0.0021224811565943623,552,111,55,20,10,0,100,1000,
trial_by_trial,Nielsen,svm,top_ten,no_origin,occupancy,2,20,0.06275973030293389,0.04511038728459732,0.053369165358252264,0.05315495996511579,0.0006729961320815769,0.30845138339829803,0.7392607392607392,0,7.891553607233804e-05,0.0019260104768021504,552,111,55,19,10,9,100,1000,
trial_by_trial,Nielsen,svm,top_ten,full,occupancy_bin,2,20,0.1848501042642963,0.14776186973824448,0.16430558718308408,0.16554279839711775,0.0013817942111694903,0.8431389300214841,0.3756243756243756,0,-2.181537758694027e-05,0.001664742948971251,552,111,55,20,10,1,100,1000,
trial_by_trial,Nielsen,svm,top_ten,mean_removed,occupancy_bin,2,20,-0.00015210883483768932,-0.0005107485315849381,-0.0009603910510131443,-0.0011112029446472987,0.0007043683146189079,0.36837544754354723,0.7102897102897103,0,-5.3863416925751026e-05,0.002058312345735325,552,111,55,20,10,0,100,1000,
trial_by_trial,Nielsen,svm,top_ten,no_origin,occupancy_bin,2,20,0.09522453606081126,0.06316013017875231,0.07810044613704155,0.07727309243604408,0.0015055638332389792,0.78101553791722,0.4095904095904096,0,-1.612489720594891e-05,0.0019483462960326048,552,111,55,19,10,9,100,1000,
trial_by_trial,Nielsen,svm,top_ten,full,occupancy,2,25,0.17395029169330242,0.15924044964305664,0.16492834136810258,0.167316009792345,0.0004731950879557356,0.35553243994075767,0.7302697302697303,0,-8.64122279876727e-05,0.0015739979058919508,552,111,55,25,10,0,100,1000,
trial_by_trial,Nielsen,svm,top_ten,mean_removed,occupancy,2,25,0.001203227504229753,-0.0021472200243912477,-0.0008294794906801978,-0.00023302169151731816,5.925433101801065e-05,0.10260435695926719,0.9110889110889111,0,-0.00014697028383441795,0.002009901148099369,552,111,55,25,10,0,100,1000,
trial_by_trial,Nielsen,svm,top_ten,no_origin,occupancy,2,25,0.06796759787167314,0.05788932596995239,0.06162793077392079,0.0622598637506753,0.0009845646585147222,0.5250624535493765,0.5844155844155844,0,5.137230621743031e-05,0.0017772978166482726,552,111,55,24,10,7,100,1000,
trial_by_trial,Nielsen,svm,top_ten,full,occupancy_bin,2,25,0.19182503453139765,0.16901334992898837,0.17773493557332906,0.18002673868331132,0.001538355101872807,0.9857776622832385,0.3206793206793207,0,-1.5731168843873266e-06,0.0015621455807696468,552,111,55,25,10,0,100,1000,
trial_by_trial,Nielsen,svm,top_ten,mean_removed,occupancy_bin,2,25,-7.553604190774621e-05,0.00024449367029307813,-0.0011994041433301776,-0.0008912417641247921,0.0011298017679201508,0.5690442165662053,0.5664335664335665,0,5.5689845075669185e-06,0.0019756510138993484,552,111,55,25,10,0,100,1000,
trial_by_trial,Nielsen,svm,top_ten,no_origin,occupancy_bin,2,25,0.1012984452781682,0.0743873761331839,0.08605365833664042,0.08561442445581147,0.002008869309450101,1.0683000629454593,0.26973026973026976,0,4.625112957100522e-05,0.0018371413125895272,552,111,55,24,10,7,100,1000,
trial_by_trial,Nielsen,svm,top_ten,full,occupancy,2,30,0.16145885507269825,0.1513161429274277,0.15487748477333682,0.1561328645330282,0.0008823243468804864,0.43147441080429555,0.6583416583416584,0,0.00018559803271112784,0.0016147569745112273,552,111,55,30,10,0,100,1000,
trial_by_trial,Nielsen,svm,top_ten,mean_removed,occupancy,2,30,0.0011422330552352579,-0.0011878151589185388,-0.000723811096021411,-0.00035857164956204957,0.0005184003209500899,0.20513904819900633,0.8251748251748252,0,0.00010970321831327396,0.001992293062802636,552,111,55,30,10,0,100,1000,
trial_by_trial,Nielsen,svm,top_ten,no_origin,occupancy,2,30,0.08711106282349429,0.07821245525897896,0.08084132134289733,0.08154280753502591,0.0014696946022750013,0.793528936259186,0.4045954045954046,0,0.00016572003521417354,0.0016432602611921865,552,111,55,29,10,3,100,1000,
trial_by_trial,Nielsen,svm,top_ten,full,occupancy_bin,2,30,0.19407460457673278,0.16838731617988675,0.1782044217990408,0.18055133483564778,0.0018530820609654608,1.1113246333907298,0.25074925074925075,0,0.00012715148271050857,0.0015530390728306061,552,111,55,30,10,0,100,1000,
trial_by_trial,Nielsen,svm,top_ten,mean_removed,occupancy_bin,2,30,0.00054750873127093,0.0005588120454339172,-0.0014371509395397727,-0.0009779022859416988,0.0017606870010931593,0.8205933269326068,0.3856143856143856,0,0.00014455474616584168,0.0019694679470139615,552,111,55,30,10,0,100,1000,
trial_by_trial,Nielsen,svm,top_ten,no_origin,occupancy_bin,2,30,0.1259675949300552,0.09896258286648427,0.1098753120732757,0.11041636091499303,0.002319252404135358,1.2694683499584378,0.1798201798201798,0,0.00012405802635205595,0.00172922340116252,552,111,55,29,10,3,100,1000,
trial_by_trial,Nielsen,svm,top_ten,full,occupancy,3,2,0.5388771125061891,0.4105660510193382,0.4689834054798931,0.48429723410359565,-0.0019187380289807376,-0.3867095858047711,0.6703296703296703,0,0.0003157584386189884,0.005778228804309504,681,72,36,2,10,21,100,1000,
trial_by_trial,Nielsen,svm,top_ten,mean_removed,occupancy,3,2,0.001203703703703704,0.005617283950617284,-0.012716049382716048,-0.008333333333333333,0.013935185185185186,0.5708616606009116,0.5054945054945055,0,0.0043925771604938265,0.016716148032513572,681,72,36,2,10,0,100,1000,
trial_by_trial,Nielsen,svm,top_ten,no_origin,occupancy,3,2,nan,nan,nan,nan,nan,nan,0.000999000999000999,1,nan,nan,681,72,36,1,10,753,100,1000,
trial_by_trial,Nielsen,svm,top_ten,full,occupancy_bin,3,2,0.8089195773073434,0.4286797055406354,0.5956251719164447,0.5936723665568638,0.024150872187335137,4.0760875339624825,0.00999000999000999,0,0.0012196228794921868,0.005625799033209383,681,72,36,2,10,203,100,1000,
trial_by_trial,Nielsen,svm,top_ten,mean_removed,occupancy_bin,3,2,0.14663580246913574,0.03805555555555553,0.08456790123456787,0.08382716049382713,0.00814814814814814,0.5478547730651109,0.5484515484515484,0,0.0019362962962962973,0.011338500926254746,681,72,36,2,10,0,100,1000,
trial_by_trial,Nielsen,svm,top_ten,no_origin,occupancy_bin,3,2,nan,nan,nan,nan,nan,nan,0.000999000999000999,1,nan,nan,681,72,36,1,10,753,100,1000,
trial_by_trial,Nielsen,svm,top_ten,full,occupancy,3,3,0.6300633203859932,0.5153276476956387,0.5702433354392479,0.5745989391720129,0.00027434673518555996,-0.17726691435695124,0.8611388611388612,0,0.0010922444318704112,0.004613933173326987,681,72,36,3,10,14,100,1000,
trial_by_trial,Nielsen,svm,top_ten,mean_removed,occupancy,3,3,0.014728509483948306,-0.004096224646442364,0.0034339858573798356,0.008460311191257279,-0.0006310061055655866,-0.37687176823008667,0.7072927072927073,0,0.003988346671010857,0.01225709423199949,681,72,36,3,10,0,100,1000,
trial_by_trial,Nielsen,svm,top_ten,no_origin,occupancy,3,3,0.13222012806981645,0.1240481402061053,0.16125677541198655,0.13077002240027666,-0.017879264768170727,-0.8769547833000877,0.2517482517482518,0,0.0029257200627588187,0.023724124923109324,681,72,36,2,10,446,100,1000,
trial_by_trial,Nielsen,svm,top_ten,full,occupancy_bin,3,3,0.5938202154547848,0.4223253893810701,0.5048214034416563,0.5028367080317243,0.0042437466812372815,0.35897305043636973,0.7322677322677322,0,0.0021530874993049556,0.005824000379390342,681,72,36,3,10,32,100,1000,
trial_by_trial,Nielsen,svm,top_ten,mean_removed,occupancy_bin,3,3,0.14382846469429006,0.03846599602399215,0.08507955688875173,0.08367623988423885,0.0067693319726458145,0.24179302317799567,0.8271728271728271,0,0.003947125239175773,0.011671994073180834,681,72,36,3,10,0,100,1000,
trial_by_trial,Nielsen,svm,top_ten,no_origin,occupancy_bin,3,3,0.15812706307912727,0.1448495083348024,0.17979852860627235,0.15367586768494268,-0.015248912438642681,-0.801830927348877,0.35364635364635366,0,0.005781676611831094,0.026228208881899806,681,72,36,2,10,466,100,1000,
trial_by_trial,Nielsen,svm,top_ten,full,occupancy,3,4,0.5078667523755328,0.37868572564273395,0.4342058173086516,0.4478436465938563,0.002251507057879465,0.36795157329694783,0.6973026973026973,0,0.0006370306648314343,0.0043877415133243645,681,72,36,4,10,13,100,1000,
trial_by_trial,Nielsen,svm,top_ten,mean_removed,occupancy,3,4,0.005579797642112701,0.0008748987953439186,-0.0024185021552159407,0.0021096734987195993,0.00338176254697648,0.23624618069993242,0.8081918081918081,0,0.001404923839100498,0.00836770652553685,681,72,36,4,10,0,100,1000,
trial_by_trial,Nielsen,svm,top_ten,no_origin,occupancy,3,4,0.1938585451310129,0.10448446743898131,0.1531259901251198,0.14251741924815528,0.001349801598359568,0.004355885397274516,0.995004995004995,0,0.0013043074500347007,0.010444294138990203,681,72,36,3,10,186,100,1000,
trial_by_trial,Nielsen,svm,top_ten,full,occupancy_bin,3,4,0.43289528851203285,0.30242433429315946,0.36424293722898815,0.36246092057400825,0.0043078825010979815,0.6404981036739548,0.48951048951048953,0,0.0010365413730103231,0.005107495415400844,681,72,36,4,10,18,100,1000,
trial_by_trial,Nielsen,svm,top_ten,mean_removed,occupancy_bin,3,4,0.02000877200516167,-0.009936981840582048,-0.005035705136587965,-0.0030215046330818087,0.009064499967124698,1.0630971998495546,0.1938061938061938,0,0.0009224960079117277,0.007658757788436651,681,72,36,4,10,0,100,1000,
trial_by_trial,Nielsen,svm,top_ten,no_origin,occupancy_bin,3,4,0.23965686133515857,0.12878747732091886,0.18499327049546108,0.17432085992150076,0.004565104119557795,0.26452720371140404,0.7942057942057942,0,0.001797649257598684,0.010461891340969115,681,72,36,3,10,194,100,1000,
trial_by_trial,Nielsen,svm,top_ten,full,occupancy,3,5,0.45462779633677586,0.3895479434209835,0.4137687050033203,0.4225737202822748,0.003916657236082144,1.0336636611194638,0.1938061938061938,0,9.680987813104408e-05,0.0036954451449073703,681,72,36,5,10,7,100,1000,
trial_by_trial,Nielsen,svm,top_ten,mean_removed,occupancy,3,5,0.00807903315004488,0.008932623157862496,-0.0022362209592141314,0.002175775641670748,0.00853605081272538,1.0664916154219874,0.17782217782217782,0,0.0008123500347517464,0.007242157993823078,681,72,36,5,10,0,100,1000,
trial_by_trial,Nielsen,svm,top_ten,no_origin,occupancy,3,5,0.10943025205460188,0.0640617106633702,0.0763748677480203,0.07244443921434005,0.012336327877805864,1.7094322096286299,0.06993006993006994,0,-0.00030777789134877806,0.007396669898890898,681,72,36,4,10,144,100,1000,
trial_by_trial,Nielsen,svm,top_ten,full,occupancy_bin,3,5,0.37648927442800084,0.28164082759224807,0.31339689814351235,0.3130353325534814,0.01584893566162754,3.8861844564765446,0.006993006993006993,0,0.00012200357842963583,0.004046882555198348,681,72,36,5,10,8,100,1000,
trial_by_trial,Nielsen,svm,top_ten,mean_removed,occupancy_bin,3,5,0.01595119250958317,0.01043604110566735,-0.0066884981603483815,-0.002253056439552367,0.017664394107575636,2.8814403502302306,0.017982017982017984,0,-7.475696182838751e-05,0.006156348531728808,681,72,36,5,10,0,100,1000,
trial_by_trial,Nielsen,svm,top_ten,no_origin,occupancy_bin,3,5,0.1487239571809315,0.11364082877620171,0.1066776369686084,0.10359218099007311,0.02604748399922585,3.5562923882054975,0.007992007992007992,0,0.00015135950354124876,0.007281775981516461,681,72,36,4,10,145,100,1000,
trial_by_trial,Nielsen,svm,top_ten,full,occupancy,3,6,0.47186700395261316,0.37352857235832326,0.414791710155734,0.4237330672531761,0.0034353994510131214,0.9807620790902597,0.23376623376623376,0,0.00012680273647847705,0.003373495759138291,681,72,36,6,10,5,100,1000,
trial_by_trial,Nielsen,svm,top_ten,mean_removed,occupancy,3,6,0.007842292941245471,0.0028055145331451013,-0.0008878189696373609,0.002977450811414253,0.004279087816306841,0.5262503910554258,0.5844155844155844,0,0.0006972563414532611,0.006806325535777766,681,72,36,6,10,0,100,1000,
trial_by_trial,Nielsen,svm,top_ten,no_origin,occupancy,3,6,0.13710354572353878,0.0987668265842523,0.10717890149667138,0.1049905500036978,0.011850460403710947,1.9408620221071593,0.04795204795204795,0,-0.0003454304029544123,0.006283749523536195,681,72,36,5,10,132,100,1000,
trial_by_trial,Nielsen,svm,top_ten,full,occupancy_bin,3,6,0.3978768434548538,0.31357434999477757,0.34309323268514524,0.3420044276086996,0.013176766577893295,3.691880857338073,0.008991008991008992,0,7.584937513912915e-05,0.00354857529508691,681,72,36,6,10,5,100,1000,
trial_by_trial,Nielsen,svm,top_ten,mean_removed,occupancy_bin,3,6,0.014058421016498205,0.015815227461895797,-0.007683195798369907,-0.001556940393148772,0.01955689233495634,3.437926518938758,0.013986013986013986,0,-0.00019592817301133746,0.005745562157641783,681,72,36,6,10,0,100,1000,
trial_by_trial,Nielsen,svm,top_ten,no_origin,occupancy_bin,3,6,0.17325251495376126,0.14552392846544598,0.13659602015775824,0.1358491411218849,0.023165641069782056,3.709701885286743,0.006993006993006993,0,-5.047274781184718e-06,0.006245970447507335,681,72,36,5,10,132,100,1000,
trial_by_trial,Nielsen,svm,top_ten,full,occupancy,3,8,0.4619468090144759,0.3784488394589113,0.41743742983548304,0.4212350537829884,0.0008615824274578743,0.2717814234922976,0.7812187812187812,0,8.250540684518853e-05,0.0028665572893165933,681,72,36,8,10,3,100,1000,
trial_by_trial,Nielsen,svm,top_ten,mean_removed,occupancy,3,8,0.00738736162203196,-0.002194743280025044,0.0010423463466794991,0.0036749072241359544,0.00023768238559573147,-0.07748245466790722,0.945054945054945,0,0.000728840089370338,0.006338953842901948,681,72,36,8,10,0,100,1000,
trial_by_trial,Nielsen,svm,top_ten,no_origin,occupancy,3,8,0.12039526047237041,0.08684152721514998,0.10382456571425885,0.100481552717866,0.0014653346276977675,0.2914670644627858,0.7482517482517482,0,-0.00010425771736181761,0.005385144794841782,681,72,36,7,10,110,100,1000,
trial_by_trial,Nielsen,svm,top_ten,full,occupancy_bin,3,8,0.39136467600231706,0.30087558009139903,0.34178388387829517,0.3400208942560271,0.0052177389796969065,1.7105309632402719,0.06993006993006994,0,3.0201469817660644e-05,0.0030327059967698296,681,72,36,8,10,3,100,1000,
trial_by_trial,Nielsen,svm,top_ten,mean_removed,occupancy_bin,3,8,0.011829765898019429,0.005494908769599114,-0.0040102554940927085,0.0011735793306355876,0.01008067541553783,2.082877709771833,0.04095904095904096,0,-0.00028127190775267564,0.004974822705470114,681,72,36,8,10,0,100,1000,
trial_by_trial,Nielsen,svm,top_ten,no_origin,occupancy_bin,3,8,0.15787509507094644,0.10818980587527915,0.1260347217075178,0.12436764042052321,0.00783126940909229,1.5232365600124214,0.08691308691308691,0,-4.380816851856265e-05,0.005169963605355319,681,72,36,7,10,110,100,1000,
trial_by_trial,Nielsen,svm,top_ten,full,occupancy,3,10,0.29545878623989624,0.2381094787377376,0.26669271258502797,0.2675979319452726,-0.00036118977633337046,-0.4032864719229373,0.6853146853146853,0,0.0010936482488391017,0.0036074555594080835,681,72,36,10,10,3,100,1000,
trial_by_trial,Nielsen,svm,top_ten,mean_removed,occupancy,3,10,0.0034068098519179106,-0.0017526802812487005,-0.0001699577361544862,0.001343265495812477,0.00024041090550560966,-0.21979540880151802,0.8181818181818182,0,0.0014223697945582932,0.005377541303058011,681,72,36,10,10,0,100,1000,
trial_by_trial,Nielsen,svm,top_ten,no_origin,occupancy,3,10,0.10250127855823957,0.06793062943716116,0.08283720954982182,0.08604974272063486,0.000772477862472018,-0.09283062937285662,0.9210789210789211,0,0.0012496464266334368,0.005140206065444832,681,72,36,9,10,49,100,1000,
trial_by_trial,Nielsen,svm,top_ten,full,occupancy_bin,3,10,0.3006339900550008,0.21260626188783008,0.25006408315206985,0.25177522842397926,0.005700470183390871,1.3244339484841599,0.13686313686313686,0,0.0009978911910663356,0.0035506330819341557,681,72,36,10,10,3,100,1000,
trial_by_trial,Nielsen,svm,top_ten,mean_removed,occupancy_bin,3,10,0.005787286178516827,-0.002649761660740328,-0.008203499955393063,-0.004062767126014984,0.007701895799592274,1.142674111908394,0.18581418581418582,0,0.0015212886658030847,0.00540889748824963,681,72,36,10,10,0,100,1000,
trial_by_trial,Nielsen,svm,top_ten,no_origin,occupancy_bin,3,10,0.13721749672437714,0.0844891820495599,0.102870461130384,0.10549168892268743,0.006672264360432792,1.0159397855133154,0.2627372627372627,0,0.0014541344033987805,0.0051362590888174445,681,72,36,9,10,49,100,1000,
trial_by_trial,Nielsen,svm,top_ten,full,occupancy,3,12,0.260961827164146,0.22140468436914418,0.23676916535810993,0.23819875407337693,0.0036992960509016626,0.8191023112300067,0.40559440559440557,0,0.0010222440863869012,0.003268275437405079,681,72,36,12,10,3,100,1000,
trial_by_trial,Nielsen,svm,top_ten,mean_removed,occupancy,3,12,0.002473680229559706,-0.006546590576750091,-0.003761219404791895,-0.003909607377986707,0.0017989582177941085,0.13441144496836432,0.8681318681318682,0,0.001161038196153228,0.004746024579908535,681,72,36,12,10,0,100,1000,
trial_by_trial,Nielsen,svm,top_ten,no_origin,occupancy,3,12,0.06154611496298448,0.0807156146526361,0.0675416184281867,0.0663146615928671,0.004202724797283383,0.6826903574475488,0.46253746253746253,0,0.0010574482433190933,0.004607178817822899,681,72,36,11,10,39,100,1000,
trial_by_trial,Nielsen,svm,top_ten,full,occupancy_bin,3,12,0.2611199502470124,0.19336712163839237,0.21660246099032224,0.2198802783574963,0.009002166268793105,2.6068140960260098,0.01898101898101898,0,0.0007687618209908102,0.0031584164211609146,681,72,36,12,10,3,100,1000,
trial_by_trial,Nielsen,svm,top_ten,mean_removed,occupancy_bin,3,12,0.002913975846474993,0.006148972517388435,-0.005767730846480764,-0.004318093551058837,0.009574386380701516,1.9686305319280832,0.04295704295704296,0,0.0009638048190474801,0.00437389414722772,681,72,36,12,10,0,100,1000,
trial_by_trial,Nielsen,svm,top_ten,no_origin,occupancy_bin,3,12,0.09459571586114678,0.08645634207258984,0.08224951833565386,0.08110563617422524,0.008848451711928773,1.7590415225951883,0.052947052947052944,0,0.0010513173323844723,0.004432603937649442,681,72,36,11,10,39,100,1000,
trial_by_trial,Nielsen,svm,top_ten,full,occupancy,3,14,0.2676521639236534,0.22464498580247055,0.24233922666855265,0.24151874099806364,0.004219591029753833,0.9884959589619087,0.2917082917082917,0,0.0010286535125985123,0.0032280734060929858,681,72,36,14,10,2,100,1000,
trial_by_trial,Nielsen,svm,top_ten,mean_removed,occupancy,3,14,0.001857101631739726,-0.001282764503588027,-0.0033660074474986586,-0.0021313148187904734,0.0030358296972204154,0.3516478895841783,0.7432567432567433,0,0.0013624860441402067,0.004758577266193545,681,72,36,14,10,0,100,1000,
trial_by_trial,Nielsen,svm,top_ten,no_origin,occupancy,3,14,0.07534557438014168,0.08557638591811305,0.07568994990296624,0.07346937772195382,0.0058813163366673304,1.1170443412682214,0.19080919080919082,0,0.0009874018954876686,0.004381128179409083,681,72,36,13,10,33,100,1000,
trial_by_trial,Nielsen,svm,top_ten,full,occupancy_bin,3,14,0.2678693858771284,0.21281246247829796,0.228543059490136,0.23097218038846137,0.010583304238414498,3.295863407400122,0.011988011988011988,0,0.0007137762821635778,0.002994519716469775,681,72,36,14,10,2,100,1000,
trial_by_trial,Nielsen,svm,top_ten,mean_removed,occupancy_bin,3,14,0.0016254879099399835,0.011351612258816535,-0.005955457216298055,-0.0038620890244177126,0.011397323204736142,2.4307804798806676,0.027972027972027972,0,0.0009628407538028217,0.004292646965572791,681,72,36,14,10,0,100,1000,
trial_by_trial,Nielsen,svm,top_ten,no_origin,occupancy_bin,3,14,0.10707659990297172,0.0998675140247027,0.09264490660452412,0.09022943399764333,0.012034886662753486,2.6828218755440427,0.02097902097902098,0,0.0009089243141689945,0.00414711183400064,681,72,36,13,10,33,100,1000,
trial_by_trial,Nielsen,svm,top_ten,full,occupancy,3,16,0.17137811305433232,0.14422162952434267,0.15564270170471858,0.1551354587840729,0.0024107910449417402,0.45609176332389684,0.6653346653346653,0,0.000922596519590734,0.0032629278689563926,681,72,36,16,10,3,100,1000,
trial_by_trial,Nielsen,svm,top_ten,mean_removed,occupancy,3,16,0.0012953715493997237,-0.0012777615590633953,-0.002315121552256904,-0.001581895437974095,0.001957313490283664,0.2277223869431039,0.8391608391608392,0,0.0010241962579831468,0.004097608692875923,681,72,36,16,10,0,100,1000,
trial_by_trial,Nielsen,svm,top_ten,no_origin,occupancy,3,16,0.09828884360464649,0.0758303772968258,0.08407380891965541,0.08423375010501821,0.0029058309383993425,0.5011586377180262,0.6263736263736264,0,0.0010711062030172446,0.0036609660041705093,681,72,36,15,10,16,100,1000,
trial_by_trial,Nielsen,svm,top_ten,full,occupancy_bin,3,16,0.21637194432926676,0.15944794980250926,0.17667989878325113,0.17827034870284172,0.010434823322841597,3.336314809516351,0.011988011988011988,0,0.0005909633860421109,0.0029505189104821017,681,72,36,16,10,3,100,1000,
trial_by_trial,Nielsen,svm,top_ten,mean_removed,occupancy_bin,3,16,0.00163472298649611,0.011880639603004433,-0.005525615443613319,-0.004827240470221533,0.011934109251667699,2.9433201004760026,0.014985014985014986,0,0.0006501222769725757,0.003833761395123229,681,72,36,16,10,0,100,1000,
trial_by_trial,Nielsen,svm,top_ten,no_origin,occupancy_bin,3,16,0.14521148213918839,0.09567189550999138,0.10704764460227034,0.10809807967443881,0.012868826686235318,3.5233558513076075,0.006993006993006993,0,0.0008115655686303829,0.003422095759396593,681,72,36,15,10,16,100,1000,
trial_by_trial,Nielsen,svm,top_ten,full,occupancy,3,20,0.18679982953361318,0.15037261975971158,0.1662778171311357,0.16581900862495347,0.002537811768617809,0.5390038170282603,0.5854145854145855,0,0.0009399490788833794,0.0029644737926793814,681,72,36,20,10,1,100,1000,
trial_by_trial,Nielsen,svm,top_ten,mean_removed,occupancy,3,20,0.001063224349398887,-0.002936253647932123,-0.0015519513133044544,-0.0023269114140064607,0.0010029167143888393,-0.02149670657819086,0.984015984015984,0,0.0010867359002265432,0.0038991640664966473,681,72,36,20,10,0,100,1000,
trial_by_trial,Nielsen,svm,top_ten,no_origin,occupancy,3,20,0.11395906529638515,0.09172274998930316,0.10114547178251998,0.10053748593324614,0.0019994287849610937,0.27538408074235904,0.7842157842157842,0,0.0010712488019790736,0.003370492515325884,681,72,36,19,10,10,100,1000,
trial_by_trial,Nielsen,svm,top_ten,full,occupancy_bin,3,20,0.234814672258196,0.16925690341494184,0.19477188957949004,0.19679316090055074,0.006253262596548542,1.9646763643685925,0.04495504495504495,0,0.0007683583228806864,0.0027917596878255287,681,72,36,20,10,1,100,1000,
trial_by_trial,Nielsen,svm,top_ten,mean_removed,occupancy_bin,3,20,0.0012946213569171455,0.005286990403043416,-0.00366276204054834,-0.00341805487442461,0.0068312143374667554,1.5992894118978607,0.08191808191808192,0,0.0008790266208358213,0.0037217702264204532,681,72,36,20,10,0,100,1000,
trial_by_trial,Nielsen,svm,top_ten,no_origin,occupancy_bin,3,20,0.16151628319346487,0.10123055286525001,0.12329718777936435,0.12422889442759713,0.007610376925876683,2.0412338768519267,0.04295704295704296,0,0.0009854594059777874,0.003245545547243274,681,72,36,19,10,10,100,1000,
trial_by_trial,Nielsen,svm,top_ten,full,occupancy,3,25,0.15708675162447627,0.11264896194064405,0.1334508118048664,0.1340283156541514,0.0011282930530512603,0.2579327802306278,0.7982017982017982,0,0.00045294550765525356,0.0026183083235568278,681,72,36,25,10,1,100,1000,
trial_by_trial,Nielsen,svm,top_ten,mean_removed,occupancy,3,25,0.000309983375304814,-0.00434133323563244,-0.0016968551230648117,-0.001458318500431156,-0.0004380881184158291,-0.2977566433442347,0.7632367632367633,0,0.0005559415089853474,0.003338396135302966,681,72,36,25,10,0,100,1000,
trial_by_trial,Nielsen,svm,top_ten,no_origin,occupancy,3,25,0.0937259212012075,0.07442044509576537,0.08367106161596753,0.0836699914735909,0.00040265660370722434,-0.011269156623628335,0.991008991008991,0,0.0004341383229133802,0.0027936180370541066,681,72,36,24,10,6,100,1000,
trial_by_trial,Nielsen,svm,top_ten,full,occupancy_bin,3,25,0.199268426344463,0.13522820101660177,0.16174353800787528,0.1639486427377228,0.0044022233077333495,1.6843211333947374,0.07892107892107893,0,0.0002998599558612529,0.0024356182859285344,681,72,36,25,10,1,100,1000,
trial_by_trial,Nielsen,svm,top_ten,mean_removed,occupancy_bin,3,25,0.0003400919817802066,0.00434103192453119,-0.003945059072902898,-0.002314940196585833,0.005470561587900063,1.6726231129766946,0.07792207792207792,0,0.0002973823480586402,0.0030928540922975415,681,72,36,25,10,0,100,1000,
trial_by_trial,Nielsen,svm,top_ten,no_origin,occupancy_bin,3,25,0.1376073894029547,0.08448783095132154,0.10574304484501795,0.1056975179592372,0.005327328775010534,1.7980646486095617,0.060939060939060936,0,0.00038320106983735547,0.0027496940718991715,681,72,36,24,10,6,100,1000,
trial_by_trial,Nielsen,svm,top_ten,full,occupancy,3,30,0.14762276988592435,0.1056628848111879,0.12574164886981778,0.1253091841541692,0.00111741083656261,0.2144023021966081,0.8351648351648352,0,0.0005848569237480895,0.0024839001603917743,681,72,36,30,10,1,100,1000,
trial_by_trial,Nielsen,svm,top_ten,mean_removed,occupancy,3,30,0.0005976740324405593,-0.003912951588306587,-0.001136968988456609,-0.0011534876005977926,-0.0005124104834058132,-0.3803275429500634,0.7042957042957043,0,0.0006653634086047773,0.0030967357317196217,681,72,36,30,10,0,100,1000,
trial_by_trial,Nielsen,svm,top_ten,no_origin,occupancy,3,30,0.10155084249901421,0.08383660858169678,0.09270350866821922,0.09233018614817697,0.00017687813215738757,-0.1685649365401301,0.8741258741258742,0,0.0006124958503905197,0.0025842724304020667,681,72,36,29,10,3,100,1000,
trial_by_trial,Nielsen,svm,top_ten,full,occupancy_bin,3,30,0.18822268928021157,0.12331708057064245,0.1509193744006371,0.15283579819680757,0.0038922986267046766,1.5603042673094856,0.1018981018981019,0,0.0003543106897660606,0.002267498725129653,681,72,36,30,10,1,100,1000,
trial_by_trial,Nielsen,svm,top_ten,mean_removed,occupancy_bin,3,30,0.0009799938736899593,0.003353860203169492,-0.0036575009894498646,-0.0024719073499162524,0.005231631208112784,1.7454630625379524,0.07092907092907093,0,0.0003416010300731829,0.0028015661190385547,681,72,36,30,10,0,100,1000,
trial_by_trial,Nielsen,svm,top_ten,no_origin,occupancy_bin,3,30,0.14081876274006372,0.0943162364897384,0.11350238007722636,0.11383041468930577,0.0039011022316350064,1.3942636649772038,0.14485514485514486,0,0.0004337135849998604,0.0024868959392209634,681,72,36,29,10,3,100,1000,
trial_by_trial,Nielsen,svm,top_ten,full,occupancy,4,2,0.5097479303418543,0.5963356299885827,0.5538539053901341,0.5510167203915446,0.0006064672743791855,0.20132692841923774,0.8631368631368631,0,0.00021482301636014788,0.0019453148224835982,350,386,175,2,10,17,100,1000,
trial_by_trial,Nielsen,svm,top_ten,mean_removed,occupancy,4,2,0.0013949387755102039,-0.0022132244897959184,-0.0013413877551020407,-0.000719020408163265,0.0006210612244897955,0.3222417005401903,0.7392607392607392,0,-0.00042686106122448973,0.0032519760290415528,350,386,175,2,10,0,100,1000,
trial_by_trial,Nielsen,svm,top_ten,no_origin,occupancy,4,2,nan,nan,nan,nan,nan,nan,0.000999000999000999,1,nan,nan,350,386,175,1,10,736,100,1000,
trial_by_trial,Nielsen,svm,top_ten,full,occupancy_bin,4,2,0.8059641317614685,0.7944096788379004,0.802469234823326,0.799444619698034,-0.000770021960995626,-0.7230273554170894,0.3166833166833167,0,2.1350975398566784e-05,0.0010945269642497512,350,386,175,2,10,241,100,1000,
trial_by_trial,Nielsen,svm,top_ten,mean_removed,occupancy_bin,4,2,0.0754742857142857,0.07099428571428569,0.07672359183673468,0.07550759183673467,-0.0028813061224489678,-0.7228438221779515,0.18081918081918083,0,-0.0004570592653061224,0.003353762988301556,350,386,175,2,10,0,100,1000,
trial_by_trial,Nielsen,svm,top_ten,no_origin,occupancy_bin,4,2,nan,nan,nan,nan,nan,nan,0.000999000999000999,1,nan,nan,350,386,175,1,10,736,100,1000,
trial_by_trial,Nielsen,svm,top_ten,full,occupancy,4,3,0.6390046170421001,0.6273833649077258,0.6324120241791291,0.6313826102530176,0.0012966737588395727,0.7953509511911524,0.2837162837162837,0,0.0002201949623796009,0.0013534638952122835,350,386,175,3,10,17,100,1000,
trial_by_trial,Nielsen,svm,top_ten,mean_removed,occupancy,4,3,0.0172307485559368,0.01467622746720771,0.017584755301909595,0.018258036047570488,-0.001967907663167786,-0.7214479331291356,0.41858141858141856,0,-1.5682388767319583e-05,0.0027059822126498877,350,386,175,3,10,0,100,1000,
trial_by_trial,Nielsen,svm,top_ten,no_origin,occupancy,4,3,0.26317628348990596,0.07079989998478392,0.14453168773901376,0.13880790948399604,0.025318293125840025,2.4741684018825154,0.03396603396603397,0,0.0016699219089889837,0.009558108978700785,350,386,175,2,10,419,100,1000,
trial_by_trial,Nielsen,svm,top_ten,full,occupancy_bin,4,3,0.6172318216399042,0.5812275793578466,0.6011858296825477,0.5965175997910749,0.0003779857620640481,0.31699761271316496,0.7222777222777222,0,-5.6800505430851914e-05,0.0013715758417660894,350,386,175,3,10,60,100,1000,
trial_by_trial,Nielsen,svm,top_ten,mean_removed,occupancy_bin,4,3,0.11460760345815796,0.08967581695809924,0.10308241308440019,0.09994924403696132,0.0006258816474478401,0.37706475428356073,0.6943056943056943,0,-0.0003157339989880887,0.0024972253061017044,350,386,175,3,10,0,100,1000,
trial_by_trial,Nielsen,svm,top_ten,no_origin,occupancy_bin,4,3,0.28884972866948205,0.138148935639705,0.21048993037103145,0.2002270389516921,0.008140847493231768,0.9820237193341854,0.11188811188811189,0,-0.0002276763946807019,0.008521712585095553,350,386,175,2,10,464,100,1000,
trial_by_trial,Nielsen,svm,top_ten,full,occupancy,4,4,0.5685686966968776,0.5635621988499034,0.565676705452334,0.562806233041593,0.001823978526427017,1.6545539550783286,0.07592407592407592,0,8.188451387891027e-05,0.0010529085541158033,350,386,175,4,10,11,100,1000,
trial_by_trial,Nielsen,svm,top_ten,mean_removed,occupancy,4,4,0.012726326298175154,0.012962031827563421,0.008975249166023306,0.00950871873178634,0.0036021951139644653,1.5675841230944483,0.07292707292707293,0,-4.668923626783349e-06,0.0023009062062144476,350,386,175,4,10,0,100,1000,
trial_by_trial,Nielsen,svm,top_ten,no_origin,occupancy,4,4,0.11358693236441987,0.11764453111683908,0.10637825350491971,0.10265446496407948,0.011099372506129884,2.333217983624603,0.030969030969030968,0,0.00032988530168906764,0.00461572269716122,350,386,175,3,10,325,100,1000,
trial_by_trial,Nielsen,svm,top_ten,full,occupancy_bin,4,4,0.5241957299898741,0.4836926257779237,0.5040261190957159,0.4987610530379428,0.002550591817069514,1.895526198031694,0.054945054945054944,0,0.00012633035119439818,0.0012789385176487976,350,386,175,4,10,16,100,1000,
trial_by_trial,Nielsen,svm,top_ten,mean_removed,occupancy_bin,4,4,0.08052227416180896,0.05822207653184994,0.06967341016566672,0.06535219317405465,0.0018593736769687702,0.7917581701900405,0.31868131868131866,0,-9.814204481632018e-06,0.002360806559156508,350,386,175,4,10,0,100,1000,
trial_by_trial,Nielsen,svm,top_ten,no_origin,occupancy_bin,4,4,0.11980227736625021,0.11882582763156296,0.11028612838093743,0.10798567935202637,0.010178148632424694,2.031600060766927,0.04995004995004995,0,0.0004895378769411316,0.004768955732274451,350,386,175,3,10,331,100,1000,
trial_by_trial,Nielsen,svm,top_ten,full,occupancy,4,5,0.5022759849485899,0.5464747985582129,0.521837532313365,0.5177889758892815,0.004562137652078135,4.2011859024906615,0.003996003996003996,0,0.00017900149581705614,0.0010433092602882793,350,386,175,5,10,5,100,1000,
trial_by_trial,Nielsen,svm,top_ten,mean_removed,occupancy,4,5,0.018093348884447424,0.011032318697132799,0.0030325564318926996,0.00359254247440003,0.011250284337643746,5.676446350672592,0.000999000999000999,1,-6.922592771083277e-05,0.0019941191312436786,350,386,175,5,10,0,100,1000,
trial_by_trial,Nielsen,svm,top_ten,no_origin,occupancy,4,5,0.062108002067886234,0.0702426487948538,0.042347625115826085,0.040686122900149425,0.024658451423382258,6.802661978135763,0.000999000999000999,1,0.0006575118542424562,0.0035281687736772043,350,386,175,4,10,234,100,1000,
trial_by_trial,Nielsen,svm,top_ten,full,occupancy_bin,4,5,0.412468587737814,0.43201346505549393,0.41528672880993567,0.41049785449712195,0.009348734743125142,6.384880980556718,0.000999000999000999,1,0.0004369105653551012,0.0013957698201279532,350,386,175,5,10,5,100,1000,
trial_by_trial,Nielsen,svm,top_ten,mean_removed,occupancy_bin,4,5,0.04040102472072144,0.05584392241281573,0.03774602217712592,0.03545888479641614,0.011520020079997556,5.073862968909567,0.003996003996003996,0,0.00043373093238082013,0.0021849800074516617,350,386,175,5,10,0,100,1000,
trial_by_trial,Nielsen,svm,top_ten,no_origin,occupancy_bin,4,5,0.0738874641398748,0.06461309687089754,0.042652996489250014,0.041347342774824936,0.0272501108733487,7.041276005758956,0.000999000999000999,1,0.0010190425799758173,0.0037253288000525585,350,386,175,4,10,234,100,1000,
trial_by_trial,Nielsen,svm,top_ten,full,occupancy,4,6,0.29922020595166676,0.3607537329126485,0.32309939154863065,0.3230180301513616,0.006928258582161506,4.881998193824196,0.001998001998001998,0,0.00031146586011381624,0.0013553451802620566,350,386,175,6,10,2,100,1000,
trial_by_trial,Nielsen,svm,top_ten,mean_removed,occupancy,4,6,0.007458214033779349,0.012282031152581575,0.0008389362178843782,0.0014442072045823232,0.00872855088194711,4.877338968110757,0.003996003996003996,0,8.748032896096949e-05,0.0017716772628442658,350,386,175,6,10,0,100,1000,
trial_by_trial,Nielsen,svm,top_ten,no_origin,occupancy,4,6,0.062472605001676174,0.08937175747269017,0.0648743907153574,0.06114524141338686,0.012912365172811038,4.801642118385321,0.002997002997002997,0,0.0006179559833205136,0.0025604592942101326,350,386,175,5,10,124,100,1000,
trial_by_trial,Nielsen,svm,top_ten,full,occupancy_bin,4,6,0.29217465091616573,0.3214809247813366,0.29950120242627803,0.29713804514191505,0.008508164064654655,5.6074827089419115,0.002997002997002997,0,0.0004410816682595399,0.0014386281358533715,350,386,175,6,10,2,100,1000,
trial_by_trial,Nielsen,svm,top_ten,mean_removed,occupancy_bin,4,6,0.012504462383155068,0.022146815406798626,0.007164428050321976,0.00742959526901461,0.010028627235308554,4.789671074410968,0.001998001998001998,0,0.0004840104360323927,0.0019927499510913604,350,386,175,6,10,0,100,1000,
trial_by_trial,Nielsen,svm,top_ten,no_origin,occupancy_bin,4,6,0.07385825890249362,0.09507621318072394,0.07117983788117095,0.06689155448973234,0.015431539856157125,5.668830755183619,0.002997002997002997,0,0.0007380254074774327,0.0025919832648459012,350,386,175,5,10,124,100,1000,
trial_by_trial,Nielsen,svm,top_ten,full,occupancy,4,7,0.3191944587280602,0.3866874226802949,0.34710703890876543,0.3455870215680284,0.006593910465780617,4.724859321571552,0.001998001998001998,0,0.000462733291562069,0.0012976422697341253,350,386,175,7,10,4,100,1000,
trial_by_trial,Nielsen,svm,top_ten,mean_removed,occupancy,4,7,0.011439792586322224,0.010757110219509593,0.00045918775834748253,0.0013585659679581782,0.010189574539763078,5.8639554362144946,0.001998001998001998,0,0.00014604464002253078,0.0017127568599368819,350,386,175,7,10,0,100,1000,
trial_by_trial,Nielsen,svm,top_ten,no_origin,occupancy,4,7,0.08572666043335983,0.11403128971629677,0.0893305403058487,0.0856958466442588,0.012365781599774542,5.311073849341007,0.001998001998001998,0,0.0005789752419949121,0.0022192887337166524,350,386,175,6,10,111,100,1000,
trial_by_trial,Nielsen,svm,top_ten,full,occupancy_bin,4,7,0.3163325625812746,0.34571079857825765,0.323995442971228,0.3216555345500353,0.008196191819134446,5.870127588656055,0.001998001998001998,0,0.0004701082834415623,0.0013161696094346298,350,386,175,7,10,4,100,1000,
trial_by_trial,Nielsen,svm,top_ten,mean_removed,occupancy_bin,4,7,0.009631991874872486,0.018709017396940586,0.002429783802910001,0.002725424774669152,0.01159290034711696,5.448288320560008,0.001998001998001998,0,0.0006523217240158696,0.002008076294680483,350,386,175,7,10,0,100,1000,
trial_by_trial,Nielsen,svm,top_ten,no_origin,occupancy_bin,4,7,0.10006713426179598,0.119840658673503,0.09726368661169413,0.09340085567913793,0.014621625322233461,6.034055765794591,0.001998001998001998,0,0.0007525864240717473,0.002298460510885812,350,386,175,6,10,111,100,1000,
trial_by_trial,Nielsen,svm,top_ten,full,occupancy,4,8,0.47608217943277026,0.5171846514362051,0.49259043010617887,0.49092396502701313,0.004876217867891719,4.57563969837655,0.001998001998001998,0,0.00032854094423934074,0.0009938887725941155,350,386,175,8,10,3,100,1000,
trial_by_trial,Nielsen,svm,top_ten,mean_removed,occupancy,4,8,0.008998232685431646,0.01636465432542214,0.004370989544572703,0.004274242882618269,0.008358827291831405,4.408732041011437,0.005994005994005994,0,0.00017485741911773753,0.0018563092055910316,350,386,175,8,10,0,100,1000,
trial_by_trial,Nielsen,svm,top_ten,no_origin,occupancy,4,8,0.07147157334664232,0.053510219638267624,0.044808171981340274,0.04556334988430681,0.017305135559631424,7.44978585017496,0.001998001998001998,0,0.0004590115228246207,0.0022612897035706294,350,386,175,7,10,155,100,1000,
trial_by_trial,Nielsen,svm,top_ten,full,occupancy_bin,4,8,0.3928346162927206,0.4053497792129391,0.39142745976332655,0.389317729691233,0.008719603025550027,7.309436080093617,0.000999000999000999,1,0.0004454079543755022,0.001131988156201039,350,386,175,8,10,3,100,1000,
trial_by_trial,Nielsen,svm,top_ten,mean_removed,occupancy_bin,4,8,0.02415914467263033,0.036112383881075676,0.017234267571857722,0.01695987770699501,0.013038691637426637,6.347832213645086,0.000999000999000999,1,0.0007374245518437925,0.0019378689718894042,350,386,175,8,10,0,100,1000,
trial_by_trial,Nielsen,svm,top_ten,no_origin,occupancy_bin,4,8,0.08230934525755944,0.058237630515910695,0.05047104599531469,0.051609200607217576,0.01923336458546894,8.212042522927913,0.000999000999000999,1,0.0005197965858300884,0.0022787957986567676,350,386,175,7,10,155,100,1000,
trial_by_trial,Nielsen,svm,top_ten,full,occupancy,4,9,0.437859050179698,0.4957717045394118,0.46202838580693234,0.46143663590210854,0.005082866505034478,5.392294898536778,0.000999000999000999,1,0.00022084055243566018,0.0009016617310596549,350,386,175,9,10,1,100,1000,
trial_by_trial,Nielsen,svm,top_ten,mean_removed,occupancy,4,9,0.007669733588673494,0.012995774213008092,0.003149749805351126,0.0030593250900460235,0.007228216453142218,4.331626580284132,0.003996003996003996,0,7.053955871769565e-05,0.001652422424177436,350,386,175,9,10,0,100,1000,
trial_by_trial,Nielsen,svm,top_ten,no_origin,occupancy,4,9,0.048032487130513356,0.040319187293114546,0.027513626177332547,0.02772020286267062,0.016558922691812368,8.412053728106669,0.000999000999000999,1,0.0003867903700271397,0.0019224951295484828,350,386,175,8,10,130,100,1000,
trial_by_trial,Nielsen,svm,top_ten,full,occupancy_bin,4,9,0.36751281706564404,0.38757607265074895,0.37051102597760777,0.3674459556935783,0.008565954022603461,8.067388831714206,0.000999000999000999,1,0.00033920021590181634,0.0010197542201462943,350,386,175,9,10,1,100,1000,
trial_by_trial,Nielsen,svm,top_ten,mean_removed,occupancy_bin,4,9,0.021717144603264953,0.03002506495867401,0.013167358390336352,0.012334869422303971,0.01311999087464932,7.856549488101517,0.000999000999000999,1,0.00047248727255612275,0.0016098038485275784,350,386,175,9,10,0,100,1000,
trial_by_trial,Nielsen,svm,top_ten,no_origin,occupancy_bin,4,9,0.05856852274059168,0.04544486360921872,0.03430520183405295,0.0345758304867835,0.017566177014486976,8.851930763405688,0.000999000999000999,1,0.0004004884167477223,0.0019392027633906772,350,386,175,8,10,130,100,1000,
trial_by_trial,Nielsen,svm,top_ten,full,occupancy,4,10,0.27342808909114846,0.3404649539158365,0.30043447992314876,0.2993371036729884,0.007060729705423874,6.374568101373371,0.000999000999000999,1,0.0003154477604919056,0.0010581551310870345,350,386,175,10,10,1,100,1000,
trial_by_trial,Nielsen,svm,top_ten,mean_removed,occupancy,4,10,0.006415231799903748,0.010917104244325692,-8.383920555806431e-05,3.700595462161764e-05,0.008689584647582944,5.45373921140826,0.001998001998001998,0,0.00016609347059897195,0.0015628710590257658,350,386,175,10,10,0,100,1000,
trial_by_trial,Nielsen,svm,top_ten,no_origin,occupancy,4,10,0.09282086996371788,0.07858512150051705,0.07832213017656878,0.07596673810415445,0.008558561591755845,5.06252951382126,0.002997002997002997,0,0.0004896727445658432,0.001593845295155525,350,386,175,9,10,66,100,1000,
trial_by_trial,Nielsen,svm,top_ten,full,occupancy_bin,4,10,0.295182104271882,0.30391444043787114,0.2948491296163131,0.29242385078318484,0.0059117821551276095,4.95449395162491,0.001998001998001998,0,0.00045973828921742346,0.00110042396239521,350,386,175,10,10,1,100,1000,
trial_by_trial,Nielsen,svm,top_ten,mean_removed,occupancy_bin,4,10,0.007636721054322688,0.008282245931518665,0.0007605064823739783,0.00039296393774107004,0.007382748282863152,4.110077100126518,0.003996003996003996,0,0.0006077839582362432,0.0016483788891498794,350,386,175,10,10,0,100,1000,
trial_by_trial,Nielsen,svm,top_ten,no_origin,occupancy_bin,4,10,0.10881621644338024,0.09470007036502516,0.09461157623135136,0.09130570794756654,0.008799501314743746,5.036547395486473,0.001998001998001998,0,0.0006139444523084565,0.001625231774800892,350,386,175,9,10,66,100,1000,
trial_by_trial,Nielsen,svm,top_ten,full,occupancy,4,12,0.26292786580090904,0.3348263124205984,0.2930907442338934,0.2908586354774734,0.006902399255070302,6.2130028834492075,0.000999000999000999,1,0.00036079484309639196,0.0010528893249671688,350,386,175,12,10,0,100,1000,
trial_by_trial,Nielsen,svm,top_ten,mean_removed,occupancy,4,12,0.0033465925249376734,0.00882319007482407,-0.00263184863644456,-0.002647203555503353,0.008724417395854828,5.476810718925758,0.001998001998001998,0,0.00023804438182296268,0.0015495100067464836,350,386,175,12,10,0,100,1000,
trial_by_trial,Nielsen,svm,top_ten,no_origin,occupancy,4,12,0.08208341306507387,0.07866905927665775,0.07442399895662903,0.071854394741167,0.007237039321967786,4.225114632234025,0.001998001998001998,0,0.0006176958135609223,0.0015666660160902886,350,386,175,11,10,52,100,1000,
trial_by_trial,Nielsen,svm,top_ten,full,occupancy_bin,4,12,0.28760366557388184,0.30244386222991915,0.29062942189692814,0.2879082090244337,0.005754948441219543,4.686980866188088,0.000999000999000999,1,0.00054005668616415,0.0011126334636174125,350,386,175,12,10,0,100,1000,
trial_by_trial,Nielsen,svm,top_ten,mean_removed,occupancy_bin,4,12,0.006216073786407698,0.007419025606005269,-0.00012587687761153254,-0.0006307000418316477,0.007195838155928074,3.947502550006177,0.002997002997002997,0,0.0006550146492134239,0.0016569523195632677,350,386,175,12,10,0,100,1000,
trial_by_trial,Nielsen,svm,top_ten,no_origin,occupancy_bin,4,12,0.10154478569546953,0.09697858888107584,0.09316565984379302,0.08976858405016533,0.007794565341293511,4.4818824146204195,0.000999000999000999,1,0.0007152988877698114,0.0015795297151103992,350,386,175,11,10,52,100,1000,
trial_by_trial,Nielsen,svm,top_ten,full,occupancy,4,14,0.1937532486900099,0.25551376676586407,0.21906042136626247,0.21636433355693602,0.006921130266337755,6.085533974106465,0.000999000999000999,1,0.0004312925159645294,0.0010664368612494886,350,386,175,14,10,0,100,1000,
trial_by_trial,Nielsen,svm,top_ten,mean_removed,occupancy,4,14,0.003937047253575603,0.006231187158917227,-0.003020247908509263,-0.0030097706202536437,0.008099126470627868,5.697736221157957,0.000999000999000999,1,0.0003034559087234757,0.0013682048903836531,350,386,175,14,10,0,100,1000,
trial_by_trial,Nielsen,svm,top_ten,no_origin,occupancy,4,14,0.06393204571612628,0.06557568720667863,0.05955472639535615,0.05841069552332474,0.005771155502062003,3.7126997032223095,0.000999000999000999,1,0.0006168914214779011,0.0013882792826230026,350,386,175,13,10,35,100,1000,
trial_by_trial,Nielsen,svm,top_ten,full,occupancy_bin,4,14,0.21939100011795948,0.23399562799774767,0.22328663191274295,0.2202519589254986,0.004924018638732819,4.3451490880736525,0.000999000999000999,1,0.00044653440160361213,0.001030455836237882,350,386,175,14,10,0,100,1000,
trial_by_trial,Nielsen,svm,top_ten,mean_removed,occupancy_bin,4,14,0.0034436809881315594,0.00558722374550028,-0.0010914834019853754,-0.0013103432890424099,0.0057163657123298125,3.7421452680838745,0.001998001998001998,0,0.0005368522971927195,0.0013841027122362911,350,386,175,14,10,0,100,1000,
trial_by_trial,Nielsen,svm,top_ten,no_origin,occupancy_bin,4,14,0.08484933484675876,0.07904462280939875,0.07669037300140272,0.07524360199686835,0.005979991328943224,3.928061585189859,0.001998001998001998,0,0.000591034122193686,0.0013719126062248506,350,386,175,13,10,35,100,1000,
trial_by_trial,Nielsen,svm,top_ten,full,occupancy,4,16,0.18696917898009083,0.2567626905141699,0.21601448615567156,0.21318248615049953,0.007267448594044795,6.594831414189819,0.000999000999000999,1,0.0006094613597989389,0.0010095765632340725,350,386,175,16,10,0,100,1000,
trial_by_trial,Nielsen,svm,top_ten,mean_removed,occupancy,4,16,0.0035023887268991593,0.005197960213222956,-0.003478580951263168,-0.003534111081609328,0.007856520486497306,5.604531648448377,0.002997002997002997,0,0.0004210784582775721,0.0013266839219791447,350,386,175,16,10,0,100,1000,
trial_by_trial,Nielsen,svm,top_ten,no_origin,occupancy,4,16,0.06419430156132916,0.0796060999001209,0.0664360827998976,0.06430210167742832,0.0065311084920620655,4.001541280765347,0.000999000999000999,1,0.0010055633827863607,0.0013808542063119419,350,386,175,15,10,32,100,1000,
trial_by_trial,Nielsen,svm,top_ten,full,occupancy_bin,4,16,0.2189596362426039,0.2452828236907203,0.22810191934103824,0.22440012757290578,0.005870206509690085,5.267213055349728,0.000999000999000999,1,0.0005980156703972605,0.0010009450508059552,350,386,175,16,10,0,100,1000,
trial_by_trial,Nielsen,svm,top_ten,mean_removed,occupancy_bin,4,16,0.004264151998052233,0.005299550711991838,-0.0019800594557037887,-0.002300185600540253,0.006921973883144056,4.68491088295817,0.000999000999000999,1,0.0006673374131458311,0.0013350598605301304,350,386,175,16,10,0,100,1000,
trial_by_trial,Nielsen,svm,top_ten,no_origin,occupancy_bin,4,16,0.08846840417999516,0.09848892458089331,0.08767253936233604,0.08459460966279705,0.0073450898678776855,4.842186125264353,0.000999000999000999,1,0.0008654507719074896,0.0013381639879892985,350,386,175,15,10,32,100,1000,
trial_by_trial,Nielsen,svm,top_ten,full,occupancy,4,20,0.1520496328395782,0.2033660625793409,0.1734996438583693,0.1705951550593209,0.0056604482506144305,5.154241938038632,0.000999000999000999,1,0.00046654961172273624,0.0010076939928955204,350,386,175,20,10,0,100,1000,
trial_by_trial,Nielsen,svm,top_ten,mean_removed,occupancy,4,20,0.0025131894576254543,0.004698130928416607,-0.002855277439864275,-0.0028626739711963382,0.006464635898551337,4.9606502460227535,0.000999000999000999,1,0.00036509837353153503,0.0012295842727291977,350,386,175,20,10,0,100,1000,
trial_by_trial,Nielsen,svm,top_ten,no_origin,occupancy,4,20,0.06691531739435262,0.07747928226513116,0.06754485410823668,0.06661240752848459,0.005118669011381263,4.006557770690744,0.000999000999000999,1,0.0005534897318467987,0.0011394267949735347,350,386,175,19,10,13,100,1000,
trial_by_trial,Nielsen,svm,top_ten,full,occupancy_bin,4,20,0.18893383278560172,0.2061405376266631,0.19377433044196007,0.19090664396615203,0.005196698002076339,4.9402570703543685,0.000999000999000999,1,0.0005097657189459011,0.0009487223471134551,350,386,175,20,10,0,100,1000,
trial_by_trial,Nielsen,svm,top_ten,mean_removed,occupancy_bin,4,20,0.003910399146252279,0.003024405065551275,-0.0028807679688755243,-0.00314097155859186,0.0064782718696354685,4.872836226040487,0.000999000999000999,1,0.000596011336161556,0.0012071533416286497,350,386,175,20,10,0,100,1000,
trial_by_trial,Nielsen,svm,top_ten,no_origin,occupancy_bin,4,20,0.08623749564182041,0.09700392162576663,0.08520888342875674,0.08428252995381459,0.006875001942507841,5.419519246411854,0.000999000999000999,1,0.0005982704734114959,0.0011581712664369692,350,386,175,19,10,13,100,1000,
trial_by_trial,Nielsen,svm,top_ten,full,occupancy,4,25,0.1638336006716516,0.210055014333226,0.18401675789867705,0.1813906156963315,0.004240620704934528,4.3505925046746645,0.001998001998001998,0,0.0003013284272084097,0.0009054611006416694,350,386,175,25,10,0,100,1000,
trial_by_trial,Nielsen,svm,top_ten,mean_removed,occupancy,4,25,0.00185208137125075,0.0034503504706691317,-0.0026202402776480177,-0.0024636243949459416,0.0051931482572569205,4.519527205498761,0.002997002997002997,0,0.0001579235861389153,0.0011141042950226767,350,386,175,25,10,0,100,1000,
trial_by_trial,Nielsen,svm,top_ten,no_origin,occupancy,4,25,0.07942155266621317,0.08606808773471673,0.07996926424172168,0.07913829530512803,0.00319104042704009,2.868987214666901,0.00999000999000999,0,0.0003223871809553558,0.0009998835935620559,350,386,175,24,10,11,100,1000,
trial_by_trial,Nielsen,svm,top_ten,full,occupancy_bin,4,25,0.2035675459278667,0.21525439375513106,0.20651799232128926,0.2037606320580549,0.004271657651826799,4.485703449217292,0.000999000999000999,1,0.00040088099718664743,0.0008629140776828573,350,386,175,25,10,0,100,1000,
trial_by_trial,Nielsen,svm,top_ten,mean_removed,occupancy_bin,4,25,0.003134185304730286,0.00222326471474794,-0.0026099171340425793,-0.0027419339923706572,0.0053546505729457315,4.350710215052567,0.000999000999000999,1,0.00047047619474334054,0.0011226154206511265,350,386,175,25,10,0,100,1000,
trial_by_trial,Nielsen,svm,top_ten,no_origin,occupancy_bin,4,25,0.10040307724858946,0.10501762729187039,0.09766512437758162,0.09699668830168508,0.0053794459305965825,4.676928329635298,0.000999000999000999,1,0.00046385866208755697,0.0010510289921189231,350,386,175,24,10,11,100,1000,
trial_by_trial,Nielsen,svm,top_ten,full,occupancy,4,30,0.1004221403894328,0.12416221204846084,0.10875907088123846,0.10750799589137496,0.004158642832640114,4.3202242398328545,0.001998001998001998,0,0.0003795365036955024,0.0008747477258474022,350,386,175,30,10,0,100,1000,
trial_by_trial,Nielsen,svm,top_ten,mean_removed,occupancy,4,30,0.0020215155676993053,0.002292988682039244,-0.0023453705743267327,-0.002299461737117803,0.004479668280591542,4.200938601334451,0.001998001998001998,0,0.00029548422807388225,0.0009960117129987405,350,386,175,30,10,0,100,1000,
trial_by_trial,Nielsen,svm,top_ten,no_origin,occupancy,4,30,0.08473019027154428,0.0970094847342503,0.08759070338847001,0.0863802283721623,0.003884371622581123,3.6120578984697564,0.004995004995004995,0,0.0004607580220325801,0.0009478291037358378,350,386,175,29,10,1,100,1000,
trial_by_trial,Nielsen,svm,top_ten,full,occupancy_bin,4,30,0.14451199149311972,0.1526894535825355,0.14454166019618098,0.14393431319588315,0.004362735841795556,4.230102491824561,0.000999000999000999,1,0.0005012093930219191,0.0009128682948549678,350,386,175,30,10,0,100,1000,
trial_by_trial,Nielsen,svm,top_ten,mean_removed,occupancy_bin,4,30,0.002214480277576746,0.0012388036213973998,-0.003256902650268153,-0.0031895115572234934,0.0049498490532328965,4.017279979630165,0.001998001998001998,0,0.0005399145910418019,0.0010977413783833602,350,386,175,30,10,0,100,1000,
trial_by_trial,Nielsen,svm,top_ten,no_origin,occupancy_bin,4,30,0.12556656395688148,0.1259249274252936,0.12129728450985015,0.12087251005085671,0.004660848410734109,4.080161630832713,0.001998001998001998,0,0.0005802110935347002,0.0010001165851771902,350,386,175,29,10,1,100,1000,
trial_by_trial,Nielsen,svm,top_ten,full,occupancy,5,2,0.7568693553410152,0.6910479429522954,0.7207251736722543,0.7295678316747143,-0.0011878535268289303,-0.3976776043762777,0.6843156843156843,0,0.00019481056770984917,0.003476846770658273,80,787,40,2,10,11,100,1000,
trial_by_trial,Nielsen,svm,top_ten,mean_removed,occupancy,5,2,-0.006975,-0.0028250000000000007,0.0030750000000000005,0.00375,-0.0083125,-0.8768532188276185,0.2127872127872128,0,0.00025064999999999994,0.009765773582321124,80,787,40,2,10,0,100,1000,
trial_by_trial,Nielsen,svm,top_ten,no_origin,occupancy,5,2,nan,nan,nan,nan,nan,nan,0.000999000999000999,1,nan,nan,80,787,40,1,10,867,100,1000,
trial_by_trial,Nielsen,svm,top_ten,full,occupancy_bin,5,2,0.8683050486741744,0.8938241577984052,0.8942840478175031,0.870328513814112,-0.0012416775795177637,-0.7373112646449934,0.2047952047952048,0,0.00037516689253494484,0.0021928926758377956,80,787,40,2,10,199,100,1000,
trial_by_trial,Nielsen,svm,top_ten,mean_removed,occupancy_bin,5,2,0.19149999999999995,0.2588749999999999,0.22789999999999996,0.2310499999999999,-0.0042875,-0.6253590975556351,0.42857142857142855,0,0.0016656500000000025,0.009519570472820026,80,787,40,2,10,0,100,1000,
trial_by_trial,Nielsen,svm,top_ten,no_origin,occupancy_bin,5,2,nan,nan,nan,nan,nan,nan,0.000999000999000999,1,nan,nan,80,787,40,1,10,867,100,1000,
trial_by_trial,Nielsen,svm,top_ten,full,occupancy,5,3,0.7407555869416289,0.680537885575354,0.709698497709322,0.7128787824763501,-0.0006419038343445926,-0.3559584096375876,0.7172827172827173,0,0.0004134876641120464,0.0029649292442090803,80,787,40,3,10,7,100,1000,
trial_by_trial,Nielsen,svm,top_ten,mean_removed,occupancy,5,3,0.0044436222457937226,0.012504888078988176,0.007228173644992794,0.00902647362687512,0.00034693152645699256,-0.0046749755743294525,0.997002997002997,0,0.000384682076168873,0.008075026085520267,80,787,40,3,10,0,100,1000,
trial_by_trial,Nielsen,svm,top_ten,no_origin,occupancy,5,3,-0.011837116042998405,-0.007132585154640947,-0.006802918020767461,-0.0075600389733908955,-0.0023033721017404977,-0.03033041476331378,0.9690309690309691,0,-0.0017125117590767994,0.01948078677045903,80,787,40,2,10,470,100,1000,
trial_by_trial,Nielsen,svm,top_ten,full,occupancy_bin,5,3,0.5945743015282489,0.5597020888581478,0.582503237219919,0.5737838563292107,-0.0010053515813664982,-0.33944128920034017,0.7412587412587412,0,0.0002941155975176837,0.0038282531330984574,80,787,40,3,10,30,100,1000,
trial_by_trial,Nielsen,svm,top_ten,mean_removed,occupancy_bin,5,3,0.1769098114706971,0.14367913461598084,0.16402552334964124,0.15934197656827118,-0.0013892769156172435,-0.32504708440812763,0.7322677322677322,0,0.0011220741435785438,0.007726114706639075,80,787,40,3,10,0,100,1000,
trial_by_trial,Nielsen,svm,top_ten,no_origin,occupancy_bin,5,3,-0.010412525125373419,-0.011688571879099895,-0.004084841011399884,-0.005221907082029397,-0.006397174455522016,-0.2476012977584647,0.7882117882117882,0,-0.0012226318869958772,0.020898689204666084,80,787,40,2,10,494,100,1000,
trial_by_trial,Nielsen,svm,top_ten,full,occupancy,5,4,0.6271308119039699,0.536244945338002,0.5790122632312587,0.5829947526678678,0.000684370671422796,-0.0627240225509815,0.954045954045954,0,0.0008887726843669856,0.003258751665329717,80,787,40,4,10,5,100,1000,
trial_by_trial,Nielsen,svm,top_ten,mean_removed,occupancy,5,4,-0.0017418635460105685,0.0017489752267050751,-0.0007535313694920076,0.0017882952834834818,-0.0005138261166484838,-0.24017187808373108,0.8231768231768232,0,0.0010660237495847067,0.00657799688638987,80,787,40,4,10,0,100,1000,
trial_by_trial,Nielsen,svm,top_ten,no_origin,occupancy,5,4,0.10741407976928502,0.10078666380121919,0.10988162072294001,0.1019666385116386,-0.0018237578320371983,-0.49394648345281317,0.6183816183816184,0,0.004302932589204081,0.012403551045477914,80,787,40,3,10,247,100,1000,
trial_by_trial,Nielsen,svm,top_ten,full,occupancy_bin,5,4,0.4578437972047372,0.41726642399107483,0.4429457733639588,0.43634102473038694,-0.0020882884492668397,-0.7635495751358454,0.4145854145854146,0,0.0016048215223524774,0.004836765145160698,80,787,40,4,10,16,100,1000,
trial_by_trial,Nielsen,svm,top_ten,mean_removed,occupancy_bin,5,4,0.0222710376241745,0.015496666963573427,0.022870255352155765,0.023614248857289924,-0.0043583998108488835,-0.8422558526823972,0.34565434565434566,0,0.0022630858786675512,0.007861608403703552,80,787,40,4,10,0,100,1000,
trial_by_trial,Nielsen,svm,top_ten,no_origin,occupancy_bin,5,4,0.17059651745791432,0.13100262691254957,0.16077330437101175,0.14601025571911433,-0.0025922078598311082,-0.5464710621357128,0.5714285714285714,0,0.004194827342549575,0.012419752247915304,80,787,40,3,10,258,100,1000,
trial_by_trial,Nielsen,svm,top_ten,full,occupancy,5,5,0.6429120127665222,0.5392544344285795,0.5831160819597181,0.5944423950970803,0.0023039850691516373,0.5627107373987915,0.5614385614385614,0,0.0007559468481504084,0.0027510372881051647,80,787,40,5,10,0,100,1000,
trial_by_trial,Nielsen,svm,top_ten,mean_removed,occupancy,5,5,0.016346604279560372,-0.0005949517391484541,0.0012214333216775217,0.0060078943763255096,0.0042611624212044435,0.5828594445340423,0.5344655344655345,0,0.0007595047124015217,0.0060077223447966375,80,787,40,5,10,0,100,1000,
trial_by_trial,Nielsen,svm,top_ten,no_origin,occupancy,5,5,0.060079630189162396,0.07854942174024675,0.07349112664207094,0.06604887168388199,-0.0004554731982718968,-0.3836279235581488,0.7002997002997003,0,0.003169238451926005,0.00944850837910521,80,787,40,4,10,228,100,1000,
trial_by_trial,Nielsen,svm,top_ten,full,occupancy_bin,5,5,0.4730202757813705,0.4165269273671736,0.4459083101012032,0.44385831306300383,-0.0001097100078314428,-0.3365282456733992,0.7362637362637363,0,0.0011631381205875707,0.0037822921100486564,80,787,40,5,10,1,100,1000,
trial_by_trial,Nielsen,svm,top_ten,mean_removed,occupancy_bin,5,5,0.0599063371430387,0.017542382256792156,0.03028747819261469,0.03744787800291439,0.004856681602150893,0.39909225022501943,0.6843156843156843,0,0.00203058671893421,0.007081307345916267,80,787,40,5,10,0,100,1000,
trial_by_trial,Nielsen,svm,top_ten,no_origin,occupancy_bin,5,5,0.10712057926631584,0.10488083465206746,0.11586593101218963,0.10303105210385098,-0.0034477845988286626,-0.6682017623188741,0.4835164835164835,0,0.002659556525826571,0.009139965604790991,80,787,40,4,10,229,100,1000,
trial_by_trial,Nielsen,svm,top_ten,full,occupancy,5,6,0.6457293105108804,0.5599751815010151,0.5946594905200139,0.6072476475975317,0.0018986769471749376,0.5011345272172936,0.6033966033966034,0,0.0006557428709266518,0.0024802403521267365,80,787,40,6,10,0,100,1000,
trial_by_trial,Nielsen,svm,top_ten,mean_removed,occupancy,5,6,0.02592874180885861,0.002411155135305374,0.005708437992035405,0.011289023093699639,0.00567121792921447,0.8669506544719315,0.30569430569430567,0,0.0007093245107976131,0.005723386207533572,80,787,40,6,10,0,100,1000,
trial_by_trial,Nielsen,svm,top_ten,no_origin,occupancy,5,6,0.08304567006109975,0.1226259550802202,0.1081554518479144,0.10237523432998825,-0.0024295305182913535,-0.629577396714354,0.5144855144855145,0,0.0027287757703302073,0.008193283805202968,80,787,40,5,10,222,100,1000,
trial_by_trial,Nielsen,svm,top_ten,full,occupancy_bin,5,6,0.4875522146546898,0.4496125892719307,0.4692927957142627,0.4680973624808435,-0.00011267713424284453,-0.33298997040451356,0.7502497502497503,0,0.0009845863424648336,0.003295184762996709,80,787,40,6,10,0,100,1000,
trial_by_trial,Nielsen,svm,top_ten,mean_removed,occupancy_bin,5,6,0.05442831285730706,0.015983938873057907,0.02841904060187663,0.03425698129306056,0.00386811491771389,0.2886913573301363,0.7522477522477522,0,0.0019122194423732378,0.006775039936869207,80,787,40,6,10,0,100,1000,
trial_by_trial,Nielsen,svm,top_ten,no_origin,occupancy_bin,5,6,0.12363034709255166,0.1501759348505157,0.1468296915011341,0.13583001349492282,-0.004426711526494792,-0.8436086756068961,0.34765234765234765,0,0.0022687601936103594,0.00793670325318596,80,787,40,5,10,222,100,1000,
trial_by_trial,Nielsen,svm,top_ten,full,occupancy,5,8,0.4481122916289573,0.44402728876405634,0.4409672405019514,0.4524943391300677,-0.0006609996195027223,-0.40950155735954724,0.6743256743256744,0,0.0004104793888203107,0.0026165444039624535,80,787,40,8,10,1,100,1000,
trial_by_trial,Nielsen,svm,top_ten,mean_removed,occupancy,5,8,0.006792595062682411,0.002380698660473762,0.001561939314102674,0.0027991531382628187,0.00240610063539534,0.40244789357163047,0.6433566433566433,0,0.0003466460033472241,0.005117319943635287,80,787,40,8,10,0,100,1000,
trial_by_trial,Nielsen,svm,top_ten,no_origin,occupancy,5,8,0.1272514667824202,0.13937670198981134,0.13353325336303098,0.13367460336099107,-0.00028984397589526534,-0.19982264132763777,0.8631368631368631,0,0.000753874267027683,0.005223223134217424,80,787,40,7,10,138,100,1000,
trial_by_trial,Nielsen,svm,top_ten,full,occupancy_bin,5,8,0.4072804219150389,0.39924693821690804,0.4046826087794564,0.40436061982892013,-0.0012579342382147973,-0.5899475772566369,0.5674325674325674,0,0.00036429491892275406,0.002749785268516926,80,787,40,8,10,1,100,1000,
trial_by_trial,Nielsen,svm,top_ten,mean_removed,occupancy_bin,5,8,0.016392565348970888,0.007917718504177768,0.012900387200511588,0.01372215756238151,-0.0011561304548722198,-0.3805438228454166,0.7192807192807192,0,0.0007002561246190743,0.004878246519968845,80,787,40,8,10,0,100,1000,
trial_by_trial,Nielsen,svm,top_ten,no_origin,occupancy_bin,5,8,0.1553932279069208,0.17327139147991738,0.16822573462174695,0.1657660486231191,-0.0026635819290139195,-0.6372171677774987,0.5264735264735265,0,0.0005564373332411686,0.005053252525329705,80,787,40,7,10,138,100,1000,
trial_by_trial,Nielsen,svm,top_ten,full,occupancy,5,10,0.44653663282861783,0.422506274441776,0.4281002290317308,0.44074220273995546,0.00010023774935374874,-0.16321580799115915,0.8891108891108891,0,0.0005009131353521785,0.0024548810003754847,80,787,40,10,10,1,100,1000,
trial_by_trial,Nielsen,svm,top_ten,mean_removed,occupancy,5,10,0.011344411601883453,0.0013394938849004897,0.0033861982806647857,0.0050002475845381845,0.0021487298107904862,0.3871975891334087,0.6773226773226774,0,0.0003570226487055144,0.004627371689206568,80,787,40,10,10,0,100,1000,
trial_by_trial,Nielsen,svm,top_ten,no_origin,occupancy,5,10,0.1606232289131599,0.13451176407185045,0.14413395692141792,0.13995347139881262,0.005523782332389898,1.0536826908301802,0.26073926073926074,0,0.0008145549711327092,0.004469303142435473,80,787,40,9,10,126,100,1000,
trial_by_trial,Nielsen,svm,top_ten,full,occupancy_bin,5,10,0.40553593537781024,0.3803598336366914,0.3918558177438042,0.3919915176232071,0.0010242168237452054,0.22741727855091814,0.8271728271728271,0,0.0004450801345586646,0.002546581741179677,80,787,40,10,10,1,100,1000,
trial_by_trial,Nielsen,svm,top_ten,mean_removed,occupancy_bin,5,10,0.020776750995503645,0.007096003834196716,0.009261783198195478,0.010459031804462946,0.004075969913520968,0.7863364338206886,0.4125874125874126,0,0.0007009687776252351,0.0042920574333521816,80,787,40,10,10,0,100,1000,
trial_by_trial,Nielsen,svm,top_ten,no_origin,occupancy_bin,5,10,0.1861793070610659,0.16101925658111438,0.1718687343231656,0.1660572559843386,0.004636286667338035,0.862859460488551,0.3726273726273726,0,0.0007713101183494755,0.004479265426145076,80,787,40,9,10,126,100,1000,
trial_by_trial,Nielsen,svm,top_ten,full,occupancy,5,12,0.42472147933257803,0.4248682910456113,0.4200729516287026,0.4309836404075435,-0.0007334108290283359,-0.4615105844201904,0.6503496503496503,0,0.00034286685894637333,0.0023320758489794318,80,787,40,12,10,0,100,1000,
trial_by_trial,Nielsen,svm,top_ten,mean_removed,occupancy,5,12,0.010470296901905011,0.00041177828823271077,0.001711324042227011,0.004216979821989388,0.002476885662960661,0.5131858499878659,0.5594405594405595,0,0.00018725109960332593,0.00446160891499926,80,787,40,12,10,0,100,1000,
trial_by_trial,Nielsen,svm,top_ten,no_origin,occupancy,5,12,0.15064339471724303,0.13984796036329716,0.14294531215613854,0.1389658254258409,0.004290108749280375,0.9836201150493914,0.2887112887112887,0,0.00039677164733985254,0.003958171495654115,80,787,40,11,10,111,100,1000,
trial_by_trial,Nielsen,svm,top_ten,full,occupancy_bin,5,12,0.41547346733097784,0.3845127797391856,0.3991265826357753,0.3978412055514934,0.0015092294414473795,0.5308339698984843,0.6033966033966034,0,0.00025764453535181964,0.002357770936051644,80,787,40,12,10,0,100,1000,
trial_by_trial,Nielsen,svm,top_ten,mean_removed,occupancy_bin,5,12,0.01949653660784669,0.005510832751651232,0.008432303879879146,0.009588493344013852,0.0034932860678024615,0.7615008690785693,0.44655344655344653,0,0.00041025815206096385,0.004048620350850053,80,787,40,12,10,0,100,1000,
trial_by_trial,Nielsen,svm,top_ten,no_origin,occupancy_bin,5,12,0.19429247954009912,0.1662404781319003,0.17872635355793165,0.17209408983222813,0.004856257140919834,1.1515613966125593,0.21578421578421578,0,0.00034094555861306536,0.003921034167686621,80,787,40,11,10,111,100,1000,
trial_by_trial,Nielsen,svm,top_ten,full,occupancy,5,14,0.2351613797657282,0.23400990646270994,0.2300419188218158,0.23723743370128086,0.0009459668526707599,0.21039356596619513,0.8211788211788211,0,0.00036715651035777215,0.00275108385399004,80,787,40,14,10,0,100,1000,
trial_by_trial,Nielsen,svm,top_ten,mean_removed,occupancy,5,14,0.009724682435930372,0.0017174650076800236,0.0017004994314057632,0.0042438694647882365,0.0027488892737081976,0.5781286562564341,0.5014985014985015,0,0.00037171702150150525,0.004111839512678086,80,787,40,14,10,0,100,1000,
trial_by_trial,Nielsen,svm,top_ten,no_origin,occupancy,5,14,0.19829331243152556,0.15951396132871964,0.17282495800962977,0.17695821429113864,0.004012050729738426,1.2186171121522729,0.18681318681318682,0,0.00031329215042078505,0.0030352097820003864,80,787,40,13,10,17,100,1000,
trial_by_trial,Nielsen,svm,top_ten,full,occupancy_bin,5,14,0.2661606370126701,0.24965590348000702,0.2554484229511571,0.25554614765277806,0.002410984944370975,0.8412449094709696,0.36663336663336665,0,0.00021463388606956065,0.0026108342928132843,80,787,40,14,10,0,100,1000,
trial_by_trial,Nielsen,svm,top_ten,mean_removed,occupancy_bin,5,14,0.019148592424762287,0.0036924832296640108,0.006245998244748914,0.008379235587639103,0.00410792091101914,1.0541598657792857,0.23276723276723277,0,0.00031453578573052763,0.003598491318472231,80,787,40,14,10,0,100,1000,
trial_by_trial,Nielsen,svm,top_ten,no_origin,occupancy_bin,5,14,0.22929826131235004,0.1846295437536676,0.20323455716692188,0.2033272470995235,0.0036830003997861405,1.11732438796797,0.21578421578421578,0,0.00023561500323654469,0.0030853934933069956,80,787,40,13,10,17,100,1000,
trial_by_trial,Nielsen,svm,top_ten,full,occupancy,5,16,0.24998941219418797,0.2490185170203162,0.2445177842696541,0.25141470218718676,0.0015377213788316524,0.40224132509483324,0.6773226773226774,0,0.00046695297856408043,0.002662004954401752,80,787,40,16,10,0,100,1000,
trial_by_trial,Nielsen,svm,top_ten,mean_removed,occupancy,5,16,0.009875848263627212,0.0012717368092384602,0.0011813070281153455,0.003916330759548597,0.0030249736426008647,0.6180303375186909,0.4905094905094905,0,0.0004896459960711728,0.004102270540162629,80,787,40,16,10,0,100,1000,
trial_by_trial,Nielsen,svm,top_ten,no_origin,occupancy,5,16,0.21230234369813125,0.17248328385691394,0.18562078519275388,0.18999039566119819,0.004587223350546565,1.3900269477930012,0.12487512487512488,0,0.0004321959707744081,0.0029891703800197927,80,787,40,15,10,19,100,1000,
trial_by_trial,Nielsen,svm,top_ten,full,occupancy_bin,5,16,0.2840934063087472,0.2669618249879079,0.2718866114824125,0.2733091114587339,0.002929754177754318,1.0168154102723914,0.2707292707292707,0,0.0003453157151877181,0.0025416987552089347,80,787,40,16,10,0,100,1000,
trial_by_trial,Nielsen,svm,top_ten,mean_removed,occupancy_bin,5,16,0.01880114105177047,0.003401888117018976,0.005373690079240578,0.00803010467214299,0.004399617208702939,1.0881871926448465,0.22577422577422576,0,0.00046322829196646375,0.0036173821409982367,80,787,40,16,10,0,100,1000,
trial_by_trial,Nielsen,svm,top_ten,no_origin,occupancy_bin,5,16,0.24456061701174053,0.20093053111954925,0.21850311092265906,0.21906152115145286,0.003963258028588934,1.1679034609856083,0.17882117882117882,0,0.0003904445392148874,0.0030591685089783917,80,787,40,15,10,19,100,1000,
trial_by_trial,Nielsen,svm,top_ten,full,occupancy,5,20,0.18386478712140314,0.20568144319795476,0.1943716579751271,0.19850802024020286,-0.0016667239479860596,-0.759515134043574,0.43356643356643354,0,0.00021808535952123486,0.002481595458766937,80,787,40,20,10,0,100,1000,
trial_by_trial,Nielsen,svm,top_ten,mean_removed,occupancy,5,20,-0.0016362072395340863,-0.0011264743577431486,0.0002837109424393095,0.0016946046293070704,-0.0023704985845118074,-0.7057153556183098,0.41858141858141856,0,0.00019656775728349823,0.0036375378845854654,80,787,40,20,10,0,100,1000,
trial_by_trial,Nielsen,svm,top_ten,no_origin,occupancy,5,20,0.1417894268795775,0.14053588343051263,0.13893505769247952,0.14311623431098552,0.0001370091533125506,-0.0422684278554554,0.9690309690309691,0,0.00025214271458590587,0.0027238666568597135,80,787,40,19,10,9,100,1000,
trial_by_trial,Nielsen,svm,top_ten,full,occupancy_bin,5,20,0.21295532185720611,0.22542325409579042,0.21840251092457447,0.21856695669079834,0.0007045541688118773,0.20243633390134408,0.8291708291708292,0,0.0002172152623410182,0.002407368761718241,80,787,40,20,10,0,100,1000,
trial_by_trial,Nielsen,svm,top_ten,mean_removed,occupancy_bin,5,20,0.004277377588895682,0.00031347479920006615,0.00048683531359623397,0.001023482231998157,0.0015402674212506783,0.39137343580429307,0.6933066933066933,0,0.00027096721608509843,0.0032431945784902366,80,787,40,20,10,0,100,1000,
trial_by_trial,Nielsen,svm,top_ten,no_origin,occupancy_bin,5,20,0.1769980350512756,0.16685394067469,0.16986855118299599,0.1710319898318458,0.0014757173555619008,0.4246886544020545,0.6813186813186813,0,0.00029951745061576694,0.0027695581051068543,80,787,40,19,10,9,100,1000,
trial_by_trial,Nielsen,svm,top_ten,full,occupancy,5,25,0.1567466405488144,0.17299546973534022,0.16350026844732685,0.1673126721730392,-0.0005354151681057073,-0.3154368131696288,0.7452547452547452,0,0.00020700422475975134,0.0023536231722776644,80,787,40,25,10,0,100,1000,
trial_by_trial,Nielsen,svm,top_ten,mean_removed,occupancy,5,25,-0.0027681537300668292,0.0001404723615282687,-0.0010571577369375786,-0.00038344761483538934,-0.0005935380083827963,-0.23514085654135625,0.7982017982017982,0,0.00011572898397655849,0.003016349445995192,80,787,40,25,10,0,100,1000,
trial_by_trial,Nielsen,svm,top_ten,no_origin,occupancy,5,25,0.11498010567949493,0.12046859604380812,0.11458575555122584,0.1195244101460211,0.0006692680130280654,0.1152096408050346,0.8961038961038961,0,0.00036352539765217254,0.0026537936689976387,80,787,40,24,10,7,100,1000,
trial_by_trial,Nielsen,svm,top_ten,full,occupancy_bin,5,25,0.17640857608864113,0.18912026196419018,0.1828885842599202,0.18227939399735887,0.00018042989777611318,-0.05773548189019292,0.952047952047952,0,0.000320097668843366,0.0024190976933887356,80,787,40,25,10,0,100,1000,
trial_by_trial,Nielsen,svm,top_ten,mean_removed,occupancy_bin,5,25,-5.171354574592881e-05,0.0010413373374817065,0.0002262486074669239,-0.00022683473468374467,0.0004951049594762992,0.02268764771247312,0.9820179820179821,0,0.00042507200584539386,0.003086831853105817,80,787,40,25,10,0,100,1000,
trial_by_trial,Nielsen,svm,top_ten,no_origin,occupancy_bin,5,25,0.13498998522659078,0.13898133880446015,0.1349992524029698,0.13652929203096925,0.0012213897985559607,0.2763321642158188,0.7792207792207793,0,0.0004665694059528708,0.002731569069221946,80,787,40,24,10,7,100,1000,
trial_by_trial,Nielsen,svm,top_ten,full,occupancy,5,30,0.15211245892009237,0.15051736759625933,0.14937080028977967,0.15466811028087554,-0.0007045420271517555,-0.36774713074379517,0.6893106893106893,0,0.000131163757235656,0.002272501168662108,80,787,40,30,10,0,100,1000,
trial_by_trial,Nielsen,svm,top_ten,mean_removed,occupancy,5,30,-0.0002095596982114626,-0.0008755629634258563,-0.0008862658721633138,0.0010267119185628074,-0.0006127843540184063,-0.24160825443964712,0.7892107892107892,0,6.606277101647891e-05,0.002809701707457428,80,787,40,30,10,0,100,1000,
trial_by_trial,Nielsen,svm,top_ten,no_origin,occupancy,5,30,0.15065124386563297,0.14582466405479022,0.1444376074986503,0.15162172900847348,0.00020828570664971346,0.0004765398997901815,1.0,0,0.00020718696531793024,0.0023056649238961924,80,787,40,29,10,0,100,1000,
trial_by_trial,Nielsen,svm,top_ten,full,occupancy_bin,5,30,0.16017065840714687,0.16886225100775804,0.16371649261377708,0.16527209447027708,2.2161165425388374e-05,-0.051987662935346145,0.9600399600399601,0,0.0001328401530822387,0.0021289471656861163,80,787,40,30,10,0,100,1000,
trial_by_trial,Nielsen,svm,top_ten,mean_removed,occupancy_bin,5,30,0.0021859160271678647,-0.00024413889537635032,0.000564640234275337,0.0014666196422757724,-4.474137237979762e-05,-0.06386221104899238,0.9590409590409591,0,0.00012117828527843182,0.0025980882110539973,80,787,40,30,10,0,100,1000,
trial_by_trial,Nielsen,svm,top_ten,no_origin,occupancy_bin,5,30,0.16071782035857254,0.16079260862224465,0.15851472763553726,0.16199721678186826,0.0004992422817058362,0.11855048277221461,0.9010989010989011,0,0.00023380496344249107,0.002239023511809412,80,787,40,29,10,0,100,1000,
